Sequence_ID,Prediction,Promoter_Score,Sigma70,Sigma24,Sigma32,Sigma38,Sigma28
ECK120016719,Non-promoter,0.0,0,0,0,0,0
ECK120009966,Non-promoter,0.0,0,0,0,0,0
ECK120010006,Non-promoter,0.0,0,0,0,0,0
ECK120016583,Non-promoter,0.0,0,0,0,0,0
ECK120016567,Non-promoter,0.0,0,0,0,0,0
ECK120009993,Non-promoter,0.0,0,0,0,0,0
ECK120010008,Non-promoter,0.0,0,0,0,0,0
ECK120016572,Non-promoter,0.0,0,0,0,0,0
ECK120009964,Non-promoter,0.0,0,0,0,0,0
ECK120016566,Non-promoter,0.0,0,0,0,0,0
ECK125135037,Non-promoter,0.0,0,0,0,0,0
ECK120033258,Non-promoter,0.0,0,0,0,0,0
ECK120034942,Non-promoter,0.0,0,0,0,0,0
ECK120010283,Non-promoter,0.0,0,0,0,0,0
ECK120009990,Non-promoter,0.0,0,0,0,0,0
ECK120016573,Non-promoter,0.0,0,0,0,0,0
ECK125108721,Non-promoter,0.0,0,0,0,0,0
ECK120016711,Non-promoter,0.0,0,0,0,0,0
ECK120010508,Non-promoter,0.0,0,0,0,0,0
ECK120016720,Non-promoter,0.0,0,0,0,0,0
ECK120010066,Non-promoter,0.0,0,0,0,0,0
ECK120016577,Non-promoter,0.0,0,0,0,0,0
ECK120016717,Non-promoter,0.0,0,0,0,0,0
ECK120033255,Non-promoter,0.0,0,0,0,0,0
ECK120009992,Non-promoter,0.0,0,0,0,0,0
ECK120010013,Non-promoter,0.0,0,0,0,0,0
ECK120016715,Non-promoter,0.0,0,0,0,0,0
ECK120030206,Non-promoter,0.0,0,0,0,0,0
ECK120016578,Non-promoter,0.0,0,0,0,0,0
ECK120009997,Non-promoter,0.0,0,0,0,0,0
ECK120009962,Non-promoter,0.0,0,0,0,0,0
ECK120016707,Non-promoter,0.0,0,0,0,0,0
ECK120030785,Non-promoter,0.0,0,0,0,0,0
ECK125165944,Non-promoter,0.0,0,0,0,0,0
ECK120016713,Non-promoter,0.0,0,0,0,0,0
ECK120016710,Non-promoter,0.0,0,0,0,0,0
ECK120009965,Non-promoter,0.0,0,0,0,0,0
ECK120009996,Non-promoter,0.0,0,0,0,0,0
ECK120016716,Non-promoter,0.0,0,0,0,0,0
ECK120033261,Non-promoter,0.0,0,0,0,0,0
ECK120010515,Non-promoter,0.0,0,0,0,0,0
ECK120010580,Non-promoter,0.0,0,0,0,0,0
ECK120010009,Non-promoter,0.0,0,0,0,0,0
ECK120016712,Non-promoter,0.0,0,0,0,0,0
ECK120030786,Non-promoter,0.0,0,0,0,0,0
ECK120009967,Non-promoter,0.0,0,0,0,0,0
ECK120033256,Non-promoter,0.0,0,0,0,0,0
ECK120009963,Non-promoter,0.0,0,0,0,0,0
ECK120016584,Non-promoter,0.0,0,0,0,0,0
ECK120016714,Non-promoter,0.0,0,0,0,0,0
ECK120009969,Non-promoter,0.0,0,0,0,0,0
ECK120016565,Non-promoter,0.0,0,0,0,0,0
ECK120009972,Non-promoter,0.0,0,0,0,0,0
ECK120010000,Non-promoter,0.0,0,0,0,0,0
ECK120010001,Non-promoter,0.0,0,0,0,0,0
ECK120010010,Non-promoter,0.0,0,0,0,0,0
ECK120010002,Non-promoter,0.0,0,0,0,0,0
ECK120016574,Non-promoter,0.0,0,0,0,0,0
ECK120016708,Non-promoter,0.0,0,0,0,0,0
ECK120033257,Non-promoter,0.0,0,0,0,0,0
ECK120016718,Non-promoter,0.0,0,0,0,0,0
ECK120010004,Non-promoter,0.0,0,0,0,0,0
ECK120016709,Non-promoter,0.0,0,0,0,0,0
ECK120009970,Non-promoter,0.0,0,0,0,0,0
ECK120010007,Non-promoter,0.0,0,0,0,0,0
ECK120010003,Non-promoter,0.0,0,0,0,0,0
ECK120016576,Non-promoter,0.0,0,0,0,0,0
ECK120010005,Non-promoter,0.0,0,0,0,0,0
ECK120009893,Non-promoter,0.0,0,0,0,0,0
ECK120010568,Non-promoter,0.0,0,0,0,0,0
ECK120009887,Non-promoter,0.0,0,0,0,0,0
ECK120010634,Non-promoter,0.0,0,0,0,0,0
ECK120015403,Non-promoter,0.0,0,0,0,0,0
ECK120009894,Non-promoter,0.0,0,0,0,0,0
ECK120034223,Non-promoter,0.0,0,0,0,0,0
ECK120009889,Non-promoter,0.0,0,0,0,0,0
ECK120015380,Non-promoter,0.0,0,0,0,0,0
ECK125136603,Non-promoter,0.0,0,0,0,0,0
ECK120016342,Non-promoter,0.0,0,0,0,0,0
ECK120016343,Non-promoter,0.0,0,0,0,0,0
ECK120033609,Non-promoter,0.0,0,0,0,0,0
ECK120010365,Non-promoter,0.0,0,0,0,0,0
ECK120033634,Non-promoter,0.0,0,0,0,0,0
ECK120033625,Non-promoter,0.0,0,0,0,0,0
ECK120010272,Non-promoter,0.0,0,0,0,0,0
ECK120010273,Non-promoter,0.0,0,0,0,0,0
ECK120010510,Non-promoter,0.0,0,0,0,0,0
ECK120009900,Non-promoter,0.0,0,0,0,0,0
ECK120010335,Non-promoter,0.0,0,0,0,0,0
ECK120033614,Non-promoter,0.0,0,0,0,0,0
ECK120010058,Non-promoter,0.0,0,0,0,0,0
ECK120010367,Non-promoter,0.0,0,0,0,0,0
ECK120033631,Non-promoter,0.0,0,0,0,0,0
ECK120033624,Non-promoter,0.0,0,0,0,0,0
ECK120033627,Non-promoter,0.0,0,0,0,0,0
ECK120010429,Non-promoter,0.0,0,0,0,0,0
ECK120010500,Non-promoter,0.0,0,0,0,0,0
ECK120010296,Non-promoter,0.0,0,0,0,0,0
ECK120010336,Non-promoter,0.0,0,0,0,0,0
ECK120010456,Non-promoter,0.0,0,0,0,0,0
ECK120033608,Non-promoter,0.0,0,0,0,0,0
ECK120033622,Non-promoter,0.0,0,0,0,0,0
ECK120016344,Non-promoter,0.0,0,0,0,0,0
ECK120010455,Non-promoter,0.0,0,0,0,0,0
ECK120010136,Non-promoter,0.0,0,0,0,0,0
ECK120033729,Non-promoter,0.0,0,0,0,0,0
ECK120033727,Non-promoter,0.0,0,0,0,0,0
ECK120010082,Non-promoter,0.0,0,0,0,0,0
ECK120033612,Non-promoter,0.0,0,0,0,0,0
ECK120033626,Non-promoter,0.0,0,0,0,0,0
ECK120033615,Non-promoter,0.0,0,0,0,0,0
ECK120033613,Non-promoter,0.0,0,0,0,0,0
ECK120009968,Non-promoter,0.0,0,0,0,0,0
ECK120010557,Non-promoter,0.0,0,0,0,0,0
ECK120033618,Non-promoter,0.0,0,0,0,0,0
ECK120033709,Non-promoter,0.0,0,0,0,0,0
ECK120033635,Non-promoter,0.0,0,0,0,0,0
ECK120010457,Non-promoter,0.0,0,0,0,0,0
ECK120033610,Non-promoter,0.0,0,0,0,0,0
ECK120010388,Non-promoter,0.0,0,0,0,0,0
ECK120033628,Non-promoter,0.0,0,0,0,0,0
ECK120033713,Non-promoter,0.0,0,0,0,0,0
ECK120010458,Non-promoter,0.0,0,0,0,0,0
ECK120009872,Non-promoter,0.0,0,0,0,0,0
ECK120009870,Non-promoter,0.0,0,0,0,0,0
ECK120011047,Non-promoter,0.0,0,0,0,0,0
ECK120010491,Non-promoter,0.0,0,0,0,0,0
ECK120010437,Non-promoter,0.0,0,0,0,0,0
ECK120033633,Non-promoter,0.0,0,0,0,0,0
ECK120033632,Non-promoter,0.0,0,0,0,0,0
ECK120016346,Non-promoter,0.0,0,0,0,0,0
ECK120033619,Non-promoter,0.0,0,0,0,0,0
ECK120033620,Non-promoter,0.0,0,0,0,0,0
ECK120033621,Non-promoter,0.0,0,0,0,0,0
ECK120033623,Non-promoter,0.0,0,0,0,0,0
ECK120033611,Non-promoter,0.0,0,0,0,0,0
ECK120033616,Non-promoter,0.0,0,0,0,0,0
ECK120033617,Non-promoter,0.0,0,0,0,0,0
ECK120010496,Non-promoter,0.0,0,0,0,0,0
ECK120010669,Non-promoter,0.0,0,0,0,0,0
ECK120011025,Non-promoter,0.0,0,0,0,0,0
ECK120010249,Non-promoter,0.0,0,0,0,0,0
ECK120010740,Non-promoter,0.0,0,0,0,0,0
ECK120026309,Non-promoter,0.0,0,0,0,0,0
ECK120010200,Non-promoter,0.0,0,0,0,0,0
ECK120015417,Non-promoter,0.0,0,0,0,0,0
ECK125138137,Non-promoter,0.0,0,0,0,0,0
ECK125138135,Non-promoter,0.0,0,0,0,0,0
ECK120034543,Non-promoter,0.0,0,0,0,0,0
ECK120034544,Non-promoter,0.0,0,0,0,0,0
ECK120009899,Non-promoter,0.0,0,0,0,0,0
ECK120010717,Non-promoter,0.0,0,0,0,0,0
ECK120010732,Non-promoter,0.0,0,0,0,0,0
ECK120010733,Non-promoter,0.0,0,0,0,0,0
ECK120033636,Non-promoter,0.0,0,0,0,0,0
ECK120010359,Non-promoter,0.0,0,0,0,0,0
ECK120010480,Non-promoter,0.0,0,0,0,0,0
ECK120009988,Non-promoter,0.0,0,0,0,0,0
ECK120034290,Non-promoter,0.0,0,0,0,0,0
ECK120034309,Non-promoter,0.0,0,0,0,0,0
ECK120010409,Non-promoter,0.0,0,0,0,0,0
ECK120010408,Non-promoter,0.0,0,0,0,0,0
ECK120034936,Non-promoter,0.0,0,0,0,0,0
ECK120015388,Non-promoter,0.0,0,0,0,0,0
ECK120010152,Non-promoter,0.0,0,0,0,0,0
ECK120017001,Non-promoter,0.0,0,0,0,0,0
ECK120010260,Non-promoter,0.0,0,0,0,0,0
ECK120010550,Non-promoter,0.0,0,0,0,0,0
ECK120010172,Non-promoter,0.0,0,0,0,0,0
ECK120010047,Non-promoter,0.0,0,0,0,0,0
ECK120010708,Non-promoter,0.0,0,0,0,0,0
ECK120010707,Non-promoter,0.0,0,0,0,0,0
ECK120010087,Non-promoter,0.0,0,0,0,0,0
ECK120010049,Non-promoter,0.0,0,0,0,0,0
ECK120009924,Non-promoter,0.0,0,0,0,0,0
ECK120010089,Non-promoter,0.0,0,0,0,0,0
ECK120010566,Non-promoter,0.0,0,0,0,0,0
ECK120010511,Non-promoter,0.0,0,0,0,0,0
ECK120009989,Non-promoter,0.0,0,0,0,0,0
ECK125138138,Non-promoter,0.0,0,0,0,0,0
ECK120030783,Non-promoter,0.0,0,0,0,0,0
ECK120010767,Non-promoter,0.0,0,0,0,0,0
ECK120010232,Non-promoter,0.0,0,0,0,0,0
ECK120010233,Non-promoter,0.0,0,0,0,0,0
ECK125138133,Non-promoter,0.0,0,0,0,0,0
ECK125138134,Non-promoter,0.0,0,0,0,0,0
ECK120022001,Non-promoter,0.0,0,0,0,0,0
ECK120010333,Non-promoter,0.0,0,0,0,0,0
ECK125134701,Non-promoter,0.0,0,0,0,0,0
ECK125141559,Non-promoter,0.0,0,0,0,0,0
ECK120015420,Non-promoter,0.0,0,0,0,0,0
ECK120010761,Non-promoter,0.0,0,0,0,0,0
ECK120009983,Non-promoter,0.0,0,0,0,0,0
ECK120011008,Non-promoter,0.0,0,0,0,0,0
ECK120010475,Non-promoter,0.0,0,0,0,0,0
ECK120010489,Non-promoter,0.0,0,0,0,0,0
ECK120010077,Non-promoter,0.0,0,0,0,0,0
ECK120010478,Non-promoter,0.0,0,0,0,0,0
ECK120010477,Non-promoter,0.0,0,0,0,0,0
ECK120015396,Non-promoter,0.0,0,0,0,0,0
ECK120011009,Non-promoter,0.0,0,0,0,0,0
ECK125137791,Non-promoter,0.0,0,0,0,0,0
ECK120009956,Non-promoter,0.0,0,0,0,0,0
ECK125122034,Non-promoter,0.0,0,0,0,0,0
ECK120010332,Non-promoter,0.0,0,0,0,0,0
ECK120015423,Non-promoter,0.0,0,0,0,0,0
ECK120010737,Non-promoter,0.0,0,0,0,0,0
ECK125138136,Non-promoter,0.0,0,0,0,0,0
ECK120010554,Non-promoter,0.0,0,0,0,0,0
ECK120049204,Non-promoter,0.0,0,0,0,0,0
ECK125138129,Non-promoter,0.0,0,0,0,0,0
ECK120034217,Non-promoter,0.0,0,0,0,0,0
ECK120034239,Non-promoter,0.0,0,0,0,0,0
ECK125241002,Non-promoter,0.0,0,0,0,0,0
ECK120029519,Non-promoter,0.0,0,0,0,0,0
ECK120010768,Non-promoter,0.0,0,0,0,0,0
ECK120016351,Non-promoter,0.0,0,0,0,0,0
ECK120016350,Non-promoter,0.0,0,0,0,0,0
ECK120030811,Non-promoter,0.0,0,0,0,0,0
ECK125230253,Non-promoter,0.0,0,0,0,0,0
ECK120032979,Non-promoter,0.0,0,0,0,0,0
ECK120034237,Non-promoter,0.0,0,0,0,0,0
ECK120010376,Non-promoter,0.0,0,0,0,0,0
ECK120009984,Non-promoter,0.0,0,0,0,0,0
ECK120034945,Non-promoter,0.0,0,0,0,0,0
ECK120010171,Non-promoter,0.0,0,0,0,0,0
ECK120010102,Non-promoter,0.0,0,0,0,0,0
ECK120015414,Non-promoter,0.0,0,0,0,0,0
ECK120033646,Non-promoter,0.0,0,0,0,0,0
ECK120034938,Non-promoter,0.0,0,0,0,0,0
ECK120010320,Non-promoter,0.0,0,0,0,0,0
ECK125138130,Non-promoter,0.0,0,0,0,0,0
ECK120009874,Non-promoter,0.0,0,0,0,0,0
ECK120034197,Non-promoter,0.0,0,0,0,0,0
ECK120010738,Non-promoter,0.0,0,0,0,0,0
ECK120034391,Non-promoter,0.0,0,0,0,0,0
ECK120010498,Non-promoter,0.0,0,0,0,0,0
ECK120010703,Non-promoter,0.0,0,0,0,0,0
ECK120034546,Non-promoter,0.0,0,0,0,0,0
ECK120015425,Non-promoter,0.0,0,0,0,0,0
ECK125109145,Non-promoter,0.0,0,0,0,0,0
ECK125138131,Non-promoter,0.0,0,0,0,0,0
ECK120020515,Non-promoter,0.0,0,0,0,0,0
ECK125095197,Non-promoter,0.0,0,0,0,0,0
ECK120034542,Non-promoter,0.0,0,0,0,0,0
ECK120010621,Non-promoter,0.0,0,0,0,0,0
ECK125138132,Non-promoter,0.0,0,0,0,0,0
ECK120015426,Non-promoter,0.0,0,0,0,0,0
ECK120015427,Non-promoter,0.0,0,0,0,0,0
ECK120033652,Non-promoter,0.0,0,0,0,0,0
ECK120015415,Non-promoter,0.0,0,0,0,0,0
ECK120009882,Non-promoter,0.0,0,0,0,0,0
ECK125095219,Non-promoter,0.0,0,0,0,0,0
ECK125145770,Non-promoter,0.0,0,0,0,0,0
ECK120015416,Non-promoter,0.0,0,0,0,0,0
ECK120011038,Non-promoter,0.0,0,0,0,0,0
ECK120032981,Non-promoter,0.0,0,0,0,0,0
ECK120010268,Non-promoter,0.0,0,0,0,0,0
ECK120010230,Non-promoter,0.0,0,0,0,0,0
ECK120010211,Non-promoter,0.0,0,0,0,0,0
ECK120010719,Non-promoter,0.0,0,0,0,0,0
ECK120010759,Non-promoter,0.0,0,0,0,0,0
ECK120010212,Non-promoter,0.0,0,0,0,0,0
ECK120010057,Non-promoter,0.0,0,0,0,0,0
ECK120010741,Non-promoter,0.0,0,0,0,0,0
ECK120010021,Non-promoter,0.0,0,0,0,0,0
ECK120009904,Non-promoter,0.0,0,0,0,0,0
ECK120010088,Non-promoter,0.0,0,0,0,0,0
ECK125199576,Non-promoter,0.0,0,0,0,0,0
ECK125199577,Non-promoter,0.0,0,0,0,0,0
ECK120010682,Non-promoter,0.0,0,0,0,0,0
ECK125095450,Non-promoter,0.0,0,0,0,0,0
ECK120010467,Non-promoter,0.0,0,0,0,0,0
ECK120010469,Non-promoter,0.0,0,0,0,0,0
ECK120010470,Non-promoter,0.0,0,0,0,0,0
ECK120010987,Non-promoter,0.0,0,0,0,0,0
ECK120010281,Non-promoter,0.0,0,0,0,0,0
ECK120010670,Non-promoter,0.0,0,0,0,0,0
ECK120010671,Non-promoter,0.0,0,0,0,0,0
ECK120010720,Non-promoter,0.0,0,0,0,0,0
ECK120010736,Non-promoter,0.0,0,0,0,0,0
ECK125158030,Non-promoter,0.0,0,0,0,0,0
ECK120009981,Non-promoter,0.0,0,0,0,0,0
ECK125134720,Non-promoter,0.0,0,0,0,0,0
ECK120010777,Non-promoter,0.0,0,0,0,0,0
ECK120010095,Non-promoter,0.0,0,0,0,0,0
ECK120010096,Non-promoter,0.0,0,0,0,0,0
ECK120010147,Non-promoter,0.0,0,0,0,0,0
ECK120051395,Non-promoter,0.0,0,0,0,0,0
ECK120010163,Non-promoter,0.0,0,0,0,0,0
ECK120010673,Non-promoter,0.0,0,0,0,0,0
ECK120010029,Non-promoter,0.0,0,0,0,0,0
ECK120009942,Non-promoter,0.0,0,0,0,0,0
ECK120010445,Non-promoter,0.0,0,0,0,0,0
ECK120011026,Non-promoter,0.0,0,0,0,0,0
ECK120030797,Non-promoter,0.0,0,0,0,0,0
ECK120010108,Non-promoter,0.0,0,0,0,0,0
ECK120010988,Non-promoter,0.0,0,0,0,0,0
ECK120010148,Non-promoter,0.0,0,0,0,0,0
ECK120010166,Non-promoter,0.0,0,0,0,0,0
ECK120010167,Non-promoter,0.0,0,0,0,0,0
ECK120010655,Non-promoter,0.0,0,0,0,0,0
ECK120010658,Non-promoter,0.0,0,0,0,0,0
ECK120010659,Non-promoter,0.0,0,0,0,0,0
ECK120010698,Non-promoter,0.0,0,0,0,0,0
ECK120010661,Non-promoter,0.0,0,0,0,0,0
ECK125137740,Non-promoter,0.0,0,0,0,0,0
ECK120010989,Non-promoter,0.0,0,0,0,0,0
ECK120010177,Non-promoter,0.0,0,0,0,0,0
ECK120010109,Non-promoter,0.0,0,0,0,0,0
ECK120010991,Non-promoter,0.0,0,0,0,0,0
ECK120010110,Non-promoter,0.0,0,0,0,0,0
ECK125137153,Non-promoter,0.0,0,0,0,0,0
ECK120010992,Non-promoter,0.0,0,0,0,0,0
ECK120010994,Non-promoter,0.0,0,0,0,0,0
ECK120029297,Non-promoter,0.0,0,0,0,0,0
ECK120010642,Non-promoter,0.0,0,0,0,0,0
ECK120010643,Non-promoter,0.0,0,0,0,0,0
ECK120010995,Non-promoter,0.0,0,0,0,0,0
ECK120010996,Non-promoter,0.0,0,0,0,0,0
ECK120010756,Non-promoter,0.0,0,0,0,0,0
ECK120010685,Non-promoter,0.0,0,0,0,0,0
ECK120015421,Non-promoter,0.0,0,0,0,0,0
ECK120016938,Non-promoter,0.0,0,0,0,0,0
ECK120010178,Non-promoter,0.0,0,0,0,0,0
ECK120010179,Non-promoter,0.0,0,0,0,0,0
ECK120010218,Non-promoter,0.0,0,0,0,0,0
ECK120010417,Non-promoter,0.0,0,0,0,0,0
ECK125140837,Non-promoter,0.0,0,0,0,0,0
ECK125095432,Non-promoter,0.0,0,0,0,0,0
ECK120010674,Non-promoter,0.0,0,0,0,0,0
ECK125203424,Non-promoter,0.0,0,0,0,0,0
ECK120010181,Non-promoter,0.0,0,0,0,0,0
ECK120010182,Non-promoter,0.0,0,0,0,0,0
ECK125137742,Non-promoter,0.0,0,0,0,0,0
ECK125136764,Non-promoter,0.0,0,0,0,0,0
ECK125158027,Non-promoter,0.0,0,0,0,0,0
ECK120034206,Non-promoter,0.0,0,0,0,0,0
ECK120027939,Non-promoter,0.0,0,0,0,0,0
ECK120010438,Non-promoter,0.0,0,0,0,0,0
ECK120010564,Non-promoter,0.0,0,0,0,0,0
ECK120010183,Non-promoter,0.0,0,0,0,0,0
ECK120010686,Non-promoter,0.0,0,0,0,0,0
ECK120010472,Non-promoter,0.0,0,0,0,0,0
ECK120010176,Non-promoter,0.0,0,0,0,0,0
ECK120010111,Non-promoter,0.0,0,0,0,0,0
ECK125109146,Non-promoter,0.0,0,0,0,0,0
ECK120010675,Non-promoter,0.0,0,0,0,0,0
ECK125160651,Non-promoter,0.0,0,0,0,0,0
ECK125160650,Non-promoter,0.0,0,0,0,0,0
ECK120010619,Non-promoter,0.0,0,0,0,0,0
ECK125136393,Non-promoter,0.0,0,0,0,0,0
ECK120009948,Non-promoter,0.0,0,0,0,0,0
ECK120032976,Non-promoter,0.0,0,0,0,0,0
ECK120010113,Non-promoter,0.0,0,0,0,0,0
ECK120010112,Non-promoter,0.0,0,0,0,0,0
ECK120010537,Non-promoter,0.0,0,0,0,0,0
ECK120010295,Non-promoter,0.0,0,0,0,0,0
ECK120010702,Non-promoter,0.0,0,0,0,0,0
ECK120016352,Non-promoter,0.0,0,0,0,0,0
ECK120016353,Non-promoter,0.0,0,0,0,0,0
ECK120010248,Non-promoter,0.0,0,0,0,0,0
ECK120010641,Non-promoter,0.0,0,0,0,0,0
ECK120010185,Non-promoter,0.0,0,0,0,0,0
ECK120010879,Non-promoter,0.0,0,0,0,0,0
ECK120010184,Non-promoter,0.0,0,0,0,0,0
ECK120010676,Non-promoter,0.0,0,0,0,0,0
ECK120010399,Non-promoter,0.0,0,0,0,0,0
ECK120010400,Non-promoter,0.0,0,0,0,0,0
ECK120010540,Non-promoter,0.0,0,0,0,0,0
ECK120034385,Non-promoter,0.0,0,0,0,0,0
ECK125138139,Non-promoter,0.0,0,0,0,0,0
ECK125138142,Non-promoter,0.0,0,0,0,0,0
ECK120010043,Non-promoter,0.0,0,0,0,0,0
ECK120010099,Non-promoter,0.0,0,0,0,0,0
ECK120009908,Non-promoter,0.0,0,0,0,0,0
ECK120009909,Non-promoter,0.0,0,0,0,0,0
ECK120010701,Non-promoter,0.0,0,0,0,0,0
ECK120010571,Non-promoter,0.0,0,0,0,0,0
ECK120010114,Non-promoter,0.0,0,0,0,0,0
ECK120030659,Non-promoter,0.0,0,0,0,0,0
ECK125137921,Non-promoter,0.0,0,0,0,0,0
ECK120010168,Non-promoter,0.0,0,0,0,0,0
ECK120010700,Non-promoter,0.0,0,0,0,0,0
ECK120009951,Non-promoter,0.0,0,0,0,0,0
ECK120009953,Non-promoter,0.0,0,0,0,0,0
ECK120010773,Non-promoter,0.0,0,0,0,0,0
ECK120010204,Non-promoter,0.0,0,0,0,0,0
ECK120010203,Non-promoter,0.0,0,0,0,0,0
ECK120010169,Non-promoter,0.0,0,0,0,0,0
ECK120010206,Non-promoter,0.0,0,0,0,0,0
ECK120010150,Non-promoter,0.0,0,0,0,0,0
ECK120010151,Non-promoter,0.0,0,0,0,0,0
ECK120010205,Non-promoter,0.0,0,0,0,0,0
ECK120010430,Non-promoter,0.0,0,0,0,0,0
ECK125136575,Non-promoter,0.0,0,0,0,0,0
ECK120010721,Non-promoter,0.0,0,0,0,0,0
ECK120010484,Non-promoter,0.0,0,0,0,0,0
ECK120010722,Non-promoter,0.0,0,0,0,0,0
ECK120010644,Non-promoter,0.0,0,0,0,0,0
ECK120010645,Non-promoter,0.0,0,0,0,0,0
ECK120010646,Non-promoter,0.0,0,0,0,0,0
ECK120010360,Non-promoter,0.0,0,0,0,0,0
ECK120010274,Non-promoter,0.0,0,0,0,0,0
ECK120030657,Non-promoter,0.0,0,0,0,0,0
ECK120010284,Non-promoter,0.0,0,0,0,0,0
ECK120030660,Non-promoter,0.0,0,0,0,0,0
ECK120009885,Non-promoter,0.0,0,0,0,0,0
ECK120010755,Non-promoter,0.0,0,0,0,0,0
ECK120010567,Non-promoter,0.0,0,0,0,0,0
ECK120033033,Non-promoter,0.0,0,0,0,0,0
ECK120016339,Non-promoter,0.0,0,0,0,0,0
ECK120029527,Non-promoter,0.0,0,0,0,0,0
ECK125165391,Non-promoter,0.0,0,0,0,0,0
ECK125165392,Non-promoter,0.0,0,0,0,0,0
ECK120010451,Non-promoter,0.0,0,0,0,0,0
ECK120010115,Non-promoter,0.0,0,0,0,0,0
ECK120010116,Non-promoter,0.0,0,0,0,0,0
ECK120029865,Non-promoter,0.0,0,0,0,0,0
ECK125158031,Non-promoter,0.0,0,0,0,0,0
ECK120035104,Non-promoter,0.0,0,0,0,0,0
ECK120015518,Non-promoter,0.0,0,0,0,0,0
ECK120034549,Non-promoter,0.0,0,0,0,0,0
ECK125145775,Non-promoter,0.0,0,0,0,0,0
ECK125137251,Non-promoter,0.0,0,0,0,0,0
ECK120010117,Non-promoter,0.0,0,0,0,0,0
ECK120010410,Non-promoter,0.0,0,0,0,0,0
ECK120010407,Non-promoter,0.0,0,0,0,0,0
ECK120010406,Non-promoter,0.0,0,0,0,0,0
ECK120010490,Non-promoter,0.0,0,0,0,0,0
ECK120010234,Non-promoter,0.0,0,0,0,0,0
ECK120009857,Non-promoter,0.0,0,0,0,0,0
ECK120010208,Non-promoter,0.0,0,0,0,0,0
ECK120010460,Non-promoter,0.0,0,0,0,0,0
ECK125108717,Non-promoter,0.0,0,0,0,0,0
ECK120010269,Non-promoter,0.0,0,0,0,0,0
ECK120029863,Non-promoter,0.0,0,0,0,0,0
ECK125109856,Non-promoter,0.0,0,0,0,0,0
ECK125109857,Non-promoter,0.0,0,0,0,0,0
ECK120010224,Non-promoter,0.0,0,0,0,0,0
ECK120009985,Non-promoter,0.0,0,0,0,0,0
ECK120010534,Non-promoter,0.0,0,0,0,0,0
ECK125145769,Non-promoter,0.0,0,0,0,0,0
ECK125230249,Non-promoter,0.0,0,0,0,0,0
ECK120010355,Non-promoter,0.0,0,0,0,0,0
ECK120011027,Non-promoter,0.0,0,0,0,0,0
ECK120009999,Non-promoter,0.0,0,0,0,0,0
ECK120049205,Non-promoter,0.0,0,0,0,0,0
ECK125137965,Non-promoter,0.0,0,0,0,0,0
ECK120010215,Non-promoter,0.0,0,0,0,0,0
ECK125162182,Non-promoter,0.0,0,0,0,0,0
ECK125162183,Non-promoter,0.0,0,0,0,0,0
ECK125162179,Non-promoter,0.0,0,0,0,0,0
ECK125162180,Non-promoter,0.0,0,0,0,0,0
ECK125162181,Non-promoter,0.0,0,0,0,0,0
ECK120010221,Non-promoter,0.0,0,0,0,0,0
ECK120010222,Non-promoter,0.0,0,0,0,0,0
ECK120010223,Non-promoter,0.0,0,0,0,0,0
ECK120009987,Non-promoter,0.0,0,0,0,0,0
ECK120010299,Non-promoter,0.0,0,0,0,0,0
ECK120015395,Non-promoter,0.0,0,0,0,0,0
ECK125137973,Non-promoter,0.0,0,0,0,0,0
ECK120010667,Non-promoter,0.0,0,0,0,0,0
ECK120010503,Non-promoter,0.0,0,0,0,0,0
ECK120010668,Non-promoter,0.0,0,0,0,0,0
ECK120010687,Non-promoter,0.0,0,0,0,0,0
ECK120009954,Non-promoter,0.0,0,0,0,0,0
ECK120010198,Non-promoter,0.0,0,0,0,0,0
ECK120009941,Non-promoter,0.0,0,0,0,0,0
ECK125108718,Non-promoter,0.0,0,0,0,0,0
ECK120010119,Non-promoter,0.0,0,0,0,0,0
ECK120010308,Non-promoter,0.0,0,0,0,0,0
ECK120010309,Non-promoter,0.0,0,0,0,0,0
ECK120010276,Non-promoter,0.0,0,0,0,0,0
ECK120033722,Non-promoter,0.0,0,0,0,0,0
ECK120010120,Non-promoter,0.0,0,0,0,0,0
ECK125160646,Non-promoter,0.0,0,0,0,0,0
ECK120034548,Non-promoter,0.0,0,0,0,0,0
ECK125095453,Non-promoter,0.0,0,0,0,0,0
ECK120029866,Non-promoter,0.0,0,0,0,0,0
ECK120009884,Non-promoter,0.0,0,0,0,0,0
ECK125137688,Non-promoter,0.0,0,0,0,0,0
ECK120033247,Non-promoter,0.0,0,0,0,0,0
ECK120033248,Non-promoter,0.0,0,0,0,0,0
ECK120011033,Non-promoter,0.0,0,0,0,0,0
ECK120010186,Non-promoter,0.0,0,0,0,0,0
ECK120009914,Non-promoter,0.0,0,0,0,0,0
ECK120049202,Non-promoter,0.0,0,0,0,0,0
ECK125095186,Non-promoter,0.0,0,0,0,0,0
ECK120015157,Non-promoter,0.0,0,0,0,0,0
ECK120009842,Non-promoter,0.0,0,0,0,0,0
ECK120010121,Non-promoter,0.0,0,0,0,0,0
ECK120010521,Non-promoter,0.0,0,0,0,0,0
ECK120010522,Non-promoter,0.0,0,0,0,0,0
ECK120010523,Non-promoter,0.0,0,0,0,0,0
ECK120010227,Non-promoter,0.0,0,0,0,0,0
ECK120009918,Non-promoter,0.0,0,0,0,0,0
ECK120010229,Non-promoter,0.0,0,0,0,0,0
ECK120010091,Non-promoter,0.0,0,0,0,0,0
ECK120010677,Non-promoter,0.0,0,0,0,0,0
ECK125165390,Non-promoter,0.0,0,0,0,0,0
ECK120010228,Non-promoter,0.0,0,0,0,0,0
ECK120010334,Non-promoter,0.0,0,0,0,0,0
ECK125203423,Non-promoter,0.0,0,0,0,0,0
ECK120010636,Non-promoter,0.0,0,0,0,0,0
ECK120010635,Non-promoter,0.0,0,0,0,0,0
ECK125134704,Non-promoter,0.0,0,0,0,0,0
ECK125134703,Non-promoter,0.0,0,0,0,0,0
ECK120010187,Non-promoter,0.0,0,0,0,0,0
ECK120015382,Non-promoter,0.0,0,0,0,0,0
ECK120034272,Non-promoter,0.0,0,0,0,0,0
ECK120010584,Non-promoter,0.0,0,0,0,0,0
ECK120010585,Non-promoter,0.0,0,0,0,0,0
ECK120030810,Non-promoter,0.0,0,0,0,0,0
ECK120010124,Non-promoter,0.0,0,0,0,0,0
ECK120010569,Non-promoter,0.0,0,0,0,0,0
ECK120010159,Non-promoter,0.0,0,0,0,0,0
ECK120010126,Non-promoter,0.0,0,0,0,0,0
ECK120010231,Non-promoter,0.0,0,0,0,0,0
ECK120010020,Non-promoter,0.0,0,0,0,0,0
ECK120010173,Non-promoter,0.0,0,0,0,0,0
ECK120010240,Non-promoter,0.0,0,0,0,0,0
ECK120010678,Non-promoter,0.0,0,0,0,0,0
ECK120010680,Non-promoter,0.0,0,0,0,0,0
ECK120016952,Non-promoter,0.0,0,0,0,0,0
ECK120048894,Non-promoter,0.0,0,0,0,0,0
ECK120010350,Non-promoter,0.0,0,0,0,0,0
ECK120010270,Non-promoter,0.0,0,0,0,0,0
ECK120010055,Non-promoter,0.0,0,0,0,0,0
ECK120010030,Non-promoter,0.0,0,0,0,0,0
ECK120010271,Non-promoter,0.0,0,0,0,0,0
ECK120009959,Non-promoter,0.0,0,0,0,0,0
ECK125109855,Non-promoter,0.0,0,0,0,0,0
ECK120030212,Non-promoter,0.0,0,0,0,0,0
ECK120030209,Non-promoter,0.0,0,0,0,0,0
ECK120010255,Non-promoter,0.0,0,0,0,0,0
ECK120011036,Non-promoter,0.0,0,0,0,0,0
ECK120010403,Non-promoter,0.0,0,0,0,0,0
ECK120030782,Non-promoter,0.0,0,0,0,0,0
ECK120010051,Non-promoter,0.0,0,0,0,0,0
ECK120010322,Non-promoter,0.0,0,0,0,0,0
ECK120009943,Non-promoter,0.0,0,0,0,0,0
ECK120029524,Non-promoter,0.0,0,0,0,0,0
ECK120010684,Non-promoter,0.0,0,0,0,0,0
ECK120009982,Non-promoter,0.0,0,0,0,0,0
ECK120010459,Non-promoter,0.0,0,0,0,0,0
ECK120033702,Non-promoter,0.0,0,0,0,0,0
ECK120033732,Non-promoter,0.0,0,0,0,0,0
ECK120051381,Non-promoter,0.0,0,0,0,0,0
ECK125140836,Non-promoter,0.0,0,0,0,0,0
ECK120016954,Non-promoter,0.0,0,0,0,0,0
ECK120010349,Non-promoter,0.0,0,0,0,0,0
ECK120030804,Non-promoter,0.0,0,0,0,0,0
ECK120010361,Non-promoter,0.0,0,0,0,0,0
ECK120010201,Non-promoter,0.0,0,0,0,0,0
ECK120009917,Non-promoter,0.0,0,0,0,0,0
ECK120010517,Non-promoter,0.0,0,0,0,0,0
ECK120029868,Non-promoter,0.0,0,0,0,0,0
ECK120010728,Non-promoter,0.0,0,0,0,0,0
ECK120010729,Non-promoter,0.0,0,0,0,0,0
ECK120010541,Non-promoter,0.0,0,0,0,0,0
ECK120010657,Non-promoter,0.0,0,0,0,0,0
ECK125137466,Non-promoter,0.0,0,0,0,0,0
ECK120030663,Non-promoter,0.0,0,0,0,0,0
ECK120030664,Non-promoter,0.0,0,0,0,0,0
ECK120010174,Non-promoter,0.0,0,0,0,0,0
ECK120010519,Non-promoter,0.0,0,0,0,0,0
ECK120010038,Non-promoter,0.0,0,0,0,0,0
ECK120030653,Non-promoter,0.0,0,0,0,0,0
ECK120010160,Non-promoter,0.0,0,0,0,0,0
ECK120010153,Non-promoter,0.0,0,0,0,0,0
ECK120010278,Non-promoter,0.0,0,0,0,0,0
ECK120010277,Non-promoter,0.0,0,0,0,0,0
ECK120010418,Non-promoter,0.0,0,0,0,0,0
ECK120010419,Non-promoter,0.0,0,0,0,0,0
ECK120010011,Non-promoter,0.0,0,0,0,0,0
ECK120010012,Non-promoter,0.0,0,0,0,0,0
ECK120016571,Non-promoter,0.0,0,0,0,0,0
ECK120016570,Non-promoter,0.0,0,0,0,0,0
ECK120009955,Non-promoter,0.0,0,0,0,0,0
ECK125137821,Non-promoter,0.0,0,0,0,0,0
ECK125134715,Non-promoter,0.0,0,0,0,0,0
ECK125095431,Non-promoter,0.0,0,0,0,0,0
ECK125134718,Non-promoter,0.0,0,0,0,0,0
ECK120030215,Non-promoter,0.0,0,0,0,0,0
ECK120009911,Non-promoter,0.0,0,0,0,0,0
ECK120015164,Non-promoter,0.0,0,0,0,0,0
ECK120015163,Non-promoter,0.0,0,0,0,0,0
ECK120010127,Non-promoter,0.0,0,0,0,0,0
ECK120011002,Non-promoter,0.0,0,0,0,0,0
ECK120010094,Non-promoter,0.0,0,0,0,0,0
ECK120010156,Non-promoter,0.0,0,0,0,0,0
ECK120010129,Non-promoter,0.0,0,0,0,0,0
ECK120010694,Non-promoter,0.0,0,0,0,0,0
ECK120030205,Non-promoter,0.0,0,0,0,0,0
ECK125135016,Non-promoter,0.0,0,0,0,0,0
ECK125135017,Non-promoter,0.0,0,0,0,0,0
ECK120010130,Non-promoter,0.0,0,0,0,0,0
ECK125165942,Non-promoter,0.0,0,0,0,0,0
ECK120010237,Non-promoter,0.0,0,0,0,0,0
ECK120034384,Non-promoter,0.0,0,0,0,0,0
ECK120010131,Non-promoter,0.0,0,0,0,0,0
ECK125230251,Non-promoter,0.0,0,0,0,0,0
ECK120010241,Non-promoter,0.0,0,0,0,0,0
ECK120010242,Non-promoter,0.0,0,0,0,0,0
ECK120010666,Non-promoter,0.0,0,0,0,0,0
ECK120033254,Non-promoter,0.0,0,0,0,0,0
ECK125145768,Non-promoter,0.0,0,0,0,0,0
ECK120010282,Non-promoter,0.0,0,0,0,0,0
ECK125135018,Non-promoter,0.0,0,0,0,0,0
ECK120010239,Non-promoter,0.0,0,0,0,0,0
ECK120029295,Non-promoter,0.0,0,0,0,0,0
ECK120010648,Non-promoter,0.0,0,0,0,0,0
ECK120010647,Non-promoter,0.0,0,0,0,0,0
ECK125203418,Non-promoter,0.0,0,0,0,0,0
ECK120010688,Non-promoter,0.0,0,0,0,0,0
ECK120010265,Non-promoter,0.0,0,0,0,0,0
ECK120010132,Non-promoter,0.0,0,0,0,0,0
ECK120011041,Non-promoter,0.0,0,0,0,0,0
ECK120010134,Non-promoter,0.0,0,0,0,0,0
ECK120010199,Non-promoter,0.0,0,0,0,0,0
ECK120011030,Non-promoter,0.0,0,0,0,0,0
ECK120010195,Non-promoter,0.0,0,0,0,0,0
ECK120010326,Non-promoter,0.0,0,0,0,0,0
ECK120010247,Non-promoter,0.0,0,0,0,0,0
ECK120010175,Non-promoter,0.0,0,0,0,0,0
ECK120010486,Non-promoter,0.0,0,0,0,0,0
ECK120009991,Non-promoter,0.0,0,0,0,0,0
ECK120010194,Non-promoter,0.0,0,0,0,0,0
ECK120010135,Non-promoter,0.0,0,0,0,0,0
ECK120009850,Non-promoter,0.0,0,0,0,0,0
ECK120010062,Non-promoter,0.0,0,0,0,0,0
ECK120010434,Non-promoter,0.0,0,0,0,0,0
ECK120011003,Non-promoter,0.0,0,0,0,0,0
ECK120034265,Non-promoter,0.0,0,0,0,0,0
ECK125203415,Non-promoter,0.0,0,0,0,0,0
ECK125140843,Non-promoter,0.0,0,0,0,0,0
ECK120010432,Non-promoter,0.0,0,0,0,0,0
ECK120010431,Non-promoter,0.0,0,0,0,0,0
ECK120009903,Non-promoter,0.0,0,0,0,0,0
ECK120009925,Non-promoter,0.0,0,0,0,0,0
ECK120010387,Non-promoter,0.0,0,0,0,0,0
ECK120010614,Non-promoter,0.0,0,0,0,0,0
ECK120010597,Non-promoter,0.0,0,0,0,0,0
ECK120009920,Non-promoter,0.0,0,0,0,0,0
ECK120009921,Non-promoter,0.0,0,0,0,0,0
ECK125108719,Non-promoter,0.0,0,0,0,0,0
ECK120010639,Non-promoter,0.0,0,0,0,0,0
ECK120009930,Non-promoter,0.0,0,0,0,0,0
ECK120009928,Non-promoter,0.0,0,0,0,0,0
ECK120009929,Non-promoter,0.0,0,0,0,0,0
ECK120033730,Non-promoter,0.0,0,0,0,0,0
ECK120022366,Non-promoter,0.0,0,0,0,0,0
ECK120010351,Non-promoter,0.0,0,0,0,0,0
ECK120010771,Non-promoter,0.0,0,0,0,0,0
ECK125122037,Non-promoter,0.0,0,0,0,0,0
ECK120015467,Non-promoter,0.0,0,0,0,0,0
ECK125140756,Non-promoter,0.0,0,0,0,0,0
ECK120010716,Non-promoter,0.0,0,0,0,0,0
ECK120009998,Non-promoter,0.0,0,0,0,0,0
ECK120015463,Non-promoter,0.0,0,0,0,0,0
ECK120009849,Non-promoter,0.0,0,0,0,0,0
ECK120010556,Non-promoter,0.0,0,0,0,0,0
ECK120051399,Non-promoter,0.0,0,0,0,0,0
ECK125095449,Non-promoter,0.0,0,0,0,0,0
ECK120009845,Non-promoter,0.0,0,0,0,0,0
ECK120011130,Non-promoter,0.0,0,0,0,0,0
ECK120030647,Non-promoter,0.0,0,0,0,0,0
ECK125203414,Non-promoter,0.0,0,0,0,0,0
ECK125137090,Non-promoter,0.0,0,0,0,0,0
ECK120030650,Non-promoter,0.0,0,0,0,0,0
ECK120011032,Non-promoter,0.0,0,0,0,0,0
ECK120035117,Non-promoter,0.0,0,0,0,0,0
ECK120035116,Non-promoter,0.0,0,0,0,0,0
ECK120033728,Non-promoter,0.0,0,0,0,0,0
ECK120034946,Non-promoter,0.0,0,0,0,0,0
ECK120010137,Non-promoter,0.0,0,0,0,0,0
ECK120033606,Non-promoter,0.0,0,0,0,0,0
ECK120033607,Non-promoter,0.0,0,0,0,0,0
ECK120010015,Non-promoter,0.0,0,0,0,0,0
ECK120009897,Non-promoter,0.0,0,0,0,0,0
ECK120010630,Non-promoter,0.0,0,0,0,0,0
ECK120011005,Non-promoter,0.0,0,0,0,0,0
ECK120011006,Non-promoter,0.0,0,0,0,0,0
ECK120015955,Non-promoter,0.0,0,0,0,0,0
ECK120010216,Non-promoter,0.0,0,0,0,0,0
ECK120034939,Non-promoter,0.0,0,0,0,0,0
ECK120010244,Non-promoter,0.0,0,0,0,0,0
ECK120010037,Non-promoter,0.0,0,0,0,0,0
ECK120010251,Non-promoter,0.0,0,0,0,0,0
ECK125136816,Non-promoter,0.0,0,0,0,0,0
ECK120011007,Non-promoter,0.0,0,0,0,0,0
ECK125137062,Non-promoter,0.0,0,0,0,0,0
ECK120010530,Non-promoter,0.0,0,0,0,0,0
ECK120010531,Non-promoter,0.0,0,0,0,0,0
ECK120010138,Non-promoter,0.0,0,0,0,0,0
ECK120010044,Non-promoter,0.0,0,0,0,0,0
ECK120009855,Non-promoter,0.0,0,0,0,0,0
ECK120033028,Non-promoter,0.0,0,0,0,0,0
ECK120010250,Non-promoter,0.0,0,0,0,0,0
ECK120010535,Non-promoter,0.0,0,0,0,0,0
ECK120010207,Non-promoter,0.0,0,0,0,0,0
ECK120010192,Non-promoter,0.0,0,0,0,0,0
ECK120032971,Non-promoter,0.0,0,0,0,0,0
ECK120010139,Non-promoter,0.0,0,0,0,0,0
ECK120010140,Non-promoter,0.0,0,0,0,0,0
ECK120010663,Non-promoter,0.0,0,0,0,0,0
ECK120010235,Non-promoter,0.0,0,0,0,0,0
ECK120010664,Non-promoter,0.0,0,0,0,0,0
ECK120010665,Non-promoter,0.0,0,0,0,0,0
ECK120034941,Non-promoter,0.0,0,0,0,0,0
ECK120010476,Non-promoter,0.0,0,0,0,0,0
ECK120010487,Non-promoter,0.0,0,0,0,0,0
ECK120010473,Non-promoter,0.0,0,0,0,0,0
ECK120010709,Non-promoter,0.0,0,0,0,0,0
ECK120010753,Non-promoter,0.0,0,0,0,0,0
ECK120010393,Non-promoter,0.0,0,0,0,0,0
ECK120034550,Non-promoter,0.0,0,0,0,0,0
ECK125203426,Non-promoter,0.0,0,0,0,0,0
ECK120010202,Non-promoter,0.0,0,0,0,0,0
ECK120016348,Non-promoter,0.0,0,0,0,0,0
ECK120016349,Non-promoter,0.0,0,0,0,0,0
ECK120009927,Non-promoter,0.0,0,0,0,0,0
ECK120030665,Non-promoter,0.0,0,0,0,0,0
ECK120030666,Non-promoter,0.0,0,0,0,0,0
ECK120010280,Non-promoter,0.0,0,0,0,0,0
ECK120049220,Non-promoter,0.0,0,0,0,0,0
ECK120049221,Non-promoter,0.0,0,0,0,0,0
ECK120026311,Non-promoter,0.0,0,0,0,0,0
ECK125109852,Non-promoter,0.0,0,0,0,0,0
ECK120010770,Non-promoter,0.0,0,0,0,0,0
ECK125199579,Non-promoter,0.0,0,0,0,0,0
ECK120010649,Non-promoter,0.0,0,0,0,0,0
ECK120015412,Non-promoter,0.0,0,0,0,0,0
ECK125109854,Non-promoter,0.0,0,0,0,0,0
ECK125165943,Non-promoter,0.0,0,0,0,0,0
ECK120010366,Non-promoter,0.0,0,0,0,0,0
ECK120015419,Non-promoter,0.0,0,0,0,0,0
ECK120010252,Non-promoter,0.0,0,0,0,0,0
ECK120011028,Non-promoter,0.0,0,0,0,0,0
ECK120010317,Non-promoter,0.0,0,0,0,0,0
ECK125134711,Non-promoter,0.0,0,0,0,0,0
ECK125140844,Non-promoter,0.0,0,0,0,0,0
ECK125203411,Non-promoter,0.0,0,0,0,0,0
ECK120011045,Non-promoter,0.0,0,0,0,0,0
ECK120010385,Non-promoter,0.0,0,0,0,0,0
ECK120010560,Non-promoter,0.0,0,0,0,0,0
ECK120010558,Non-promoter,0.0,0,0,0,0,0
ECK120010220,Non-promoter,0.0,0,0,0,0,0
ECK120010681,Non-promoter,0.0,0,0,0,0,0
ECK120010213,Non-promoter,0.0,0,0,0,0,0
ECK120010285,Non-promoter,0.0,0,0,0,0,0
ECK120010368,Non-promoter,0.0,0,0,0,0,0
ECK120010369,Non-promoter,0.0,0,0,0,0,0
ECK120010370,Non-promoter,0.0,0,0,0,0,0
ECK120011046,Non-promoter,0.0,0,0,0,0,0
ECK120009916,Non-promoter,0.0,0,0,0,0,0
ECK120009905,Non-promoter,0.0,0,0,0,0,0
ECK120009906,Non-promoter,0.0,0,0,0,0,0
ECK120009907,Non-promoter,0.0,0,0,0,0,0
ECK125137427,Non-promoter,0.0,0,0,0,0,0
ECK125134709,Non-promoter,0.0,0,0,0,0,0
ECK125134707,Non-promoter,0.0,0,0,0,0,0
ECK120010253,Non-promoter,0.0,0,0,0,0,0
ECK120009901,Non-promoter,0.0,0,0,0,0,0
ECK120010375,Non-promoter,0.0,0,0,0,0,0
ECK120009862,Non-promoter,0.0,0,0,0,0,0
ECK120010357,Non-promoter,0.0,0,0,0,0,0
ECK120010356,Non-promoter,0.0,0,0,0,0,0
ECK120010161,Non-promoter,0.0,0,0,0,0,0
ECK120011012,Non-promoter,0.0,0,0,0,0,0
ECK120010154,Non-promoter,0.0,0,0,0,0,0
ECK120011013,Non-promoter,0.0,0,0,0,0,0
ECK120011014,Non-promoter,0.0,0,0,0,0,0
ECK120011015,Non-promoter,0.0,0,0,0,0,0
ECK120011016,Non-promoter,0.0,0,0,0,0,0
ECK125136834,Non-promoter,0.0,0,0,0,0,0
ECK120010662,Non-promoter,0.0,0,0,0,0,0
ECK120010626,Non-promoter,0.0,0,0,0,0,0
ECK120010315,Non-promoter,0.0,0,0,0,0,0
ECK120034249,Non-promoter,0.0,0,0,0,0,0
ECK120034250,Non-promoter,0.0,0,0,0,0,0
ECK120034238,Non-promoter,0.0,0,0,0,0,0
ECK120011017,Non-promoter,0.0,0,0,0,0,0
ECK120011018,Non-promoter,0.0,0,0,0,0,0
ECK120010324,Non-promoter,0.0,0,0,0,0,0
ECK120009854,Non-promoter,0.0,0,0,0,0,0
ECK120016575,Non-promoter,0.0,0,0,0,0,0
ECK120016568,Non-promoter,0.0,0,0,0,0,0
ECK125136892,Non-promoter,0.0,0,0,0,0,0
ECK120010256,Non-promoter,0.0,0,0,0,0,0
ECK120032985,Non-promoter,0.0,0,0,0,0,0
ECK120032986,Non-promoter,0.0,0,0,0,0,0
ECK120010578,Non-promoter,0.0,0,0,0,0,0
ECK125109864,Non-promoter,0.0,0,0,0,0,0
ECK125109865,Non-promoter,0.0,0,0,0,0,0
ECK125109863,Non-promoter,0.0,0,0,0,0,0
ECK120030796,Non-promoter,0.0,0,0,0,0,0
ECK120009856,Non-promoter,0.0,0,0,0,0,0
ECK120011019,Non-promoter,0.0,0,0,0,0,0
ECK120016569,Non-promoter,0.0,0,0,0,0,0
ECK120010374,Non-promoter,0.0,0,0,0,0,0
ECK120030217,Non-promoter,0.0,0,0,0,0,0
ECK120010422,Non-promoter,0.0,0,0,0,0,0
ECK120009994,Non-promoter,0.0,0,0,0,0,0
ECK120010264,Non-promoter,0.0,0,0,0,0,0
ECK120010141,Non-promoter,0.0,0,0,0,0,0
ECK120010258,Non-promoter,0.0,0,0,0,0,0
ECK120010650,Non-promoter,0.0,0,0,0,0,0
ECK120010654,Non-promoter,0.0,0,0,0,0,0
ECK120016963,Non-promoter,0.0,0,0,0,0,0
ECK120015159,Non-promoter,0.0,0,0,0,0,0
ECK120010506,Non-promoter,0.0,0,0,0,0,0
ECK120010748,Non-promoter,0.0,0,0,0,0,0
ECK120010749,Non-promoter,0.0,0,0,0,0,0
ECK120010724,Non-promoter,0.0,0,0,0,0,0
ECK120051391,Non-promoter,0.0,0,0,0,0,0
ECK120029521,Non-promoter,0.0,0,0,0,0,0
ECK120029522,Non-promoter,0.0,0,0,0,0,0
ECK120029523,Non-promoter,0.0,0,0,0,0,0
ECK125109144,Non-promoter,0.0,0,0,0,0,0
ECK120010026,Non-promoter,0.0,0,0,0,0,0
ECK125122035,Non-promoter,0.0,0,0,0,0,0
ECK120029428,Non-promoter,0.0,0,0,0,0,0
ECK120010382,Non-promoter,0.0,0,0,0,0,0
ECK120010383,Non-promoter,0.0,0,0,0,0,0
ECK125240996,Non-promoter,0.0,0,0,0,0,0
ECK120010579,Non-promoter,0.0,0,0,0,0,0
ECK125240999,Non-promoter,0.0,0,0,0,0,0
ECK125241005,Non-promoter,0.0,0,0,0,0,0
ECK120010514,Non-promoter,0.0,0,0,0,0,0
ECK120010142,Non-promoter,0.0,0,0,0,0,0
ECK120010533,Non-promoter,0.0,0,0,0,0,0
ECK120048895,Non-promoter,0.0,0,0,0,0,0
ECK120010744,Non-promoter,0.0,0,0,0,0,0
ECK120010310,Non-promoter,0.0,0,0,0,0,0
ECK120034397,Non-promoter,0.0,0,0,0,0,0
ECK120034372,Non-promoter,0.0,0,0,0,0,0
ECK120010391,Non-promoter,0.0,0,0,0,0,0
ECK120011146,Non-promoter,0.0,0,0,0,0,0
ECK120015469,Non-promoter,0.0,0,0,0,0,0
ECK120010380,Non-promoter,0.0,0,0,0,0,0
ECK120010381,Non-promoter,0.0,0,0,0,0,0
ECK120010527,Non-promoter,0.0,0,0,0,0,0
ECK120033629,Non-promoter,0.0,0,0,0,0,0
ECK120009873,Non-promoter,0.0,0,0,0,0,0
ECK120010769,Non-promoter,0.0,0,0,0,0,0
ECK120033698,Non-promoter,0.0,0,0,0,0,0
ECK125140763,Non-promoter,0.0,0,0,0,0,0
ECK120030648,Non-promoter,0.0,0,0,0,0,0
ECK120032973,Non-promoter,0.0,0,0,0,0,0
ECK120009960,Non-promoter,0.0,0,0,0,0,0
ECK120032974,Non-promoter,0.0,0,0,0,0,0
ECK120033699,Non-promoter,0.0,0,0,0,0,0
ECK120010170,Non-promoter,0.0,0,0,0,0,0
ECK120010305,Non-promoter,0.0,0,0,0,0,0
ECK125140840,Non-promoter,0.0,0,0,0,0,0
ECK125137169,Non-promoter,0.0,0,0,0,0,0
ECK125140841,Non-promoter,0.0,0,0,0,0,0
ECK125203416,Non-promoter,0.0,0,0,0,0,0
ECK120034382,Non-promoter,0.0,0,0,0,0,0
ECK120010267,Non-promoter,0.0,0,0,0,0,0
ECK120009926,Non-promoter,0.0,0,0,0,0,0
ECK120010763,Non-promoter,0.0,0,0,0,0,0
ECK120010606,Non-promoter,0.0,0,0,0,0,0
ECK120030788,Non-promoter,0.0,0,0,0,0,0
ECK125140845,Non-promoter,0.0,0,0,0,0,0
ECK120032972,Non-promoter,0.0,0,0,0,0,0
ECK120035119,Non-promoter,0.0,0,0,0,0,0
ECK120035123,Non-promoter,0.0,0,0,0,0,0
ECK120035120,Non-promoter,0.0,0,0,0,0,0
ECK120035121,Non-promoter,0.0,0,0,0,0,0
ECK120009971,Non-promoter,0.0,0,0,0,0,0
ECK120010164,Non-promoter,0.0,0,0,0,0,0
ECK120011020,Non-promoter,0.0,0,0,0,0,0
ECK120010327,Non-promoter,0.0,0,0,0,0,0
ECK120033253,Non-promoter,0.0,0,0,0,0,0
ECK120009847,Non-promoter,0.0,0,0,0,0,0
ECK125229302,Non-promoter,0.0,0,0,0,0,0
ECK120010549,Non-promoter,0.0,0,0,0,0,0
ECK120010261,Non-promoter,0.0,0,0,0,0,0
ECK120010427,Non-promoter,0.0,0,0,0,0,0
ECK120016587,Non-promoter,0.0,0,0,0,0,0
ECK120010196,Non-promoter,0.0,0,0,0,0,0
ECK120010444,Non-promoter,0.0,0,0,0,0,0
ECK120011021,Non-promoter,0.0,0,0,0,0,0
ECK125162185,Non-promoter,0.0,0,0,0,0,0
ECK125158028,Non-promoter,0.0,0,0,0,0,0
ECK120034944,Non-promoter,0.0,0,0,0,0,0
ECK120010638,Non-promoter,0.0,0,0,0,0,0
ECK120010481,Non-promoter,0.0,0,0,0,0,0
ECK120010482,Non-promoter,0.0,0,0,0,0,0
ECK120009938,Non-promoter,0.0,0,0,0,0,0
ECK120033212,Non-promoter,0.0,0,0,0,0,0
ECK125199580,Non-promoter,0.0,0,0,0,0,0
ECK125203410,Non-promoter,0.0,0,0,0,0,0
ECK120032970,Non-promoter,0.0,0,0,0,0,0
ECK125137937,Non-promoter,0.0,0,0,0,0,0
ECK120010236,Non-promoter,0.0,0,0,0,0,0
ECK125230252,Non-promoter,0.0,0,0,0,0,0
ECK120027940,Non-promoter,0.0,0,0,0,0,0
ECK120010157,Non-promoter,0.0,0,0,0,0,0
ECK120029860,Non-promoter,0.0,0,0,0,0,0
ECK120010225,Non-promoter,0.0,0,0,0,0,0
ECK120010492,Non-promoter,0.0,0,0,0,0,0
ECK120010493,Non-promoter,0.0,0,0,0,0,0
ECK120010494,Non-promoter,0.0,0,0,0,0,0
ECK120010495,Non-promoter,0.0,0,0,0,0,0
ECK120010262,Non-promoter,0.0,0,0,0,0,0
ECK120010637,Non-promoter,0.0,0,0,0,0,0
ECK120034354,Non-promoter,0.0,0,0,0,0,0
ECK120020514,Non-promoter,0.0,0,0,0,0,0
ECK120010683,Non-promoter,0.0,0,0,0,0,0
ECK120010263,Non-promoter,0.0,0,0,0,0,0
ECK120010485,Non-promoter,0.0,0,0,0,0,0
ECK120009933,Non-promoter,0.0,0,0,0,0,0
ECK120010323,Non-promoter,0.0,0,0,0,0,0
ECK120010144,Non-promoter,0.0,0,0,0,0,0
ECK120026305,Non-promoter,0.0,0,0,0,0,0
ECK120010423,Non-promoter,0.0,0,0,0,0,0
ECK120010424,Non-promoter,0.0,0,0,0,0,0
ECK120009945,Non-promoter,0.0,0,0,0,0,0
ECK120010294,Non-promoter,0.0,0,0,0,0,0
ECK120010293,Non-promoter,0.0,0,0,0,0,0
ECK120033678,Non-promoter,0.0,0,0,0,0,0
ECK125135013,Non-promoter,0.0,0,0,0,0,0
ECK125162184,Non-promoter,0.0,0,0,0,0,0
ECK125137947,Non-promoter,0.0,0,0,0,0,0
ECK120010158,Non-promoter,0.0,0,0,0,0,0
ECK120010145,Non-promoter,0.0,0,0,0,0,0
ECK120010190,Non-promoter,0.0,0,0,0,0,0
ECK120010197,Non-promoter,0.0,0,0,0,0,0
ECK120010395,Non-promoter,0.0,0,0,0,0,0
ECK120010396,Non-promoter,0.0,0,0,0,0,0
ECK120010193,Non-promoter,0.0,0,0,0,0,0
ECK120010067,Non-promoter,0.0,0,0,0,0,0
ECK120010238,Non-promoter,0.0,0,0,0,0,0
ECK120010532,Non-promoter,0.0,0,0,0,0,0
ECK120010398,Non-promoter,0.0,0,0,0,0,0
ECK120011023,Non-promoter,0.0,0,0,0,0,0
ECK120048891,Non-promoter,0.0,0,0,0,0,0
ECK120011024,Non-promoter,0.0,0,0,0,0,0
ECK120010306,Non-promoter,0.0,0,0,0,0,0
ECK120010343,Non-promoter,0.0,0,0,0,0,0
ECK120010146,Non-promoter,0.0,0,0,0,0,0
ECK120010344,Non-promoter,0.0,0,0,0,0,0
ECK125134713,Non-promoter,0.0,0,0,0,0,0
ECK120010620,Non-promoter,0.0,0,0,0,0,0
ECK120010450,Non-promoter,0.0,0,0,0,0,0
ECK120010590,Non-promoter,0.0,0,0,0,0,0
ECK120015161,Non-promoter,0.0,0,0,0,0,0
ECK120015162,Non-promoter,0.0,0,0,0,0,0
ECK125095189,Non-promoter,0.0,0,0,0,0,0
ECK120010257,Non-promoter,0.0,0,0,0,0,0
ECK120010710,Non-promoter,0.0,0,0,0,0,0
ECK120010631,Non-promoter,0.0,0,0,0,0,0
ECK120010632,Non-promoter,0.0,0,0,0,0,0
ECK120010731,Non-promoter,0.0,0,0,0,0,0
ECK120015468,Non-promoter,0.0,0,0,0,0,0
ECK120033681,Non-promoter,0.0,0,0,0,0,0
ECK125203430,Non-promoter,0.0,0,0,0,0,0
ECK125136516,Non-promoter,0.0,0,0,0,0,0
ECK125136558,Non-promoter,0.0,0,0,0,0,0
ECK125203420,Non-promoter,0.0,0,0,0,0,0
ECK120009922,Non-promoter,0.0,0,0,0,0,0
ECK120030645,Non-promoter,0.0,0,0,0,0,0
ECK120029861,Non-promoter,0.0,0,0,0,0,0
ECK120035124,Non-promoter,0.0,0,0,0,0,0
ECK125136774,Non-promoter,0.0,0,0,0,0,0
ECK120029862,Non-promoter,0.0,0,0,0,0,0
ECK120009902,Non-promoter,0.0,0,0,0,0,0
ECK120033032,Non-promoter,0.0,0,0,0,0,0
ECK120010693,Non-promoter,0.0,0,0,0,0,0
ECK125136974,Non-promoter,0.0,0,0,0,0,0
ECK120033717,Non-promoter,0.0,0,0,0,0,0
ECK120033252,Non-promoter,0.0,0,0,0,0,0
ECK120029864,Non-promoter,0.0,0,0,0,0,0
ECK125137139,Non-promoter,0.0,0,0,0,0,0
ECK120035130,Non-promoter,0.0,0,0,0,0,0
ECK120048892,Non-promoter,0.0,0,0,0,0,0
ECK125137277,Non-promoter,0.0,0,0,0,0,0
ECK120034266,Non-promoter,0.0,0,0,0,0,0
ECK125137341,Non-promoter,0.0,0,0,0,0,0
ECK120033723,Non-promoter,0.0,0,0,0,0,0
ECK125137396,Non-promoter,0.0,0,0,0,0,0
ECK125203421,Non-promoter,0.0,0,0,0,0,0
ECK125160781,Non-promoter,0.0,0,0,0,0,0
ECK125137560,Non-promoter,0.0,0,0,0,0,0
ECK125137648,Non-promoter,0.0,0,0,0,0,0
ECK125137726,Non-promoter,0.0,0,0,0,0,0
ECK120016965,Non-promoter,0.0,0,0,0,0,0
ECK120010574,Non-promoter,0.0,0,0,0,0,0
ECK120030787,Non-promoter,0.0,0,0,0,0,0
ECK125203425,Non-promoter,0.0,0,0,0,0,0
ECK125145772,Non-promoter,0.0,0,0,0,0,0
ECK120010706,Non-promoter,0.0,0,0,0,0,0
ECK120010752,Non-promoter,0.0,0,0,0,0,0
ECK125203417,Non-promoter,0.0,0,0,0,0,0
ECK120048896,Non-promoter,0.0,0,0,0,0,0
ECK125109810,Non-promoter,0.0,0,0,0,0,0
ECK125137950,Non-promoter,0.0,0,0,0,0,0
ECK120029972,Non-promoter,0.0,0,0,0,0,0
ECK125135019,Non-promoter,0.0,0,0,0,0,0
ECK120010774,Non-promoter,0.0,0,0,0,0,0
ECK120010775,Non-promoter,0.0,0,0,0,0,0
ECK120010776,Non-promoter,0.0,0,0,0,0,0
ECK120049216,Non-promoter,0.0,0,0,0,0,0
ECK120034380,Non-promoter,0.0,0,0,0,0,0
ECK125138124,Non-promoter,0.0,0,0,0,0,0
ECK125095198,Non-promoter,0.0,0,0,0,0,0
ECK125095433,Non-promoter,0.0,0,0,0,0,0
ECK125136788,Non-promoter,0.0,0,0,0,0,0
ECK125203422,Non-promoter,0.0,0,0,0,0,0
ECK125136980,Non-promoter,0.0,0,0,0,0,0
ECK125108720,Non-promoter,0.0,0,0,0,0,0
ECK120010974,Non-promoter,0.0,0,0,0,0,0
ECK120034389,Non-promoter,0.0,0,0,0,0,0
ECK125095434,Non-promoter,0.0,0,0,0,0,0
ECK125109861,Non-promoter,0.0,0,0,0,0,0
ECK120029867,Non-promoter,0.0,0,0,0,0,0
ECK120030204,Non-promoter,0.0,0,0,0,0,0
ECK120051397,Non-promoter,0.0,0,0,0,0,0
ECK120015956,Non-promoter,0.0,0,0,0,0,0
ECK120010036,Non-promoter,0.0,0,0,0,0,0
ECK120010035,Non-promoter,0.0,0,0,0,0,0
ECK120010259,Non-promoter,0.0,0,0,0,0,0
ECK125135056,Non-promoter,0.0,0,0,0,0,0
ECK125135055,Non-promoter,0.0,0,0,0,0,0
ECK125203427,Non-promoter,0.0,0,0,0,0,0
ECK125203428,Non-promoter,0.0,0,0,0,0,0
ECK120034214,Non-promoter,0.0,0,0,0,0,0
ECK120034394,Non-promoter,0.0,0,0,0,0,0
ECK120034418,Non-promoter,0.0,0,0,0,0,0
ECK120010778,Non-promoter,0.0,0,0,0,0,0
ECK120010079,Non-promoter,0.0,0,0,0,0,0
ECK120015381,Non-promoter,0.0,0,0,0,0,0
ECK125160648,Non-promoter,0.0,0,0,0,0,0
ECK125160649,Non-promoter,0.0,0,0,0,0,0
ECK120010371,Non-promoter,0.0,0,0,0,0,0
ECK120015391,Non-promoter,0.0,0,0,0,0,0
ECK120015392,Non-promoter,0.0,0,0,0,0,0
ECK120034362,Non-promoter,0.0,0,0,0,0,0
ECK120034363,Non-promoter,0.0,0,0,0,0,0
ECK120010346,Non-promoter,0.0,0,0,0,0,0
ECK125135024,Non-promoter,0.0,0,0,0,0,0
ECK120034406,Non-promoter,0.0,0,0,0,0,0
ECK120034407,Non-promoter,0.0,0,0,0,0,0
ECK120010377,Non-promoter,0.0,0,0,0,0,0
ECK120010072,Non-promoter,0.0,0,0,0,0,0
ECK120010559,Non-promoter,0.0,0,0,0,0,0
ECK120034317,Non-promoter,0.0,0,0,0,0,0
ECK120033251,Non-promoter,0.0,0,0,0,0,0
ECK120010436,Non-promoter,0.0,0,0,0,0,0
ECK120009881,Non-promoter,0.0,0,0,0,0,0
ECK120010389,Non-promoter,0.0,0,0,0,0,0
ECK125165406,Non-promoter,0.0,0,0,0,0,0
ECK125203419,Non-promoter,0.0,0,0,0,0,0
ECK120010300,Non-promoter,0.0,0,0,0,0,0
ECK120034193,Non-promoter,0.0,0,0,0,0,0
ECK120010311,Non-promoter,0.0,0,0,0,0,0
ECK120015413,Non-promoter,0.0,0,0,0,0,0
ECK120034251,Non-promoter,0.0,0,0,0,0,0
ECK120010416,Non-promoter,0.0,0,0,0,0,0
ECK120010415,Non-promoter,0.0,0,0,0,0,0
ECK120034333,Non-promoter,0.0,0,0,0,0,0
ECK120015158,Non-promoter,0.0,0,0,0,0,0
ECK120034280,Non-promoter,0.0,0,0,0,0,0
ECK120010045,Non-promoter,0.0,0,0,0,0,0
ECK125165401,Non-promoter,0.0,0,0,0,0,0
ECK125135057,Non-promoter,0.0,0,0,0,0,0
ECK120051396,Non-promoter,0.0,0,0,0,0,0
ECK120015398,Non-promoter,0.0,0,0,0,0,0
ECK120034411,Non-promoter,0.0,0,0,0,0,0
ECK120010027,Non-promoter,0.0,0,0,0,0,0
ECK120010428,Non-promoter,0.0,0,0,0,0,0
ECK120010651,Non-promoter,0.0,0,0,0,0,0
ECK125095196,Non-promoter,0.0,0,0,0,0,0
ECK120034438,Non-promoter,0.0,0,0,0,0,0
ECK125095193,Non-promoter,0.0,0,0,0,0,0
ECK120010539,Non-promoter,0.0,0,0,0,0,0
ECK120010513,Non-promoter,0.0,0,0,0,0,0
ECK120010623,Non-promoter,0.0,0,0,0,0,0
ECK120034198,Non-promoter,0.0,0,0,0,0,0
ECK120010718,Non-promoter,0.0,0,0,0,0,0
ECK120035112,Non-promoter,0.0,0,0,0,0,0
ECK120034943,Non-promoter,0.0,0,0,0,0,0
ECK125135036,Non-promoter,0.0,0,0,0,0,0
ECK120034301,Non-promoter,0.0,0,0,0,0,0
ECK120034937,Non-promoter,0.0,0,0,0,0,0
ECK120030656,Non-promoter,0.0,0,0,0,0,0
ECK120010358,Non-promoter,0.0,0,0,0,0,0
ECK120010104,Non-promoter,0.0,0,0,0,0,0
ECK120010105,Non-promoter,0.0,0,0,0,0,0
ECK120010103,Non-promoter,0.0,0,0,0,0,0
ECK125145773,Non-promoter,0.0,0,0,0,0,0
ECK120010046,Non-promoter,0.0,0,0,0,0,0
ECK120009947,Non-promoter,0.0,0,0,0,0,0
ECK120010352,Non-promoter,0.0,0,0,0,0,0
ECK120030658,Non-promoter,0.0,0,0,0,0,0
ECK120034374,Non-promoter,0.0,0,0,0,0,0
ECK120010401,Non-promoter,0.0,0,0,0,0,0
ECK120015377,Non-promoter,0.0,0,0,0,0,0
ECK120034275,Non-promoter,0.0,0,0,0,0,0
ECK120020516,Non-promoter,0.0,0,0,0,0,0
ECK125165405,Non-promoter,0.0,0,0,0,0,0
ECK120010034,Non-promoter,0.0,0,0,0,0,0
ECK120009898,Non-promoter,0.0,0,0,0,0,0
ECK120034253,Non-promoter,0.0,0,0,0,0,0
ECK120034319,Non-promoter,0.0,0,0,0,0,0
ECK120034336,Non-promoter,0.0,0,0,0,0,0
ECK120034359,Non-promoter,0.0,0,0,0,0,0
ECK125135061,Non-promoter,0.0,0,0,0,0,0
ECK120030651,Non-promoter,0.0,0,0,0,0,0
ECK120030652,Non-promoter,0.0,0,0,0,0,0
ECK120035102,Non-promoter,0.0,0,0,0,0,0
ECK120033650,Non-promoter,0.0,0,0,0,0,0
ECK120010411,Non-promoter,0.0,0,0,0,0,0
ECK120034361,Non-promoter,0.0,0,0,0,0,0
ECK120010286,Non-promoter,0.0,0,0,0,0,0
ECK120010287,Non-promoter,0.0,0,0,0,0,0
ECK120016946,Non-promoter,0.0,0,0,0,0,0
ECK120030216,Non-promoter,0.0,0,0,0,0,0
ECK125095195,Non-promoter,0.0,0,0,0,0,0
ECK120051394,Non-promoter,0.0,0,0,0,0,0
ECK125135045,Non-promoter,0.0,0,0,0,0,0
ECK120034311,Non-promoter,0.0,0,0,0,0,0
ECK120010339,Non-promoter,0.0,0,0,0,0,0
ECK120010338,Non-promoter,0.0,0,0,0,0,0
ECK120010337,Non-promoter,0.0,0,0,0,0,0
ECK120009944,Non-promoter,0.0,0,0,0,0,0
ECK120030667,Non-promoter,0.0,0,0,0,0,0
ECK120030668,Non-promoter,0.0,0,0,0,0,0
ECK120030669,Non-promoter,0.0,0,0,0,0,0
ECK120034296,Non-promoter,0.0,0,0,0,0,0
ECK120034370,Non-promoter,0.0,0,0,0,0,0
ECK120020517,Non-promoter,0.0,0,0,0,0,0
ECK125095192,Non-promoter,0.0,0,0,0,0,0
ECK120010209,Non-promoter,0.0,0,0,0,0,0
ECK125160782,Non-promoter,0.0,0,0,0,0,0
ECK125203429,Non-promoter,0.0,0,0,0,0,0
ECK125109866,Non-promoter,0.0,0,0,0,0,0
ECK120034287,Non-promoter,0.0,0,0,0,0,0
ECK120010504,Non-promoter,0.0,0,0,0,0,0
ECK120010509,Non-promoter,0.0,0,0,0,0,0
ECK120010354,Non-promoter,0.0,0,0,0,0,0
ECK120009880,Non-promoter,0.0,0,0,0,0,0
ECK120034255,Non-promoter,0.0,0,0,0,0,0
ECK120034256,Non-promoter,0.0,0,0,0,0,0
ECK120034422,Non-promoter,0.0,0,0,0,0,0
ECK120034347,Non-promoter,0.0,0,0,0,0,0
ECK120034348,Non-promoter,0.0,0,0,0,0,0
ECK120033245,Non-promoter,0.0,0,0,0,0,0
ECK120033246,Non-promoter,0.0,0,0,0,0,0
ECK120010551,Non-promoter,0.0,0,0,0,0,0
ECK120010552,Non-promoter,0.0,0,0,0,0,0
ECK120010553,Non-promoter,0.0,0,0,0,0,0
ECK120035126,Non-promoter,0.0,0,0,0,0,0
ECK120035127,Non-promoter,0.0,0,0,0,0,0
ECK120010033,Non-promoter,0.0,0,0,0,0,0
ECK120034260,Non-promoter,0.0,0,0,0,0,0
ECK125165947,Non-promoter,0.0,0,0,0,0,0
ECK120015383,Non-promoter,0.0,0,0,0,0,0
ECK125141981,Non-promoter,0.0,0,0,0,0,0
ECK120034262,Non-promoter,0.0,0,0,0,0,0
ECK120009919,Non-promoter,0.0,0,0,0,0,0
ECK120010565,Non-promoter,0.0,0,0,0,0,0
ECK120010570,Non-promoter,0.0,0,0,0,0,0
ECK125109859,Non-promoter,0.0,0,0,0,0,0
ECK120010307,Non-promoter,0.0,0,0,0,0,0
ECK120010302,Non-promoter,0.0,0,0,0,0,0
ECK120010712,Non-promoter,0.0,0,0,0,0,0
ECK120010713,Non-promoter,0.0,0,0,0,0,0
ECK120010714,Non-promoter,0.0,0,0,0,0,0
ECK120010715,Non-promoter,0.0,0,0,0,0,0
ECK120010304,Non-promoter,0.0,0,0,0,0,0
ECK120034400,Non-promoter,0.0,0,0,0,0,0
ECK120034230,Non-promoter,0.0,0,0,0,0,0
ECK120010031,Non-promoter,0.0,0,0,0,0,0
ECK120010032,Non-promoter,0.0,0,0,0,0,0
ECK120010054,Non-promoter,0.0,0,0,0,0,0
ECK120034366,Non-promoter,0.0,0,0,0,0,0
ECK120034367,Non-promoter,0.0,0,0,0,0,0
ECK120034368,Non-promoter,0.0,0,0,0,0,0
ECK120010760,Non-promoter,0.0,0,0,0,0,0
ECK120030210,Non-promoter,0.0,0,0,0,0,0
ECK120034306,Non-promoter,0.0,0,0,0,0,0
ECK120034235,Non-promoter,0.0,0,0,0,0,0
ECK120034433,Non-promoter,0.0,0,0,0,0,0
ECK120015166,Non-promoter,0.0,0,0,0,0,0
ECK120015165,Non-promoter,0.0,0,0,0,0,0
ECK120010106,Non-promoter,0.0,0,0,0,0,0
ECK120034234,Non-promoter,0.0,0,0,0,0,0
ECK125135035,Non-promoter,0.0,0,0,0,0,0
ECK120010321,Non-promoter,0.0,0,0,0,0,0
ECK120010747,Non-promoter,0.0,0,0,0,0,0
ECK120034379,Non-promoter,0.0,0,0,0,0,0
ECK120010726,Non-promoter,0.0,0,0,0,0,0
ECK120010727,Non-promoter,0.0,0,0,0,0,0
ECK120010730,Non-promoter,0.0,0,0,0,0,0
ECK120010518,Non-promoter,0.0,0,0,0,0,0
ECK120034431,Non-promoter,0.0,0,0,0,0,0
ECK125145774,Non-promoter,0.0,0,0,0,0,0
ECK120010014,Non-promoter,0.0,0,0,0,0,0
ECK120010039,Non-promoter,0.0,0,0,0,0,0
ECK120030654,Non-promoter,0.0,0,0,0,0,0
ECK120010421,Non-promoter,0.0,0,0,0,0,0
ECK120010420,Non-promoter,0.0,0,0,0,0,0
ECK120010279,Non-promoter,0.0,0,0,0,0,0
ECK120010331,Non-promoter,0.0,0,0,0,0,0
ECK120034252,Non-promoter,0.0,0,0,0,0,0
ECK120034205,Non-promoter,0.0,0,0,0,0,0
ECK120034408,Non-promoter,0.0,0,0,0,0,0
ECK120034398,Non-promoter,0.0,0,0,0,0,0
ECK120034399,Non-promoter,0.0,0,0,0,0,0
ECK120034419,Non-promoter,0.0,0,0,0,0,0
ECK120034341,Non-promoter,0.0,0,0,0,0,0
ECK120034342,Non-promoter,0.0,0,0,0,0,0
ECK120034343,Non-promoter,0.0,0,0,0,0,0
ECK120010291,Non-promoter,0.0,0,0,0,0,0
ECK120010041,Non-promoter,0.0,0,0,0,0,0
ECK120030795,Non-promoter,0.0,0,0,0,0,0
ECK120034191,Non-promoter,0.0,0,0,0,0,0
ECK120010363,Non-promoter,0.0,0,0,0,0,0
ECK125160647,Non-promoter,0.0,0,0,0,0,0
ECK125141557,Non-promoter,0.0,0,0,0,0,0
ECK125141555,Non-promoter,0.0,0,0,0,0,0
ECK125141556,Non-promoter,0.0,0,0,0,0,0
ECK120034274,Non-promoter,0.0,0,0,0,0,0
ECK120034426,Non-promoter,0.0,0,0,0,0,0
ECK120010555,Non-promoter,0.0,0,0,0,0,0
ECK120010328,Non-promoter,0.0,0,0,0,0,0
ECK120016585,Non-promoter,0.0,0,0,0,0,0
ECK120034392,Non-promoter,0.0,0,0,0,0,0
ECK120009843,Non-promoter,0.0,0,0,0,0,0
ECK120034185,Non-promoter,0.0,0,0,0,0,0
ECK120035129,Non-promoter,0.0,0,0,0,0,0
ECK120010078,Non-promoter,0.0,0,0,0,0,0
ECK120034440,Non-promoter,0.0,0,0,0,0,0
ECK120034403,Non-promoter,0.0,0,0,0,0,0
ECK120034404,Non-promoter,0.0,0,0,0,0,0
ECK120034195,Non-promoter,0.0,0,0,0,0,0
ECK120010734,Non-promoter,0.0,0,0,0,0,0
ECK120010735,Non-promoter,0.0,0,0,0,0,0
ECK125141453,Non-promoter,0.0,0,0,0,0,0
ECK125095190,Non-promoter,0.0,0,0,0,0,0
ECK120035109,Non-promoter,0.0,0,0,0,0,0
ECK120035110,Non-promoter,0.0,0,0,0,0,0
ECK120034267,Non-promoter,0.0,0,0,0,0,0
ECK125165404,Non-promoter,0.0,0,0,0,0,0
ECK120015428,Non-promoter,0.0,0,0,0,0,0
ECK120010433,Non-promoter,0.0,0,0,0,0,0
ECK120015429,Non-promoter,0.0,0,0,0,0,0
ECK120010640,Non-promoter,0.0,0,0,0,0,0
ECK120034196,Non-promoter,0.0,0,0,0,0,0
ECK120010542,Non-promoter,0.0,0,0,0,0,0
ECK120034339,Non-promoter,0.0,0,0,0,0,0
ECK120034244,Non-promoter,0.0,0,0,0,0,0
ECK120034271,Non-promoter,0.0,0,0,0,0,0
ECK120009859,Non-promoter,0.0,0,0,0,0,0
ECK120009860,Non-promoter,0.0,0,0,0,0,0
ECK120015168,Non-promoter,0.0,0,0,0,0,0
ECK120010690,Non-promoter,0.0,0,0,0,0,0
ECK120010691,Non-promoter,0.0,0,0,0,0,0
ECK120033222,Non-promoter,0.0,0,0,0,0,0
ECK120034329,Non-promoter,0.0,0,0,0,0,0
ECK120034396,Non-promoter,0.0,0,0,0,0,0
ECK120030646,Non-promoter,0.0,0,0,0,0,0
ECK120034321,Non-promoter,0.0,0,0,0,0,0
ECK120034303,Non-promoter,0.0,0,0,0,0,0
ECK120010672,Non-promoter,0.0,0,0,0,0,0
ECK120029974,Non-promoter,0.0,0,0,0,0,0
ECK120010083,Non-promoter,0.0,0,0,0,0,0
ECK120010084,Non-promoter,0.0,0,0,0,0,0
ECK120034429,Non-promoter,0.0,0,0,0,0,0
ECK120015402,Non-promoter,0.0,0,0,0,0,0
ECK120010101,Non-promoter,0.0,0,0,0,0,0
ECK120020520,Non-promoter,0.0,0,0,0,0,0
ECK125135049,Non-promoter,0.0,0,0,0,0,0
ECK120030794,Non-promoter,0.0,0,0,0,0,0
ECK120020518,Non-promoter,0.0,0,0,0,0,0
ECK120010758,Non-promoter,0.0,0,0,0,0,0
ECK120029973,Non-promoter,0.0,0,0,0,0,0
ECK120010699,Non-promoter,0.0,0,0,0,0,0
ECK120029473,Non-promoter,0.0,0,0,0,0,0
ECK120020521,Non-promoter,0.0,0,0,0,0,0
ECK120010536,Non-promoter,0.0,0,0,0,0,0
ECK120049218,Non-promoter,0.0,0,0,0,0,0
ECK120010573,Non-promoter,0.0,0,0,0,0,0
ECK120010572,Non-promoter,0.0,0,0,0,0,0
ECK120015406,Non-promoter,0.0,0,0,0,0,0
ECK120022344,Non-promoter,0.0,0,0,0,0,0
ECK120022342,Non-promoter,0.0,0,0,0,0,0
ECK120021268,Non-promoter,0.0,0,0,0,0,0
ECK120021267,Non-promoter,0.0,0,0,0,0,0
ECK120010695,Non-promoter,0.0,0,0,0,0,0
ECK120015404,Non-promoter,0.0,0,0,0,0,0
ECK120010353,Non-promoter,0.0,0,0,0,0,0
ECK120026306,Non-promoter,0.0,0,0,0,0,0
ECK120010725,Non-promoter,0.0,0,0,0,0,0
ECK120034276,Non-promoter,0.0,0,0,0,0,0
ECK120010290,Non-promoter,0.0,0,0,0,0,0
ECK120010289,Non-promoter,0.0,0,0,0,0,0
ECK120034194,Non-promoter,0.0,0,0,0,0,0
ECK120034350,Non-promoter,0.0,0,0,0,0,0
ECK120020543,Non-promoter,0.0,0,0,0,0,0
ECK120010462,Non-promoter,0.0,0,0,0,0,0
ECK120010463,Non-promoter,0.0,0,0,0,0,0
ECK120010464,Non-promoter,0.0,0,0,0,0,0
ECK120010465,Non-promoter,0.0,0,0,0,0,0
ECK120010466,Non-promoter,0.0,0,0,0,0,0
ECK120017002,Non-promoter,0.0,0,0,0,0,0
ECK125109853,Non-promoter,0.0,0,0,0,0,0
ECK120010329,Non-promoter,0.0,0,0,0,0,0
ECK120010624,Non-promoter,0.0,0,0,0,0,0
ECK120010745,Non-promoter,0.0,0,0,0,0,0
ECK120010705,Non-promoter,0.0,0,0,0,0,0
ECK120020544,Non-promoter,0.0,0,0,0,0,0
ECK120034376,Non-promoter,0.0,0,0,0,0,0
ECK120010757,Non-promoter,0.0,0,0,0,0,0
ECK120033260,Non-promoter,0.0,0,0,0,0,0
ECK120034375,Non-promoter,0.0,0,0,0,0,0
ECK120010435,Non-promoter,0.0,0,0,0,0,0
ECK120034344,Non-promoter,0.0,0,0,0,0,0
ECK120034327,Non-promoter,0.0,0,0,0,0,0
ECK120034409,Non-promoter,0.0,0,0,0,0,0
ECK120030791,Non-promoter,0.0,0,0,0,0,0
ECK120034248,Non-promoter,0.0,0,0,0,0,0
ECK120009861,Non-promoter,0.0,0,0,0,0,0
ECK120010314,Non-promoter,0.0,0,0,0,0,0
ECK120010316,Non-promoter,0.0,0,0,0,0,0
ECK125109858,Non-promoter,0.0,0,0,0,0,0
ECK120034297,Non-promoter,0.0,0,0,0,0,0
ECK120010373,Non-promoter,0.0,0,0,0,0,0
ECK120010448,Non-promoter,0.0,0,0,0,0,0
ECK120010447,Non-promoter,0.0,0,0,0,0,0
ECK125135030,Non-promoter,0.0,0,0,0,0,0
ECK120034360,Non-promoter,0.0,0,0,0,0,0
ECK120010292,Non-promoter,0.0,0,0,0,0,0
ECK120034299,Non-promoter,0.0,0,0,0,0,0
ECK120049217,Non-promoter,0.0,0,0,0,0,0
ECK125165408,Non-promoter,0.0,0,0,0,0,0
ECK120034340,Non-promoter,0.0,0,0,0,0,0
ECK120010404,Non-promoter,0.0,0,0,0,0,0
ECK120010405,Non-promoter,0.0,0,0,0,0,0
ECK120009995,Non-promoter,0.0,0,0,0,0,0
ECK120010425,Non-promoter,0.0,0,0,0,0,0
ECK120034310,Non-promoter,0.0,0,0,0,0,0
ECK120034377,Non-promoter,0.0,0,0,0,0,0
ECK120015436,Non-promoter,0.0,0,0,0,0,0
ECK120034432,Non-promoter,0.0,0,0,0,0,0
ECK120034298,Non-promoter,0.0,0,0,0,0,0
ECK120034330,Non-promoter,0.0,0,0,0,0,0
ECK120009915,Non-promoter,0.0,0,0,0,0,0
ECK125145767,Non-promoter,0.0,0,0,0,0,0
ECK120034425,Non-promoter,0.0,0,0,0,0,0
ECK120034202,Non-promoter,0.0,0,0,0,0,0
ECK120010288,Non-promoter,0.0,0,0,0,0,0
ECK120010739,Non-promoter,0.0,0,0,0,0,0
ECK120015489,Non-promoter,0.0,0,0,0,0,0
ECK120010628,Non-promoter,0.0,0,0,0,0,0
ECK120010402,Non-promoter,0.0,0,0,0,0,0
ECK120015378,Non-promoter,0.0,0,0,0,0,0
ECK120010441,Non-promoter,0.0,0,0,0,0,0
ECK120010440,Non-promoter,0.0,0,0,0,0,0
ECK120010330,Non-promoter,0.0,0,0,0,0,0
ECK120010696,Non-promoter,0.0,0,0,0,0,0
ECK120034204,Non-promoter,0.0,0,0,0,0,0
ECK120010413,Non-promoter,0.0,0,0,0,0,0
ECK120010414,Non-promoter,0.0,0,0,0,0,0
ECK120010412,Non-promoter,0.0,0,0,0,0,0
ECK120010442,Non-promoter,0.0,0,0,0,0,0
ECK120010692,Non-promoter,0.0,0,0,0,0,0
ECK120034292,Non-promoter,0.0,0,0,0,0,0
ECK120034293,Non-promoter,0.0,0,0,0,0,0
ECK120034294,Non-promoter,0.0,0,0,0,0,0
ECK120034295,Non-promoter,0.0,0,0,0,0,0
ECK125135052,Non-promoter,0.0,0,0,0,0,0
ECK120030792,Non-promoter,0.0,0,0,0,0,0
ECK120010392,Non-promoter,0.0,0,0,0,0,0
ECK120034322,Non-promoter,0.0,0,0,0,0,0
ECK120010386,Non-promoter,0.0,0,0,0,0,0
ECK120034378,Non-promoter,0.0,0,0,0,0,0
ECK120034427,Non-promoter,0.0,0,0,0,0,0
ECK120010070,Non-promoter,0.0,0,0,0,0,0
ECK120015399,Non-promoter,0.0,0,0,0,0,0
ECK120016936,Non-promoter,0.0,0,0,0,0,0
ECK120010341,Non-promoter,0.0,0,0,0,0,0
ECK120030793,Non-promoter,0.0,0,0,0,0,0
ECK120010347,Non-promoter,0.0,0,0,0,0,0
ECK120034257,Non-promoter,0.0,0,0,0,0,0
ECK120034258,Non-promoter,0.0,0,0,0,0,0
ECK120030784,Non-promoter,0.0,0,0,0,0,0
ECK125108939,Non-promoter,0.0,0,0,0,0,0
ECK125108942,Non-promoter,0.0,0,0,0,0,0
ECK120033687,Non-promoter,0.0,0,0,0,0,0
ECK125165407,Non-promoter,0.0,0,0,0,0,0
ECK120034188,Non-promoter,0.0,0,0,0,0,0
ECK125165400,Non-promoter,0.0,0,0,0,0,0
ECK120035122,Non-promoter,0.0,0,0,0,0,0
ECK120015400,Non-promoter,0.0,0,0,0,0,0
ECK120015401,Non-promoter,0.0,0,0,0,0,0
ECK120029526,Non-promoter,0.0,0,0,0,0,0
ECK120034200,Non-promoter,0.0,0,0,0,0,0
ECK120010582,Non-promoter,0.0,0,0,0,0,0
ECK120032975,Non-promoter,0.0,0,0,0,0,0
ECK120032983,Non-promoter,0.0,0,0,0,0,0
ECK120034285,Non-promoter,0.0,0,0,0,0,0
ECK120034313,Non-promoter,0.0,0,0,0,0,0
ECK120010483,Non-promoter,0.0,0,0,0,0,0
ECK120009876,Non-promoter,0.0,0,0,0,0,0
ECK120034279,Non-promoter,0.0,0,0,0,0,0
ECK120034390,Non-promoter,0.0,0,0,0,0,0
ECK120010711,Non-promoter,0.0,0,0,0,0,0
ECK120033675,Non-promoter,0.0,0,0,0,0,0
ECK125229301,Non-promoter,0.0,0,0,0,0,0
ECK120010189,Non-promoter,0.0,0,0,0,0,0
ECK120016781,Non-promoter,0.0,0,0,0,0,0
ECK120034416,Non-promoter,0.0,0,0,0,0,0
ECK120010627,Non-promoter,0.0,0,0,0,0,0
ECK125138144,Non-promoter,0.0,0,0,0,0,0
ECK120034264,Non-promoter,0.0,0,0,0,0,0
ECK120016981,Non-promoter,0.0,0,0,0,0,0
ECK120034415,Non-promoter,0.0,0,0,0,0,0
ECK120010980,Non-promoter,0.0,0,0,0,0,0
ECK120034304,Non-promoter,0.0,0,0,0,0,0
ECK120035113,Non-promoter,0.0,0,0,0,0,0
ECK120034232,Non-promoter,0.0,0,0,0,0,0
ECK120034187,Non-promoter,0.0,0,0,0,0,0
ECK120034328,Non-promoter,0.0,0,0,0,0,0
ECK120010342,Non-promoter,0.0,0,0,0,0,0
ECK120026307,Non-promoter,0.0,0,0,0,0,0
ECK120034236,Non-promoter,0.0,0,0,0,0,0
ECK120034277,Non-promoter,0.0,0,0,0,0,0
ECK120010064,Non-promoter,0.0,0,0,0,0,0
ECK120010068,Non-promoter,0.0,0,0,0,0,0
ECK120010301,Non-promoter,0.0,0,0,0,0,0
ECK120010364,Non-promoter,0.0,0,0,0,0,0
ECK120009879,Non-promoter,0.0,0,0,0,0,0
ECK120010069,Non-promoter,0.0,0,0,0,0,0
ECK120010525,Non-promoter,0.0,0,0,0,0,0
ECK120034220,Non-promoter,0.0,0,0,0,0,0
ECK120034222,Non-promoter,0.0,0,0,0,0,0
ECK120034424,Non-promoter,0.0,0,0,0,0,0
ECK120010426,Non-promoter,0.0,0,0,0,0,0
ECK125095191,Non-promoter,0.0,0,0,0,0,0
ECK120015160,Non-promoter,0.0,0,0,0,0,0
ECK120010746,Non-promoter,0.0,0,0,0,0,0
ECK120010754,Non-promoter,0.0,0,0,0,0,0
ECK120010751,Non-promoter,0.0,0,0,0,0,0
ECK120034395,Non-promoter,0.0,0,0,0,0,0
ECK125135026,Non-promoter,0.0,0,0,0,0,0
ECK125135027,Non-promoter,0.0,0,0,0,0,0
ECK120034401,Non-promoter,0.0,0,0,0,0,0
ECK120034402,Non-promoter,0.0,0,0,0,0,0
ECK120034405,Non-promoter,0.0,0,0,0,0,0
ECK120034410,Non-promoter,0.0,0,0,0,0,0
ECK125135028,Non-promoter,0.0,0,0,0,0,0
ECK120010625,Non-promoter,0.0,0,0,0,0,0
ECK120034412,Non-promoter,0.0,0,0,0,0,0
ECK120034413,Non-promoter,0.0,0,0,0,0,0
ECK120034420,Non-promoter,0.0,0,0,0,0,0
ECK125135029,Non-promoter,0.0,0,0,0,0,0
ECK120009946,Non-promoter,0.0,0,0,0,0,0
ECK120034421,Non-promoter,0.0,0,0,0,0,0
ECK120034423,Non-promoter,0.0,0,0,0,0,0
ECK120034428,Non-promoter,0.0,0,0,0,0,0
ECK120016933,Non-promoter,0.0,0,0,0,0,0
ECK120016934,Non-promoter,0.0,0,0,0,0,0
ECK120033734,Non-promoter,0.0,0,0,0,0,0
ECK120034430,Non-promoter,0.0,0,0,0,0,0
ECK125135033,Non-promoter,0.0,0,0,0,0,0
ECK120016183,Non-promoter,0.0,0,0,0,0,0
ECK120015405,Non-promoter,0.0,0,0,0,0,0
ECK120034184,Non-promoter,0.0,0,0,0,0,0
ECK120034186,Non-promoter,0.0,0,0,0,0,0
ECK120034190,Non-promoter,0.0,0,0,0,0,0
ECK120034192,Non-promoter,0.0,0,0,0,0,0
ECK125135034,Non-promoter,0.0,0,0,0,0,0
ECK125135021,Non-promoter,0.0,0,0,0,0,0
ECK120009844,Non-promoter,0.0,0,0,0,0,0
ECK120010318,Non-promoter,0.0,0,0,0,0,0
ECK120010319,Non-promoter,0.0,0,0,0,0,0
ECK120034209,Non-promoter,0.0,0,0,0,0,0
ECK120034207,Non-promoter,0.0,0,0,0,0,0
ECK120034211,Non-promoter,0.0,0,0,0,0,0
ECK120034212,Non-promoter,0.0,0,0,0,0,0
ECK120034213,Non-promoter,0.0,0,0,0,0,0
ECK120034218,Non-promoter,0.0,0,0,0,0,0
ECK120034221,Non-promoter,0.0,0,0,0,0,0
ECK125135039,Non-promoter,0.0,0,0,0,0,0
ECK125135038,Non-promoter,0.0,0,0,0,0,0
ECK125135040,Non-promoter,0.0,0,0,0,0,0
ECK120034224,Non-promoter,0.0,0,0,0,0,0
ECK120034228,Non-promoter,0.0,0,0,0,0,0
ECK120034229,Non-promoter,0.0,0,0,0,0,0
ECK125135041,Non-promoter,0.0,0,0,0,0,0
ECK120034233,Non-promoter,0.0,0,0,0,0,0
ECK120016935,Non-promoter,0.0,0,0,0,0,0
ECK120034240,Non-promoter,0.0,0,0,0,0,0
ECK120020519,Non-promoter,0.0,0,0,0,0,0
ECK125108940,Non-promoter,0.0,0,0,0,0,0
ECK120034245,Non-promoter,0.0,0,0,0,0,0
ECK120034246,Non-promoter,0.0,0,0,0,0,0
ECK125135044,Non-promoter,0.0,0,0,0,0,0
ECK125165399,Non-promoter,0.0,0,0,0,0,0
ECK120034259,Non-promoter,0.0,0,0,0,0,0
ECK120034261,Non-promoter,0.0,0,0,0,0,0
ECK120034263,Non-promoter,0.0,0,0,0,0,0
ECK125135048,Non-promoter,0.0,0,0,0,0,0
ECK125135047,Non-promoter,0.0,0,0,0,0,0
ECK125165402,Non-promoter,0.0,0,0,0,0,0
ECK125165403,Non-promoter,0.0,0,0,0,0,0
ECK120034269,Non-promoter,0.0,0,0,0,0,0
ECK125165945,Non-promoter,0.0,0,0,0,0,0
ECK120034270,Non-promoter,0.0,0,0,0,0,0
ECK125158029,Non-promoter,0.0,0,0,0,0,0
ECK125109860,Non-promoter,0.0,0,0,0,0,0
ECK120034281,Non-promoter,0.0,0,0,0,0,0
ECK120034282,Non-promoter,0.0,0,0,0,0,0
ECK120034283,Non-promoter,0.0,0,0,0,0,0
ECK120034284,Non-promoter,0.0,0,0,0,0,0
ECK120034288,Non-promoter,0.0,0,0,0,0,0
ECK120016780,Non-promoter,0.0,0,0,0,0,0
ECK120034300,Non-promoter,0.0,0,0,0,0,0
ECK120034302,Non-promoter,0.0,0,0,0,0,0
ECK120015376,Non-promoter,0.0,0,0,0,0,0
ECK120010085,Non-promoter,0.0,0,0,0,0,0
ECK120034308,Non-promoter,0.0,0,0,0,0,0
ECK120034307,Non-promoter,0.0,0,0,0,0,0
ECK125165397,Non-promoter,0.0,0,0,0,0,0
ECK120034312,Non-promoter,0.0,0,0,0,0,0
ECK120034314,Non-promoter,0.0,0,0,0,0,0
ECK120034315,Non-promoter,0.0,0,0,0,0,0
ECK120034316,Non-promoter,0.0,0,0,0,0,0
ECK120034318,Non-promoter,0.0,0,0,0,0,0
ECK120034325,Non-promoter,0.0,0,0,0,0,0
ECK120034326,Non-promoter,0.0,0,0,0,0,0
ECK120034332,Non-promoter,0.0,0,0,0,0,0
ECK120034334,Non-promoter,0.0,0,0,0,0,0
ECK120035101,Non-promoter,0.0,0,0,0,0,0
ECK120034337,Non-promoter,0.0,0,0,0,0,0
ECK120010081,Non-promoter,0.0,0,0,0,0,0
ECK125165393,Non-promoter,0.0,0,0,0,0,0
ECK120034346,Non-promoter,0.0,0,0,0,0,0
ECK120034352,Non-promoter,0.0,0,0,0,0,0
ECK120034353,Non-promoter,0.0,0,0,0,0,0
ECK120034358,Non-promoter,0.0,0,0,0,0,0
ECK120034364,Non-promoter,0.0,0,0,0,0,0
ECK125135058,Non-promoter,0.0,0,0,0,0,0
ECK125135059,Non-promoter,0.0,0,0,0,0,0
ECK120034365,Non-promoter,0.0,0,0,0,0,0
ECK120034369,Non-promoter,0.0,0,0,0,0,0
ECK120026308,Non-promoter,0.0,0,0,0,0,0
ECK120034381,Non-promoter,0.0,0,0,0,0,0
ECK125165396,Non-promoter,0.0,0,0,0,0,0
ECK120034417,Non-promoter,0.0,0,0,0,0,0
ECK120034219,Non-promoter,0.0,0,0,0,0,0
ECK125165395,Non-promoter,0.0,0,0,0,0,0
ECK120034225,Non-promoter,0.0,0,0,0,0,0
ECK120034226,Non-promoter,0.0,0,0,0,0,0
ECK120034231,Non-promoter,0.0,0,0,0,0,0
ECK125135042,Non-promoter,0.0,0,0,0,0,0
ECK120034241,Non-promoter,0.0,0,0,0,0,0
ECK120034242,Non-promoter,0.0,0,0,0,0,0
ECK120034243,Non-promoter,0.0,0,0,0,0,0
ECK125135043,Non-promoter,0.0,0,0,0,0,0
ECK125165394,Non-promoter,0.0,0,0,0,0,0
ECK120034247,Non-promoter,0.0,0,0,0,0,0
ECK125135046,Non-promoter,0.0,0,0,0,0,0
ECK125135050,Non-promoter,0.0,0,0,0,0,0
ECK125145771,Non-promoter,0.0,0,0,0,0,0
ECK120035128,Non-promoter,0.0,0,0,0,0,0
ECK125165398,Non-promoter,0.0,0,0,0,0,0
ECK120022065,Non-promoter,0.0,0,0,0,0,0
ECK125135054,Non-promoter,0.0,0,0,0,0,0
ECK120015397,Non-promoter,0.0,0,0,0,0,0
ECK120034373,Non-promoter,0.0,0,0,0,0,0
ECK120016779,Non-promoter,0.0,0,0,0,0,0
ECK120010452,Non-promoter,0.0,0,0,0,0,0
ECK120010446,Non-promoter,0.0,0,0,0,0,0
ECK125135053,Non-promoter,0.0,0,0,0,0,0
ECK125137714,Non-promoter,0.0,0,0,0,0,0
ECK125137420,Non-promoter,0.0,0,0,0,0,0
ECK125137421,Non-promoter,0.0,0,0,0,0,0
ECK125137463,Non-promoter,0.0,0,0,0,0,0
ECK125137369,Non-promoter,0.0,0,0,0,0,0
ECK125136365,Non-promoter,0.0,0,0,0,0,0
ECK125136491,Non-promoter,0.0,0,0,0,0,0
ECK125136359,Non-promoter,0.0,0,0,0,0,0
ECK125137294,Non-promoter,0.0,0,0,0,0,0
ECK125136669,Non-promoter,0.0,0,0,0,0,0
ECK125137992,Non-promoter,0.0,0,0,0,0,0
ECK125137076,Non-promoter,0.0,0,0,0,0,0
ECK125136915,Non-promoter,0.0,0,0,0,0,0
ECK125136916,Non-promoter,0.0,0,0,0,0,0
ECK125137842,Non-promoter,0.0,0,0,0,0,0
ECK125137288,Non-promoter,0.0,0,0,0,0,0
ECK125137074,Non-promoter,0.0,0,0,0,0,0
ECK125136563,Non-promoter,0.0,0,0,0,0,0
ECK125137207,Non-promoter,0.0,0,0,0,0,0
ECK125136579,Non-promoter,0.0,0,0,0,0,0
ECK125137971,Non-promoter,0.0,0,0,0,0,0
ECK125136566,Non-promoter,0.0,0,0,0,0,0
ECK125136734,Non-promoter,0.0,0,0,0,0,0
ECK125137460,Non-promoter,0.0,0,0,0,0,0
ECK125136998,Non-promoter,0.0,0,0,0,0,0
ECK125136716,Non-promoter,0.0,0,0,0,0,0
ECK125136717,Non-promoter,0.0,0,0,0,0,0
ECK125136920,Non-promoter,0.0,0,0,0,0,0
ECK125136674,Non-promoter,0.0,0,0,0,0,0
ECK125137379,Non-promoter,0.0,0,0,0,0,0
ECK125136574,Non-promoter,0.0,0,0,0,0,0
ECK125136884,Non-promoter,0.0,0,0,0,0,0
ECK125137803,Non-promoter,0.0,0,0,0,0,0
ECK125137804,Non-promoter,0.0,0,0,0,0,0
ECK125137684,Non-promoter,0.0,0,0,0,0,0
ECK125136388,Non-promoter,0.0,0,0,0,0,0
ECK125136391,Non-promoter,0.0,0,0,0,0,0
ECK125137315,Non-promoter,0.0,0,0,0,0,0
ECK125136693,Non-promoter,0.0,0,0,0,0,0
ECK125136696,Non-promoter,0.0,0,0,0,0,0
ECK125137358,Non-promoter,0.0,0,0,0,0,0
ECK125137730,Non-promoter,0.0,0,0,0,0,0
ECK125137732,Non-promoter,0.0,0,0,0,0,0
ECK125136709,Non-promoter,0.0,0,0,0,0,0
ECK125136494,Non-promoter,0.0,0,0,0,0,0
ECK125136532,Non-promoter,0.0,0,0,0,0,0
ECK125136749,Non-promoter,0.0,0,0,0,0,0
ECK125138032,Non-promoter,0.0,0,0,0,0,0
ECK125138033,Non-promoter,0.0,0,0,0,0,0
ECK125136387,Non-promoter,0.0,0,0,0,0,0
ECK125137687,Non-promoter,0.0,0,0,0,0,0
ECK125137594,Non-promoter,0.0,0,0,0,0,0
ECK125137792,Non-promoter,0.0,0,0,0,0,0
ECK125136969,Non-promoter,0.0,0,0,0,0,0
ECK125136970,Non-promoter,0.0,0,0,0,0,0
ECK125136711,Non-promoter,0.0,0,0,0,0,0
ECK125137779,Non-promoter,0.0,0,0,0,0,0
ECK125137618,Non-promoter,0.0,0,0,0,0,0
ECK125138010,Non-promoter,0.0,0,0,0,0,0
ECK125138012,Non-promoter,0.0,0,0,0,0,0
ECK125136380,Non-promoter,0.0,0,0,0,0,0
ECK125137586,Non-promoter,0.0,0,0,0,0,0
ECK125137873,Non-promoter,0.0,0,0,0,0,0
ECK125137488,Non-promoter,0.0,0,0,0,0,0
ECK125137414,Non-promoter,0.0,0,0,0,0,0
ECK125136666,Non-promoter,0.0,0,0,0,0,0
ECK125137633,Non-promoter,0.0,0,0,0,0,0
ECK125137848,Non-promoter,0.0,0,0,0,0,0
ECK120035105,Non-promoter,0.0,0,0,0,0,0
ECK125138102,Non-promoter,0.0,0,0,0,0,0
ECK125137532,Non-promoter,0.0,0,0,0,0,0
ECK125137533,Non-promoter,0.0,0,0,0,0,0
ECK125137477,Non-promoter,0.0,0,0,0,0,0
ECK125122036,Non-promoter,0.0,0,0,0,0,0
ECK125136474,Non-promoter,0.0,0,0,0,0,0
ECK125136595,Non-promoter,0.0,0,0,0,0,0
ECK125137849,Non-promoter,0.0,0,0,0,0,0
ECK120015517,Non-promoter,0.0,0,0,0,0,0
ECK125136533,Non-promoter,0.0,0,0,0,0,0
ECK125136886,Non-promoter,0.0,0,0,0,0,0
ECK125137383,Non-promoter,0.0,0,0,0,0,0
ECK125137410,Non-promoter,0.0,0,0,0,0,0
ECK125137400,Non-promoter,0.0,0,0,0,0,0
ECK125137401,Non-promoter,0.0,0,0,0,0,0
ECK125137118,Non-promoter,0.0,0,0,0,0,0
ECK125137119,Non-promoter,0.0,0,0,0,0,0
ECK125136818,Non-promoter,0.0,0,0,0,0,0
ECK125137422,Non-promoter,0.0,0,0,0,0,0
ECK125136363,Non-promoter,0.0,0,0,0,0,0
ECK125138110,Non-promoter,0.0,0,0,0,0,0
ECK125136572,Non-promoter,0.0,0,0,0,0,0
ECK125136781,Non-promoter,0.0,0,0,0,0,0
ECK125136598,Non-promoter,0.0,0,0,0,0,0
ECK125136408,Non-promoter,0.0,0,0,0,0,0
ECK125136438,Non-promoter,0.0,0,0,0,0,0
ECK125136439,Non-promoter,0.0,0,0,0,0,0
ECK125137487,Non-promoter,0.0,0,0,0,0,0
ECK125136801,Non-promoter,0.0,0,0,0,0,0
ECK125136798,Non-promoter,0.0,0,0,0,0,0
ECK125137606,Non-promoter,0.0,0,0,0,0,0
ECK125137040,Non-promoter,0.0,0,0,0,0,0
ECK125138017,Non-promoter,0.0,0,0,0,0,0
ECK125137261,Non-promoter,0.0,0,0,0,0,0
ECK125137262,Non-promoter,0.0,0,0,0,0,0
ECK125136810,Non-promoter,0.0,0,0,0,0,0
ECK125136417,Non-promoter,0.0,0,0,0,0,0
ECK125136418,Non-promoter,0.0,0,0,0,0,0
ECK125136879,Non-promoter,0.0,0,0,0,0,0
ECK125137291,Non-promoter,0.0,0,0,0,0,0
ECK125137244,Non-promoter,0.0,0,0,0,0,0
ECK125137188,Non-promoter,0.0,0,0,0,0,0
ECK125137500,Non-promoter,0.0,0,0,0,0,0
ECK125138090,Non-promoter,0.0,0,0,0,0,0
ECK125136957,Non-promoter,0.0,0,0,0,0,0
ECK125137061,Non-promoter,0.0,0,0,0,0,0
ECK125137758,Non-promoter,0.0,0,0,0,0,0
ECK125137080,Non-promoter,0.0,0,0,0,0,0
ECK125136930,Non-promoter,0.0,0,0,0,0,0
ECK125137359,Non-promoter,0.0,0,0,0,0,0
ECK125137360,Non-promoter,0.0,0,0,0,0,0
ECK125136755,Non-promoter,0.0,0,0,0,0,0
ECK125136756,Non-promoter,0.0,0,0,0,0,0
ECK125136373,Non-promoter,0.0,0,0,0,0,0
ECK125137790,Non-promoter,0.0,0,0,0,0,0
ECK125136944,Non-promoter,0.0,0,0,0,0,0
ECK125136945,Non-promoter,0.0,0,0,0,0,0
ECK125136860,Non-promoter,0.0,0,0,0,0,0
ECK125136776,Non-promoter,0.0,0,0,0,0,0
ECK125136991,Non-promoter,0.0,0,0,0,0,0
ECK125137623,Non-promoter,0.0,0,0,0,0,0
ECK125136600,Non-promoter,0.0,0,0,0,0,0
ECK125137567,Non-promoter,0.0,0,0,0,0,0
ECK125137057,Non-promoter,0.0,0,0,0,0,0
ECK125136956,Non-promoter,0.0,0,0,0,0,0
ECK125137271,Non-promoter,0.0,0,0,0,0,0
ECK125137270,Non-promoter,0.0,0,0,0,0,0
ECK125136887,Non-promoter,0.0,0,0,0,0,0
ECK125137239,Non-promoter,0.0,0,0,0,0,0
ECK125137295,Non-promoter,0.0,0,0,0,0,0
ECK125137929,Non-promoter,0.0,0,0,0,0,0
ECK125136999,Non-promoter,0.0,0,0,0,0,0
ECK125137813,Non-promoter,0.0,0,0,0,0,0
ECK125137808,Non-promoter,0.0,0,0,0,0,0
ECK125137810,Non-promoter,0.0,0,0,0,0,0
ECK125136594,Non-promoter,0.0,0,0,0,0,0
ECK125136641,Non-promoter,0.0,0,0,0,0,0
ECK125137634,Non-promoter,0.0,0,0,0,0,0
ECK125136361,Non-promoter,0.0,0,0,0,0,0
ECK125137995,Non-promoter,0.0,0,0,0,0,0
ECK125137440,Non-promoter,0.0,0,0,0,0,0
ECK125137794,Non-promoter,0.0,0,0,0,0,0
ECK125137554,Non-promoter,0.0,0,0,0,0,0
ECK125137775,Non-promoter,0.0,0,0,0,0,0
ECK125137776,Non-promoter,0.0,0,0,0,0,0
ECK125136724,Non-promoter,0.0,0,0,0,0,0
ECK125136979,Non-promoter,0.0,0,0,0,0,0
ECK125136869,Non-promoter,0.0,0,0,0,0,0
ECK125136484,Non-promoter,0.0,0,0,0,0,0
ECK125137892,Non-promoter,0.0,0,0,0,0,0
ECK125136883,Non-promoter,0.0,0,0,0,0,0
ECK125138052,Non-promoter,0.0,0,0,0,0,0
ECK125137663,Non-promoter,0.0,0,0,0,0,0
ECK125136837,Non-promoter,0.0,0,0,0,0,0
ECK125136794,Non-promoter,0.0,0,0,0,0,0
ECK125136795,Non-promoter,0.0,0,0,0,0,0
ECK125137238,Non-promoter,0.0,0,0,0,0,0
ECK125137499,Non-promoter,0.0,0,0,0,0,0
ECK125136721,Non-promoter,0.0,0,0,0,0,0
ECK125137789,Non-promoter,0.0,0,0,0,0,0
ECK125138039,Non-promoter,0.0,0,0,0,0,0
ECK125137882,Non-promoter,0.0,0,0,0,0,0
ECK125137213,Non-promoter,0.0,0,0,0,0,0
ECK125137222,Non-promoter,0.0,0,0,0,0,0
ECK125137888,Non-promoter,0.0,0,0,0,0,0
ECK125137997,Non-promoter,0.0,0,0,0,0,0
ECK125136345,Non-promoter,0.0,0,0,0,0,0
ECK125136366,Non-promoter,0.0,0,0,0,0,0
ECK125136368,Non-promoter,0.0,0,0,0,0,0
ECK125136377,Non-promoter,0.0,0,0,0,0,0
ECK125136385,Non-promoter,0.0,0,0,0,0,0
ECK125136397,Non-promoter,0.0,0,0,0,0,0
ECK125136395,Non-promoter,0.0,0,0,0,0,0
ECK125136462,Non-promoter,0.0,0,0,0,0,0
ECK125136482,Non-promoter,0.0,0,0,0,0,0
ECK125136467,Non-promoter,0.0,0,0,0,0,0
ECK125136468,Non-promoter,0.0,0,0,0,0,0
ECK125136471,Non-promoter,0.0,0,0,0,0,0
ECK125136487,Non-promoter,0.0,0,0,0,0,0
ECK125136501,Non-promoter,0.0,0,0,0,0,0
ECK125136512,Non-promoter,0.0,0,0,0,0,0
ECK125136545,Non-promoter,0.0,0,0,0,0,0
ECK125136543,Non-promoter,0.0,0,0,0,0,0
ECK125136555,Non-promoter,0.0,0,0,0,0,0
ECK125136546,Non-promoter,0.0,0,0,0,0,0
ECK125136551,Non-promoter,0.0,0,0,0,0,0
ECK125136559,Non-promoter,0.0,0,0,0,0,0
ECK125136580,Non-promoter,0.0,0,0,0,0,0
ECK125136588,Non-promoter,0.0,0,0,0,0,0
ECK125136602,Non-promoter,0.0,0,0,0,0,0
ECK125136599,Non-promoter,0.0,0,0,0,0,0
ECK125136610,Non-promoter,0.0,0,0,0,0,0
ECK125136609,Non-promoter,0.0,0,0,0,0,0
ECK125136619,Non-promoter,0.0,0,0,0,0,0
ECK125136620,Non-promoter,0.0,0,0,0,0,0
ECK125136631,Non-promoter,0.0,0,0,0,0,0
ECK125136651,Non-promoter,0.0,0,0,0,0,0
ECK125136663,Non-promoter,0.0,0,0,0,0,0
ECK125136675,Non-promoter,0.0,0,0,0,0,0
ECK125136685,Non-promoter,0.0,0,0,0,0,0
ECK125136708,Non-promoter,0.0,0,0,0,0,0
ECK125136729,Non-promoter,0.0,0,0,0,0,0
ECK125136730,Non-promoter,0.0,0,0,0,0,0
ECK125136746,Non-promoter,0.0,0,0,0,0,0
ECK125136748,Non-promoter,0.0,0,0,0,0,0
ECK125136741,Non-promoter,0.0,0,0,0,0,0
ECK125136742,Non-promoter,0.0,0,0,0,0,0
ECK125136766,Non-promoter,0.0,0,0,0,0,0
ECK125136822,Non-promoter,0.0,0,0,0,0,0
ECK125136823,Non-promoter,0.0,0,0,0,0,0
ECK125136832,Non-promoter,0.0,0,0,0,0,0
ECK125136844,Non-promoter,0.0,0,0,0,0,0
ECK125136846,Non-promoter,0.0,0,0,0,0,0
ECK125136865,Non-promoter,0.0,0,0,0,0,0
ECK125136841,Non-promoter,0.0,0,0,0,0,0
ECK125136866,Non-promoter,0.0,0,0,0,0,0
ECK125136867,Non-promoter,0.0,0,0,0,0,0
ECK125136872,Non-promoter,0.0,0,0,0,0,0
ECK125136910,Non-promoter,0.0,0,0,0,0,0
ECK125136923,Non-promoter,0.0,0,0,0,0,0
ECK125136934,Non-promoter,0.0,0,0,0,0,0
ECK125136939,Non-promoter,0.0,0,0,0,0,0
ECK125136947,Non-promoter,0.0,0,0,0,0,0
ECK125136951,Non-promoter,0.0,0,0,0,0,0
ECK125136972,Non-promoter,0.0,0,0,0,0,0
ECK125136959,Non-promoter,0.0,0,0,0,0,0
ECK125136962,Non-promoter,0.0,0,0,0,0,0
ECK125136986,Non-promoter,0.0,0,0,0,0,0
ECK125136975,Non-promoter,0.0,0,0,0,0,0
ECK125136990,Non-promoter,0.0,0,0,0,0,0
ECK125137034,Non-promoter,0.0,0,0,0,0,0
ECK125137031,Non-promoter,0.0,0,0,0,0,0
ECK125137041,Non-promoter,0.0,0,0,0,0,0
ECK125137042,Non-promoter,0.0,0,0,0,0,0
ECK125137043,Non-promoter,0.0,0,0,0,0,0
ECK125137044,Non-promoter,0.0,0,0,0,0,0
ECK125137046,Non-promoter,0.0,0,0,0,0,0
ECK125137054,Non-promoter,0.0,0,0,0,0,0
ECK120035108,Non-promoter,0.0,0,0,0,0,0
ECK125137064,Non-promoter,0.0,0,0,0,0,0
ECK125137085,Non-promoter,0.0,0,0,0,0,0
ECK125137087,Non-promoter,0.0,0,0,0,0,0
ECK125137077,Non-promoter,0.0,0,0,0,0,0
ECK125137092,Non-promoter,0.0,0,0,0,0,0
ECK125137094,Non-promoter,0.0,0,0,0,0,0
ECK125137096,Non-promoter,0.0,0,0,0,0,0
ECK125137099,Non-promoter,0.0,0,0,0,0,0
ECK125137102,Non-promoter,0.0,0,0,0,0,0
ECK125137141,Non-promoter,0.0,0,0,0,0,0
ECK125137142,Non-promoter,0.0,0,0,0,0,0
ECK125137143,Non-promoter,0.0,0,0,0,0,0
ECK125137126,Non-promoter,0.0,0,0,0,0,0
ECK125137130,Non-promoter,0.0,0,0,0,0,0
ECK125137147,Non-promoter,0.0,0,0,0,0,0
ECK125137179,Non-promoter,0.0,0,0,0,0,0
ECK125137201,Non-promoter,0.0,0,0,0,0,0
ECK125137202,Non-promoter,0.0,0,0,0,0,0
ECK125137193,Non-promoter,0.0,0,0,0,0,0
ECK125137194,Non-promoter,0.0,0,0,0,0,0
ECK125137204,Non-promoter,0.0,0,0,0,0,0
ECK125137236,Non-promoter,0.0,0,0,0,0,0
ECK125137237,Non-promoter,0.0,0,0,0,0,0
ECK125137241,Non-promoter,0.0,0,0,0,0,0
ECK125137269,Non-promoter,0.0,0,0,0,0,0
ECK125137275,Non-promoter,0.0,0,0,0,0,0
ECK125137280,Non-promoter,0.0,0,0,0,0,0
ECK125137281,Non-promoter,0.0,0,0,0,0,0
ECK125137287,Non-promoter,0.0,0,0,0,0,0
ECK125137298,Non-promoter,0.0,0,0,0,0,0
ECK125137299,Non-promoter,0.0,0,0,0,0,0
ECK125137297,Non-promoter,0.0,0,0,0,0,0
ECK125137319,Non-promoter,0.0,0,0,0,0,0
ECK125137322,Non-promoter,0.0,0,0,0,0,0
ECK125137325,Non-promoter,0.0,0,0,0,0,0
ECK125137327,Non-promoter,0.0,0,0,0,0,0
ECK125137330,Non-promoter,0.0,0,0,0,0,0
ECK125137336,Non-promoter,0.0,0,0,0,0,0
ECK125137337,Non-promoter,0.0,0,0,0,0,0
ECK125137347,Non-promoter,0.0,0,0,0,0,0
ECK125137354,Non-promoter,0.0,0,0,0,0,0
ECK125137373,Non-promoter,0.0,0,0,0,0,0
ECK125137377,Non-promoter,0.0,0,0,0,0,0
ECK125137375,Non-promoter,0.0,0,0,0,0,0
ECK125137384,Non-promoter,0.0,0,0,0,0,0
ECK125137387,Non-promoter,0.0,0,0,0,0,0
ECK125137388,Non-promoter,0.0,0,0,0,0,0
ECK125137398,Non-promoter,0.0,0,0,0,0,0
ECK125137412,Non-promoter,0.0,0,0,0,0,0
ECK125137449,Non-promoter,0.0,0,0,0,0,0
ECK125137454,Non-promoter,0.0,0,0,0,0,0
ECK125137472,Non-promoter,0.0,0,0,0,0,0
ECK125137486,Non-promoter,0.0,0,0,0,0,0
ECK125137479,Non-promoter,0.0,0,0,0,0,0
ECK125137480,Non-promoter,0.0,0,0,0,0,0
ECK125137481,Non-promoter,0.0,0,0,0,0,0
ECK125137482,Non-promoter,0.0,0,0,0,0,0
ECK125137506,Non-promoter,0.0,0,0,0,0,0
ECK125137528,Non-promoter,0.0,0,0,0,0,0
ECK125137529,Non-promoter,0.0,0,0,0,0,0
ECK125137538,Non-promoter,0.0,0,0,0,0,0
ECK125137539,Non-promoter,0.0,0,0,0,0,0
ECK125137547,Non-promoter,0.0,0,0,0,0,0
ECK125137553,Non-promoter,0.0,0,0,0,0,0
ECK125137565,Non-promoter,0.0,0,0,0,0,0
ECK125137574,Non-promoter,0.0,0,0,0,0,0
ECK125137584,Non-promoter,0.0,0,0,0,0,0
ECK125137610,Non-promoter,0.0,0,0,0,0,0
ECK125137611,Non-promoter,0.0,0,0,0,0,0
ECK125137592,Non-promoter,0.0,0,0,0,0,0
ECK125137631,Non-promoter,0.0,0,0,0,0,0
ECK125137632,Non-promoter,0.0,0,0,0,0,0
ECK125137636,Non-promoter,0.0,0,0,0,0,0
ECK125137647,Non-promoter,0.0,0,0,0,0,0
ECK125137652,Non-promoter,0.0,0,0,0,0,0
ECK125137649,Non-promoter,0.0,0,0,0,0,0
ECK125137656,Non-promoter,0.0,0,0,0,0,0
ECK125137681,Non-promoter,0.0,0,0,0,0,0
ECK125137683,Non-promoter,0.0,0,0,0,0,0
ECK125137698,Non-promoter,0.0,0,0,0,0,0
ECK125137708,Non-promoter,0.0,0,0,0,0,0
ECK125137712,Non-promoter,0.0,0,0,0,0,0
ECK125137725,Non-promoter,0.0,0,0,0,0,0
ECK125137728,Non-promoter,0.0,0,0,0,0,0
ECK125137756,Non-promoter,0.0,0,0,0,0,0
ECK125137773,Non-promoter,0.0,0,0,0,0,0
ECK125137819,Non-promoter,0.0,0,0,0,0,0
ECK125137831,Non-promoter,0.0,0,0,0,0,0
ECK125137833,Non-promoter,0.0,0,0,0,0,0
ECK125137839,Non-promoter,0.0,0,0,0,0,0
ECK125137852,Non-promoter,0.0,0,0,0,0,0
ECK125137876,Non-promoter,0.0,0,0,0,0,0
ECK125137868,Non-promoter,0.0,0,0,0,0,0
ECK125137893,Non-promoter,0.0,0,0,0,0,0
ECK125137894,Non-promoter,0.0,0,0,0,0,0
ECK125137897,Non-promoter,0.0,0,0,0,0,0
ECK125137895,Non-promoter,0.0,0,0,0,0,0
ECK125137905,Non-promoter,0.0,0,0,0,0,0
ECK125137908,Non-promoter,0.0,0,0,0,0,0
ECK125137942,Non-promoter,0.0,0,0,0,0,0
ECK125137943,Non-promoter,0.0,0,0,0,0,0
ECK125137949,Non-promoter,0.0,0,0,0,0,0
ECK125137952,Non-promoter,0.0,0,0,0,0,0
ECK125137955,Non-promoter,0.0,0,0,0,0,0
ECK125137977,Non-promoter,0.0,0,0,0,0,0
ECK125138007,Non-promoter,0.0,0,0,0,0,0
ECK125138038,Non-promoter,0.0,0,0,0,0,0
ECK125138073,Non-promoter,0.0,0,0,0,0,0
ECK125138078,Non-promoter,0.0,0,0,0,0,0
ECK125138089,Non-promoter,0.0,0,0,0,0,0
ECK125138104,Non-promoter,0.0,0,0,0,0,0
ECK125138093,Non-promoter,0.0,0,0,0,0,0
ECK125138095,Non-promoter,0.0,0,0,0,0,0
ECK125138105,Non-promoter,0.0,0,0,0,0,0
ECK125138112,Non-promoter,0.0,0,0,0,0,0
ECK125138107,Non-promoter,0.0,0,0,0,0,0
ECK125138109,Non-promoter,0.0,0,0,0,0,0
ECK125136415,Non-promoter,0.0,0,0,0,0,0
ECK125136444,Non-promoter,0.0,0,0,0,0,0
ECK125136449,Non-promoter,0.0,0,0,0,0,0
ECK125136435,Non-promoter,0.0,0,0,0,0,0
ECK125136443,Non-promoter,0.0,0,0,0,0,0
ECK125136521,Non-promoter,0.0,0,0,0,0,0
ECK125136739,Non-promoter,0.0,0,0,0,0,0
ECK125136784,Non-promoter,0.0,0,0,0,0,0
ECK125136787,Non-promoter,0.0,0,0,0,0,0
ECK125136820,Non-promoter,0.0,0,0,0,0,0
ECK125136806,Non-promoter,0.0,0,0,0,0,0
ECK125136952,Non-promoter,0.0,0,0,0,0,0
ECK125136976,Non-promoter,0.0,0,0,0,0,0
ECK125136978,Non-promoter,0.0,0,0,0,0,0
ECK125137005,Non-promoter,0.0,0,0,0,0,0
ECK125137007,Non-promoter,0.0,0,0,0,0,0
ECK125136993,Non-promoter,0.0,0,0,0,0,0
ECK125137067,Non-promoter,0.0,0,0,0,0,0
ECK125137069,Non-promoter,0.0,0,0,0,0,0
ECK125137063,Non-promoter,0.0,0,0,0,0,0
ECK125137081,Non-promoter,0.0,0,0,0,0,0
ECK125137109,Non-promoter,0.0,0,0,0,0,0
ECK125137112,Non-promoter,0.0,0,0,0,0,0
ECK125137187,Non-promoter,0.0,0,0,0,0,0
ECK125137255,Non-promoter,0.0,0,0,0,0,0
ECK125137257,Non-promoter,0.0,0,0,0,0,0
ECK125137361,Non-promoter,0.0,0,0,0,0,0
ECK125137392,Non-promoter,0.0,0,0,0,0,0
ECK125137459,Non-promoter,0.0,0,0,0,0,0
ECK125137508,Non-promoter,0.0,0,0,0,0,0
ECK125137510,Non-promoter,0.0,0,0,0,0,0
ECK125137509,Non-promoter,0.0,0,0,0,0,0
ECK125137511,Non-promoter,0.0,0,0,0,0,0
ECK125137516,Non-promoter,0.0,0,0,0,0,0
ECK125137523,Non-promoter,0.0,0,0,0,0,0
ECK125137545,Non-promoter,0.0,0,0,0,0,0
ECK125137562,Non-promoter,0.0,0,0,0,0,0
ECK125137563,Non-promoter,0.0,0,0,0,0,0
ECK125137548,Non-promoter,0.0,0,0,0,0,0
ECK125137590,Non-promoter,0.0,0,0,0,0,0
ECK125137612,Non-promoter,0.0,0,0,0,0,0
ECK125137665,Non-promoter,0.0,0,0,0,0,0
ECK125137678,Non-promoter,0.0,0,0,0,0,0
ECK125137762,Non-promoter,0.0,0,0,0,0,0
ECK125137786,Non-promoter,0.0,0,0,0,0,0
ECK125137851,Non-promoter,0.0,0,0,0,0,0
ECK125138046,Non-promoter,0.0,0,0,0,0,0
ECK125138053,Non-promoter,0.0,0,0,0,0,0
ECK125136964,Non-promoter,0.0,0,0,0,0,0
ECK125137639,Non-promoter,0.0,0,0,0,0,0
ECK125136492,Non-promoter,0.0,0,0,0,0,0
ECK125137915,Non-promoter,0.0,0,0,0,0,0
ECK125136355,Non-promoter,0.0,0,0,0,0,0
ECK125136357,Non-promoter,0.0,0,0,0,0,0
ECK125137075,Non-promoter,0.0,0,0,0,0,0
ECK125137208,Non-promoter,0.0,0,0,0,0,0
ECK125136672,Non-promoter,0.0,0,0,0,0,0
ECK125136578,Non-promoter,0.0,0,0,0,0,0
ECK125137806,Non-promoter,0.0,0,0,0,0,0
ECK125137106,Non-promoter,0.0,0,0,0,0,0
ECK125136390,Non-promoter,0.0,0,0,0,0,0
ECK125137290,Non-promoter,0.0,0,0,0,0,0
ECK120009892,Non-promoter,0.0,0,0,0,0,0
ECK120009891,Non-promoter,0.0,0,0,0,0,0
ECK125137156,Non-promoter,0.0,0,0,0,0,0
ECK120016224,Non-promoter,0.0,0,0,0,0,0
ECK120016703,Non-promoter,0.0,0,0,0,0,0
ECK120009886,Non-promoter,0.0,0,0,0,0,0
ECK125137968,Non-promoter,0.0,0,0,0,0,0
ECK125137364,Non-promoter,0.0,0,0,0,0,0
ECK125136624,Non-promoter,0.0,0,0,0,0,0
ECK125137847,Non-promoter,0.0,0,0,0,0,0
ECK125137572,Non-promoter,0.0,0,0,0,0,0
ECK125137911,Non-promoter,0.0,0,0,0,0,0
ECK125137917,Non-promoter,0.0,0,0,0,0,0
ECK125109035,Non-promoter,0.0,0,0,0,0,0
ECK125109036,Non-promoter,0.0,0,0,0,0,0
ECK125137766,Non-promoter,0.0,0,0,0,0,0
ECK125137914,Non-promoter,0.0,0,0,0,0,0
ECK125137199,Non-promoter,0.0,0,0,0,0,0
ECK125136882,Non-promoter,0.0,0,0,0,0,0
ECK125136552,Non-promoter,0.0,0,0,0,0,0
ECK125137473,Non-promoter,0.0,0,0,0,0,0
ECK125137430,Non-promoter,0.0,0,0,0,0,0
ECK120015438,Non-promoter,0.0,0,0,0,0,0
ECK120029594,Non-promoter,0.0,0,0,0,0,0
ECK120009888,Non-promoter,0.0,0,0,0,0,0
ECK125137685,Non-promoter,0.0,0,0,0,0,0
ECK125137761,Non-promoter,0.0,0,0,0,0,0
ECK125136777,Non-promoter,0.0,0,0,0,0,0
ECK120010266,Non-promoter,0.0,0,0,0,0,0
ECK125137406,Non-promoter,0.0,0,0,0,0,0
ECK125137982,Non-promoter,0.0,0,0,0,0,0
ECK120029592,Non-promoter,0.0,0,0,0,0,0
ECK125137394,Non-promoter,0.0,0,0,0,0,0
ECK125137123,Non-promoter,0.0,0,0,0,0,0
ECK125137989,Non-promoter,0.0,0,0,0,0,0
ECK125137296,Non-promoter,0.0,0,0,0,0,0
ECK125137931,Non-promoter,0.0,0,0,0,0,0
ECK125137996,Non-promoter,0.0,0,0,0,0,0
ECK125136562,Non-promoter,0.0,0,0,0,0,0
ECK125137796,Non-promoter,0.0,0,0,0,0,0
ECK125137673,Non-promoter,0.0,0,0,0,0,0
ECK125137777,Non-promoter,0.0,0,0,0,0,0
ECK125137745,Non-promoter,0.0,0,0,0,0,0
ECK125138060,Non-promoter,0.0,0,0,0,0,0
ECK125137722,Non-promoter,0.0,0,0,0,0,0
ECK125136723,Non-promoter,0.0,0,0,0,0,0
ECK125136851,Non-promoter,0.0,0,0,0,0,0
ECK125137936,Non-promoter,0.0,0,0,0,0,0
ECK125136427,Non-promoter,0.0,0,0,0,0,0
ECK125136500,Non-promoter,0.0,0,0,0,0,0
ECK125136504,Non-promoter,0.0,0,0,0,0,0
ECK125136515,Non-promoter,0.0,0,0,0,0,0
ECK125136550,Non-promoter,0.0,0,0,0,0,0
ECK125136635,Non-promoter,0.0,0,0,0,0,0
ECK125136655,Non-promoter,0.0,0,0,0,0,0
ECK125136639,Non-promoter,0.0,0,0,0,0,0
ECK125136691,Non-promoter,0.0,0,0,0,0,0
ECK125136740,Non-promoter,0.0,0,0,0,0,0
ECK120009895,Non-promoter,0.0,0,0,0,0,0
ECK125136919,Non-promoter,0.0,0,0,0,0,0
ECK120029596,Non-promoter,0.0,0,0,0,0,0
ECK125137166,Non-promoter,0.0,0,0,0,0,0
ECK125137164,Non-promoter,0.0,0,0,0,0,0
ECK125137181,Non-promoter,0.0,0,0,0,0,0
ECK125137278,Non-promoter,0.0,0,0,0,0,0
ECK125137304,Non-promoter,0.0,0,0,0,0,0
ECK125137357,Non-promoter,0.0,0,0,0,0,0
ECK125137381,Non-promoter,0.0,0,0,0,0,0
ECK125137382,Non-promoter,0.0,0,0,0,0,0
ECK125137439,Non-promoter,0.0,0,0,0,0,0
ECK120029593,Non-promoter,0.0,0,0,0,0,0
ECK125137491,Non-promoter,0.0,0,0,0,0,0
ECK125137503,Non-promoter,0.0,0,0,0,0,0
ECK125137638,Non-promoter,0.0,0,0,0,0,0
ECK125137703,Non-promoter,0.0,0,0,0,0,0
ECK125137709,Non-promoter,0.0,0,0,0,0,0
ECK125137818,Non-promoter,0.0,0,0,0,0,0
ECK120009896,Non-promoter,0.0,0,0,0,0,0
ECK125137920,Non-promoter,0.0,0,0,0,0,0
ECK125137954,Non-promoter,0.0,0,0,0,0,0
ECK125137988,Non-promoter,0.0,0,0,0,0,0
ECK125138014,Non-promoter,0.0,0,0,0,0,0
ECK125109031,Non-promoter,0.0,0,0,0,0,0
ECK125109030,Non-promoter,0.0,0,0,0,0,0
ECK125138028,Non-promoter,0.0,0,0,0,0,0
ECK125138057,Non-promoter,0.0,0,0,0,0,0
ECK125138054,Non-promoter,0.0,0,0,0,0,0
ECK125138056,Non-promoter,0.0,0,0,0,0,0
ECK125138086,Non-promoter,0.0,0,0,0,0,0
ECK125109033,Non-promoter,0.0,0,0,0,0,0
ECK125109034,Non-promoter,0.0,0,0,0,0,0
ECK125136451,Non-promoter,0.0,0,0,0,0,0
ECK125136737,Non-promoter,0.0,0,0,0,0,0
ECK125136821,Non-promoter,0.0,0,0,0,0,0
ECK125136954,Non-promoter,0.0,0,0,0,0,0
ECK125137079,Non-promoter,0.0,0,0,0,0,0
ECK120029595,Non-promoter,0.0,0,0,0,0,0
ECK125109029,Non-promoter,0.0,0,0,0,0,0
ECK125137111,Non-promoter,0.0,0,0,0,0,0
ECK125137185,Non-promoter,0.0,0,0,0,0,0
ECK125137417,Non-promoter,0.0,0,0,0,0,0
ECK125137520,Non-promoter,0.0,0,0,0,0,0
ECK125137677,Non-promoter,0.0,0,0,0,0,0
ECK125137765,Non-promoter,0.0,0,0,0,0,0
ECK125138050,Non-promoter,0.0,0,0,0,0,0
ECK125137715,Non-promoter,0.0,0,0,0,0,0
ECK120010468,Non-promoter,0.0,0,0,0,0,0
ECK125138023,Non-promoter,0.0,0,0,0,0,0
ECK125137333,Non-promoter,0.0,0,0,0,0,0
ECK125138020,Non-promoter,0.0,0,0,0,0,0
ECK125138018,Non-promoter,0.0,0,0,0,0,0
ECK125137163,Non-promoter,0.0,0,0,0,0,0
ECK125136917,Non-promoter,0.0,0,0,0,0,0
ECK125136458,Non-promoter,0.0,0,0,0,0,0
ECK125136356,Non-promoter,0.0,0,0,0,0,0
ECK125137903,Non-promoter,0.0,0,0,0,0,0
ECK125137155,Non-promoter,0.0,0,0,0,0,0
ECK125137206,Non-promoter,0.0,0,0,0,0,0
ECK125136791,Non-promoter,0.0,0,0,0,0,0
ECK125136792,Non-promoter,0.0,0,0,0,0,0
ECK125137461,Non-promoter,0.0,0,0,0,0,0
ECK125136715,Non-promoter,0.0,0,0,0,0,0
ECK125136712,Non-promoter,0.0,0,0,0,0,0
ECK125137476,Non-promoter,0.0,0,0,0,0,0
ECK125136989,Non-promoter,0.0,0,0,0,0,0
ECK125137805,Non-promoter,0.0,0,0,0,0,0
ECK125137340,Non-promoter,0.0,0,0,0,0,0
ECK125137338,Non-promoter,0.0,0,0,0,0,0
ECK125136967,Non-promoter,0.0,0,0,0,0,0
ECK125138003,Non-promoter,0.0,0,0,0,0,0
ECK125136553,Non-promoter,0.0,0,0,0,0,0
ECK120010971,Non-promoter,0.0,0,0,0,0,0
ECK125138080,Non-promoter,0.0,0,0,0,0,0
ECK125138081,Non-promoter,0.0,0,0,0,0,0
ECK125137755,Non-promoter,0.0,0,0,0,0,0
ECK125136364,Non-promoter,0.0,0,0,0,0,0
ECK125136656,Non-promoter,0.0,0,0,0,0,0
ECK125136507,Non-promoter,0.0,0,0,0,0,0
ECK125136508,Non-promoter,0.0,0,0,0,0,0
ECK125137595,Non-promoter,0.0,0,0,0,0,0
ECK125137979,Non-promoter,0.0,0,0,0,0,0
ECK125137778,Non-promoter,0.0,0,0,0,0,0
ECK125137619,Non-promoter,0.0,0,0,0,0,0
ECK125137780,Non-promoter,0.0,0,0,0,0,0
ECK125137771,Non-promoter,0.0,0,0,0,0,0
ECK125137415,Non-promoter,0.0,0,0,0,0,0
ECK125137416,Non-promoter,0.0,0,0,0,0,0
ECK125136593,Non-promoter,0.0,0,0,0,0,0
ECK125137543,Non-promoter,0.0,0,0,0,0,0
ECK125136475,Non-promoter,0.0,0,0,0,0,0
ECK125136904,Non-promoter,0.0,0,0,0,0,0
ECK125136407,Non-promoter,0.0,0,0,0,0,0
ECK125136358,Non-promoter,0.0,0,0,0,0,0
ECK125137885,Non-promoter,0.0,0,0,0,0,0
ECK125138121,Non-promoter,0.0,0,0,0,0,0
ECK125137505,Non-promoter,0.0,0,0,0,0,0
ECK120016340,Non-promoter,0.0,0,0,0,0,0
ECK120016341,Non-promoter,0.0,0,0,0,0,0
ECK125136966,Non-promoter,0.0,0,0,0,0,0
ECK125136953,Non-promoter,0.0,0,0,0,0,0
ECK125137260,Non-promoter,0.0,0,0,0,0,0
ECK125095205,Non-promoter,0.0,0,0,0,0,0
ECK125137249,Non-promoter,0.0,0,0,0,0,0
ECK125136420,Non-promoter,0.0,0,0,0,0,0
ECK120010025,Non-promoter,0.0,0,0,0,0,0
ECK125136875,Non-promoter,0.0,0,0,0,0,0
ECK125136878,Non-promoter,0.0,0,0,0,0,0
ECK120016345,Non-promoter,0.0,0,0,0,0,0
ECK125136757,Non-promoter,0.0,0,0,0,0,0
ECK125137407,Non-promoter,0.0,0,0,0,0,0
ECK125137980,Non-promoter,0.0,0,0,0,0,0
ECK125136627,Non-promoter,0.0,0,0,0,0,0
ECK125095209,Non-promoter,0.0,0,0,0,0,0
ECK125137933,Non-promoter,0.0,0,0,0,0,0
ECK125137015,Non-promoter,0.0,0,0,0,0,0
ECK125138117,Non-promoter,0.0,0,0,0,0,0
ECK125136414,Non-promoter,0.0,0,0,0,0,0
ECK125137138,Non-promoter,0.0,0,0,0,0,0
ECK125137883,Non-promoter,0.0,0,0,0,0,0
ECK125136541,Non-promoter,0.0,0,0,0,0,0
ECK125137927,Non-promoter,0.0,0,0,0,0,0
ECK125137928,Non-promoter,0.0,0,0,0,0,0
ECK125137218,Non-promoter,0.0,0,0,0,0,0
ECK125137214,Non-promoter,0.0,0,0,0,0,0
ECK125136604,Non-promoter,0.0,0,0,0,0,0
ECK125136576,Non-promoter,0.0,0,0,0,0,0
ECK120009867,Non-promoter,0.0,0,0,0,0,0
ECK125137739,Non-promoter,0.0,0,0,0,0,0
ECK125137674,Non-promoter,0.0,0,0,0,0,0
ECK125137283,Non-promoter,0.0,0,0,0,0,0
ECK125137144,Non-promoter,0.0,0,0,0,0,0
ECK125137146,Non-promoter,0.0,0,0,0,0,0
ECK125137408,Non-promoter,0.0,0,0,0,0,0
ECK125137259,Non-promoter,0.0,0,0,0,0,0
ECK125138123,Non-promoter,0.0,0,0,0,0,0
ECK125137744,Non-promoter,0.0,0,0,0,0,0
ECK125137343,Non-promoter,0.0,0,0,0,0,0
ECK125137490,Non-promoter,0.0,0,0,0,0,0
ECK125136992,Non-promoter,0.0,0,0,0,0,0
ECK125137721,Non-promoter,0.0,0,0,0,0,0
ECK125136615,Non-promoter,0.0,0,0,0,0,0
ECK125136850,Non-promoter,0.0,0,0,0,0,0
ECK125137743,Non-promoter,0.0,0,0,0,0,0
ECK125136348,Non-promoter,0.0,0,0,0,0,0
ECK125136371,Non-promoter,0.0,0,0,0,0,0
ECK125136398,Non-promoter,0.0,0,0,0,0,0
ECK125136426,Non-promoter,0.0,0,0,0,0,0
ECK125136432,Non-promoter,0.0,0,0,0,0,0
ECK125136463,Non-promoter,0.0,0,0,0,0,0
ECK125136466,Non-promoter,0.0,0,0,0,0,0
ECK125136469,Non-promoter,0.0,0,0,0,0,0
ECK125136486,Non-promoter,0.0,0,0,0,0,0
ECK125136488,Non-promoter,0.0,0,0,0,0,0
ECK120016347,Non-promoter,0.0,0,0,0,0,0
ECK125136526,Non-promoter,0.0,0,0,0,0,0
ECK125136540,Non-promoter,0.0,0,0,0,0,0
ECK125136548,Non-promoter,0.0,0,0,0,0,0
ECK125136570,Non-promoter,0.0,0,0,0,0,0
ECK125136583,Non-promoter,0.0,0,0,0,0,0
ECK125136591,Non-promoter,0.0,0,0,0,0,0
ECK120035106,Non-promoter,0.0,0,0,0,0,0
ECK125136614,Non-promoter,0.0,0,0,0,0,0
ECK125136612,Non-promoter,0.0,0,0,0,0,0
ECK125136623,Non-promoter,0.0,0,0,0,0,0
ECK125136637,Non-promoter,0.0,0,0,0,0,0
ECK125136646,Non-promoter,0.0,0,0,0,0,0
ECK125136668,Non-promoter,0.0,0,0,0,0,0
ECK125136682,Non-promoter,0.0,0,0,0,0,0
ECK125136703,Non-promoter,0.0,0,0,0,0,0
ECK125136731,Non-promoter,0.0,0,0,0,0,0
ECK125136770,Non-promoter,0.0,0,0,0,0,0
ECK125136771,Non-promoter,0.0,0,0,0,0,0
ECK125136843,Non-promoter,0.0,0,0,0,0,0
ECK125136847,Non-promoter,0.0,0,0,0,0,0
ECK125136853,Non-promoter,0.0,0,0,0,0,0
ECK125136876,Non-promoter,0.0,0,0,0,0,0
ECK125136877,Non-promoter,0.0,0,0,0,0,0
ECK125136894,Non-promoter,0.0,0,0,0,0,0
ECK125136949,Non-promoter,0.0,0,0,0,0,0
ECK125136958,Non-promoter,0.0,0,0,0,0,0
ECK125137001,Non-promoter,0.0,0,0,0,0,0
ECK125137013,Non-promoter,0.0,0,0,0,0,0
ECK125137016,Non-promoter,0.0,0,0,0,0,0
ECK125137052,Non-promoter,0.0,0,0,0,0,0
ECK125137070,Non-promoter,0.0,0,0,0,0,0
ECK125137078,Non-promoter,0.0,0,0,0,0,0
ECK125137103,Non-promoter,0.0,0,0,0,0,0
ECK125137171,Non-promoter,0.0,0,0,0,0,0
ECK125137173,Non-promoter,0.0,0,0,0,0,0
ECK125137183,Non-promoter,0.0,0,0,0,0,0
ECK125137189,Non-promoter,0.0,0,0,0,0,0
ECK125137232,Non-promoter,0.0,0,0,0,0,0
ECK125137265,Non-promoter,0.0,0,0,0,0,0
ECK125137276,Non-promoter,0.0,0,0,0,0,0
ECK125137303,Non-promoter,0.0,0,0,0,0,0
ECK125137320,Non-promoter,0.0,0,0,0,0,0
ECK125137334,Non-promoter,0.0,0,0,0,0,0
ECK125137349,Non-promoter,0.0,0,0,0,0,0
ECK125137355,Non-promoter,0.0,0,0,0,0,0
ECK125137376,Non-promoter,0.0,0,0,0,0,0
ECK125137386,Non-promoter,0.0,0,0,0,0,0
ECK125137413,Non-promoter,0.0,0,0,0,0,0
ECK125137438,Non-promoter,0.0,0,0,0,0,0
ECK125137451,Non-promoter,0.0,0,0,0,0,0
ECK125137456,Non-promoter,0.0,0,0,0,0,0
ECK125137458,Non-promoter,0.0,0,0,0,0,0
ECK125137470,Non-promoter,0.0,0,0,0,0,0
ECK125137471,Non-promoter,0.0,0,0,0,0,0
ECK125137494,Non-promoter,0.0,0,0,0,0,0
ECK125137493,Non-promoter,0.0,0,0,0,0,0
ECK125137530,Non-promoter,0.0,0,0,0,0,0
ECK125137552,Non-promoter,0.0,0,0,0,0,0
ECK125137566,Non-promoter,0.0,0,0,0,0,0
ECK125137570,Non-promoter,0.0,0,0,0,0,0
ECK125137576,Non-promoter,0.0,0,0,0,0,0
ECK125137578,Non-promoter,0.0,0,0,0,0,0
ECK125137601,Non-promoter,0.0,0,0,0,0,0
ECK125137602,Non-promoter,0.0,0,0,0,0,0
ECK125137604,Non-promoter,0.0,0,0,0,0,0
ECK125137635,Non-promoter,0.0,0,0,0,0,0
ECK125137655,Non-promoter,0.0,0,0,0,0,0
ECK125137700,Non-promoter,0.0,0,0,0,0,0
ECK125137704,Non-promoter,0.0,0,0,0,0,0
ECK125137713,Non-promoter,0.0,0,0,0,0,0
ECK125137727,Non-promoter,0.0,0,0,0,0,0
ECK125137735,Non-promoter,0.0,0,0,0,0,0
ECK125137774,Non-promoter,0.0,0,0,0,0,0
ECK125137788,Non-promoter,0.0,0,0,0,0,0
ECK125137815,Non-promoter,0.0,0,0,0,0,0
ECK125137781,Non-promoter,0.0,0,0,0,0,0
ECK125137837,Non-promoter,0.0,0,0,0,0,0
ECK125137846,Non-promoter,0.0,0,0,0,0,0
ECK125137900,Non-promoter,0.0,0,0,0,0,0
ECK125137945,Non-promoter,0.0,0,0,0,0,0
ECK125137960,Non-promoter,0.0,0,0,0,0,0
ECK125137983,Non-promoter,0.0,0,0,0,0,0
ECK125138015,Non-promoter,0.0,0,0,0,0,0
ECK125138016,Non-promoter,0.0,0,0,0,0,0
ECK125138030,Non-promoter,0.0,0,0,0,0,0
ECK125138037,Non-promoter,0.0,0,0,0,0,0
ECK125138041,Non-promoter,0.0,0,0,0,0,0
ECK125138070,Non-promoter,0.0,0,0,0,0,0
ECK125138075,Non-promoter,0.0,0,0,0,0,0
ECK125138103,Non-promoter,0.0,0,0,0,0,0
ECK125138097,Non-promoter,0.0,0,0,0,0,0
ECK125136457,Non-promoter,0.0,0,0,0,0,0
ECK125136870,Non-promoter,0.0,0,0,0,0,0
ECK125136913,Non-promoter,0.0,0,0,0,0,0
ECK125136983,Non-promoter,0.0,0,0,0,0,0
ECK125137003,Non-promoter,0.0,0,0,0,0,0
ECK125137006,Non-promoter,0.0,0,0,0,0,0
ECK125137047,Non-promoter,0.0,0,0,0,0,0
ECK125137107,Non-promoter,0.0,0,0,0,0,0
ECK125137184,Non-promoter,0.0,0,0,0,0,0
ECK125137186,Non-promoter,0.0,0,0,0,0,0
ECK125137176,Non-promoter,0.0,0,0,0,0,0
ECK125137441,Non-promoter,0.0,0,0,0,0,0
ECK125137534,Non-promoter,0.0,0,0,0,0,0
ECK125137513,Non-promoter,0.0,0,0,0,0,0
ECK125137549,Non-promoter,0.0,0,0,0,0,0
ECK125137556,Non-promoter,0.0,0,0,0,0,0
ECK125137587,Non-promoter,0.0,0,0,0,0,0
ECK125137591,Non-promoter,0.0,0,0,0,0,0
ECK125137644,Non-promoter,0.0,0,0,0,0,0
ECK125138000,Non-promoter,0.0,0,0,0,0,0
ECK125203432,Non-promoter,0.0,0,0,0,0,0
ECK120015953,Non-promoter,0.0,0,0,0,0,0
ECK125137689,Non-promoter,0.0,0,0,0,0,0
ECK125140838,Non-promoter,0.0,0,0,0,0,0
ECK125140839,Non-promoter,0.0,0,0,0,0,0
ECK120015497,Non-promoter,0.0,0,0,0,0,0
ECK120015496,Non-promoter,0.0,0,0,0,0,0
ECK125095206,Non-promoter,0.0,0,0,0,0,0
ECK125137174,Non-promoter,0.0,0,0,0,0,0
ECK125095207,Non-promoter,0.0,0,0,0,0,0
ECK125137975,Non-promoter,0.0,0,0,0,0,0
ECK125137850,Non-promoter,0.0,0,0,0,0,0
ECK125134717,Non-promoter,0.0,0,0,0,0,0
ECK125095185,Non-promoter,0.0,0,0,0,0,0
ECK125136381,Non-promoter,0.0,0,0,0,0,0
ECK125137462,Non-promoter,0.0,0,0,0,0,0
ECK125137140,Non-promoter,0.0,0,0,0,0,0
ECK120015409,Non-promoter,0.0,0,0,0,0,0
ECK120015494,Non-promoter,0.0,0,0,0,0,0
ECK120009848,Non-promoter,0.0,0,0,0,0,0
ECK120009940,Non-promoter,0.0,0,0,0,0,0
ECK125136636,Non-promoter,0.0,0,0,0,0,0
ECK120010188,Non-promoter,0.0,0,0,0,0,0
ECK120015379,Non-promoter,0.0,0,0,0,0,0
ECK125136369,Non-promoter,0.0,0,0,0,0,0
ECK125136633,Non-promoter,0.0,0,0,0,0,0
ECK125136638,Non-promoter,0.0,0,0,0,0,0
ECK120027918,Non-promoter,0.0,0,0,0,0,0
ECK120033654,Non-promoter,0.0,0,0,0,0,0
ECK125136909,Non-promoter,0.0,0,0,0,0,0
ECK125160783,Non-promoter,0.0,0,0,0,0,0
ECK125137235,Non-promoter,0.0,0,0,0,0,0
ECK125137654,Non-promoter,0.0,0,0,0,0,0
ECK125137807,Non-promoter,0.0,0,0,0,0,0
ECK125134716,Non-promoter,0.0,0,0,0,0,0
ECK125137934,Non-promoter,0.0,0,0,0,0,0
ECK125138072,Non-promoter,0.0,0,0,0,0,0
ECK125138122,Non-promoter,0.0,0,0,0,0,0
ECK125137136,Non-promoter,0.0,0,0,0,0,0
ECK120010964,Non-promoter,0.0,0,0,0,0,0
ECK125095451,Non-promoter,0.0,0,0,0,0,0
ECK125095447,Non-promoter,0.0,0,0,0,0,0
ECK120009973,Non-promoter,0.0,0,0,0,0,0
ECK120026316,Non-promoter,0.0,0,0,0,0,0
ECK120010180,Non-promoter,0.0,0,0,0,0,0
ECK120033259,Non-promoter,0.0,0,0,0,0,0
ECK125095439,Non-promoter,0.0,0,0,0,0,0
ECK120021266,Non-promoter,0.0,0,0,0,0,0
ECK120009977,Non-promoter,0.0,0,0,0,0,0
ECK125136726,Non-promoter,0.0,0,0,0,0,0
ECK125095441,Non-promoter,0.0,0,0,0,0,0
ECK125136496,Non-promoter,0.0,0,0,0,0,0
ECK125095446,Non-promoter,0.0,0,0,0,0,0
ECK120010750,Non-promoter,0.0,0,0,0,0,0
ECK125137767,Non-promoter,0.0,0,0,0,0,0
ECK125095445,Non-promoter,0.0,0,0,0,0,0
ECK125136375,Non-promoter,0.0,0,0,0,0,0
ECK125136597,Non-promoter,0.0,0,0,0,0,0
ECK125137409,Non-promoter,0.0,0,0,0,0,0
ECK125137474,Non-promoter,0.0,0,0,0,0,0
ECK120010018,Non-promoter,0.0,0,0,0,0,0
ECK125138101,Non-promoter,0.0,0,0,0,0,0
ECK125095440,Non-promoter,0.0,0,0,0,0,0
ECK125137953,Non-promoter,0.0,0,0,0,0,0
ECK125137113,Non-promoter,0.0,0,0,0,0,0
ECK125137114,Non-promoter,0.0,0,0,0,0,0
ECK125136864,Non-promoter,0.0,0,0,0,0,0
ECK125136797,Non-promoter,0.0,0,0,0,0,0
ECK120009957,Non-promoter,0.0,0,0,0,0,0
ECK125137395,Non-promoter,0.0,0,0,0,0,0
ECK120009974,Non-promoter,0.0,0,0,0,0,0
ECK120010019,Non-promoter,0.0,0,0,0,0,0
ECK125136411,Non-promoter,0.0,0,0,0,0,0
ECK125137617,Non-promoter,0.0,0,0,0,0,0
ECK125095448,Non-promoter,0.0,0,0,0,0,0
ECK125138115,Non-promoter,0.0,0,0,0,0,0
ECK125137795,Non-promoter,0.0,0,0,0,0,0
ECK120009979,Non-promoter,0.0,0,0,0,0,0
ECK125137050,Non-promoter,0.0,0,0,0,0,0
ECK125137393,Non-promoter,0.0,0,0,0,0,0
ECK125137018,Non-promoter,0.0,0,0,0,0,0
ECK125137946,Non-promoter,0.0,0,0,0,0,0
ECK125095438,Non-promoter,0.0,0,0,0,0,0
ECK125095437,Non-promoter,0.0,0,0,0,0,0
ECK125136534,Non-promoter,0.0,0,0,0,0,0
ECK120010017,Non-promoter,0.0,0,0,0,0,0
ECK125136644,Non-promoter,0.0,0,0,0,0,0
ECK125136805,Non-promoter,0.0,0,0,0,0,0
ECK125136812,Non-promoter,0.0,0,0,0,0,0
ECK125136868,Non-promoter,0.0,0,0,0,0,0
ECK120009975,Non-promoter,0.0,0,0,0,0,0
ECK125137127,Non-promoter,0.0,0,0,0,0,0
ECK125137263,Non-promoter,0.0,0,0,0,0,0
ECK125095444,Non-promoter,0.0,0,0,0,0,0
ECK125137368,Non-promoter,0.0,0,0,0,0,0
ECK125095443,Non-promoter,0.0,0,0,0,0,0
ECK125137557,Non-promoter,0.0,0,0,0,0,0
ECK120009976,Non-promoter,0.0,0,0,0,0,0
ECK125137748,Non-promoter,0.0,0,0,0,0,0
ECK125137797,Non-promoter,0.0,0,0,0,0,0
ECK125137823,Non-promoter,0.0,0,0,0,0,0
ECK125095442,Non-promoter,0.0,0,0,0,0,0
ECK125137948,Non-promoter,0.0,0,0,0,0,0
ECK125137990,Non-promoter,0.0,0,0,0,0,0
ECK125137987,Non-promoter,0.0,0,0,0,0,0
ECK125138085,Non-promoter,0.0,0,0,0,0,0
ECK125138125,Non-promoter,0.0,0,0,0,0,0
ECK125137737,Non-promoter,0.0,0,0,0,0,0
ECK125137738,Non-promoter,0.0,0,0,0,0,0
ECK125138044,Non-promoter,0.0,0,0,0,0,0
ECK125137976,Non-promoter,0.0,0,0,0,0,0
ECK120010765,Non-promoter,0.0,0,0,0,0,0
ECK120010766,Non-promoter,0.0,0,0,0,0,0
ECK125137720,Non-promoter,0.0,0,0,0,0,0
ECK125137718,Non-promoter,0.0,0,0,0,0,0
ECK125136673,Non-promoter,0.0,0,0,0,0,0
ECK120015500,Non-promoter,0.0,0,0,0,0,0
ECK120016232,Non-promoter,0.0,0,0,0,0,0
ECK120015959,Non-promoter,0.0,0,0,0,0,0
ECK120009980,Non-promoter,0.0,0,0,0,0,0
ECK125137021,Non-promoter,0.0,0,0,0,0,0
ECK125137899,Non-promoter,0.0,0,0,0,0,0
ECK125137309,Non-promoter,0.0,0,0,0,0,0
ECK125137311,Non-promoter,0.0,0,0,0,0,0
ECK120030790,Non-promoter,0.0,0,0,0,0,0
ECK125137464,Non-promoter,0.0,0,0,0,0,0
ECK120010611,Non-promoter,0.0,0,0,0,0,0
ECK125137370,Non-promoter,0.0,0,0,0,0,0
ECK120010162,Non-promoter,0.0,0,0,0,0,0
ECK120015473,Non-promoter,0.0,0,0,0,0,0
ECK125137640,Non-promoter,0.0,0,0,0,0,0
ECK125137497,Non-promoter,0.0,0,0,0,0,0
ECK125137498,Non-promoter,0.0,0,0,0,0,0
ECK120015384,Non-promoter,0.0,0,0,0,0,0
ECK125137027,Non-promoter,0.0,0,0,0,0,0
ECK120010165,Non-promoter,0.0,0,0,0,0,0
ECK120020532,Non-promoter,0.0,0,0,0,0,0
ECK125136670,Non-promoter,0.0,0,0,0,0,0
ECK120020530,Non-promoter,0.0,0,0,0,0,0
ECK120010080,Non-promoter,0.0,0,0,0,0,0
ECK120010588,Non-promoter,0.0,0,0,0,0,0
ECK120010595,Non-promoter,0.0,0,0,0,0,0
ECK125137993,Non-promoter,0.0,0,0,0,0,0
ECK125137994,Non-promoter,0.0,0,0,0,0,0
ECK125135022,Non-promoter,0.0,0,0,0,0,0
ECK120016939,Non-promoter,0.0,0,0,0,0,0
ECK120010591,Non-promoter,0.0,0,0,0,0,0
ECK120010592,Non-promoter,0.0,0,0,0,0,0
ECK120010593,Non-promoter,0.0,0,0,0,0,0
ECK120010586,Non-promoter,0.0,0,0,0,0,0
ECK120009851,Non-promoter,0.0,0,0,0,0,0
ECK125137912,Non-promoter,0.0,0,0,0,0,0
ECK125138022,Non-promoter,0.0,0,0,0,0,0
ECK125137855,Non-promoter,0.0,0,0,0,0,0
ECK125137856,Non-promoter,0.0,0,0,0,0,0
ECK120016406,Non-promoter,0.0,0,0,0,0,0
ECK125137836,Non-promoter,0.0,0,0,0,0,0
ECK125095201,Non-promoter,0.0,0,0,0,0,0
ECK125136763,Non-promoter,0.0,0,0,0,0,0
ECK120010997,Non-promoter,0.0,0,0,0,0,0
ECK120010998,Non-promoter,0.0,0,0,0,0,0
ECK125137841,Non-promoter,0.0,0,0,0,0,0
ECK125137844,Non-promoter,0.0,0,0,0,0,0
ECK125136804,Non-promoter,0.0,0,0,0,0,0
ECK125136658,Non-promoter,0.0,0,0,0,0,0
ECK125137907,Non-promoter,0.0,0,0,0,0,0
ECK125230250,Non-promoter,0.0,0,0,0,0,0
ECK120010764,Non-promoter,0.0,0,0,0,0,0
ECK120035107,Non-promoter,0.0,0,0,0,0,0
ECK120009877,Non-promoter,0.0,0,0,0,0,0
ECK120009878,Non-promoter,0.0,0,0,0,0,0
ECK125136564,Non-promoter,0.0,0,0,0,0,0
ECK125136382,Non-promoter,0.0,0,0,0,0,0
ECK125137205,Non-promoter,0.0,0,0,0,0,0
ECK125136671,Non-promoter,0.0,0,0,0,0,0
ECK120010689,Non-promoter,0.0,0,0,0,0,0
ECK125137026,Non-promoter,0.0,0,0,0,0,0
CK125137023,Non-promoter,0.0,0,0,0,0,0
ECK125137025,Non-promoter,0.0,0,0,0,0,0
ECK125137197,Non-promoter,0.0,0,0,0,0,0
ECK125136789,Non-promoter,0.0,0,0,0,0,0
ECK125136790,Non-promoter,0.0,0,0,0,0,0
ECK125136762,Non-promoter,0.0,0,0,0,0,0
ECK120010545,Non-promoter,0.0,0,0,0,0,0
ECK120010546,Non-promoter,0.0,0,0,0,0,0
ECK125136793,Non-promoter,0.0,0,0,0,0,0
ECK125137495,Non-promoter,0.0,0,0,0,0,0
ECK125137116,Non-promoter,0.0,0,0,0,0,0
ECK120034386,Non-promoter,0.0,0,0,0,0,0
ECK125136996,Non-promoter,0.0,0,0,0,0,0
ECK125136997,Non-promoter,0.0,0,0,0,0,0
ECK125136713,Non-promoter,0.0,0,0,0,0,0
ECK125137724,Non-promoter,0.0,0,0,0,0,0
ECK125136514,Non-promoter,0.0,0,0,0,0,0
ECK125137150,Non-promoter,0.0,0,0,0,0,0
ECK125136817,Non-promoter,0.0,0,0,0,0,0
ECK125136921,Non-promoter,0.0,0,0,0,0,0
ECK125136489,Non-promoter,0.0,0,0,0,0,0
ECK120010149,Non-promoter,0.0,0,0,0,0,0
ECK120022294,Non-promoter,0.0,0,0,0,0,0
ECK120009913,Non-promoter,0.0,0,0,0,0,0
ECK120029294,Non-promoter,0.0,0,0,0,0,0
ECK120051380,Non-promoter,0.0,0,0,0,0,0
ECK120010093,Non-promoter,0.0,0,0,0,0,0
ECK120049203,Non-promoter,0.0,0,0,0,0,0
ECK125136360,Non-promoter,0.0,0,0,0,0,0
ECK125137252,Non-promoter,0.0,0,0,0,0,0
ECK125137105,Non-promoter,0.0,0,0,0,0,0
ECK125136815,Non-promoter,0.0,0,0,0,0,0
ECK120011037,Non-promoter,0.0,0,0,0,0,0
ECK125136605,Non-promoter,0.0,0,0,0,0,0
ECK125136607,Non-promoter,0.0,0,0,0,0,0
ECK125138002,Non-promoter,0.0,0,0,0,0,0
ECK120015437,Non-promoter,0.0,0,0,0,0,0
ECK120011034,Non-promoter,0.0,0,0,0,0,0
ECK125137289,Non-promoter,0.0,0,0,0,0,0
ECK125136725,Non-promoter,0.0,0,0,0,0,0
ECK120009875,Non-promoter,0.0,0,0,0,0,0
ECK125137314,Non-promoter,0.0,0,0,0,0,0
ECK125137317,Non-promoter,0.0,0,0,0,0,0
ECK125136694,Non-promoter,0.0,0,0,0,0,0
ECK125136819,Non-promoter,0.0,0,0,0,0,0
ECK125136554,Non-promoter,0.0,0,0,0,0,0
ECK125137733,Non-promoter,0.0,0,0,0,0,0
ECK125138031,Non-promoter,0.0,0,0,0,0,0
ECK125137196,Non-promoter,0.0,0,0,0,0,0
ECK120009935,Non-promoter,0.0,0,0,0,0,0
ECK120011031,Non-promoter,0.0,0,0,0,0,0
ECK120010075,Non-promoter,0.0,0,0,0,0,0
ECK125136522,Non-promoter,0.0,0,0,0,0,0
ECK120016950,Non-promoter,0.0,0,0,0,0,0
ECK125136497,Non-promoter,0.0,0,0,0,0,0
ECK125136498,Non-promoter,0.0,0,0,0,0,0
ECK120010999,Non-promoter,0.0,0,0,0,0,0
ECK125109862,Non-promoter,0.0,0,0,0,0,0
ECK125137972,Non-promoter,0.0,0,0,0,0,0
ECK120009934,Non-promoter,0.0,0,0,0,0,0
ECK120016579,Non-promoter,0.0,0,0,0,0,0
ECK120016580,Non-promoter,0.0,0,0,0,0,0
ECK120016702,Non-promoter,0.0,0,0,0,0,0
ECK120010547,Non-promoter,0.0,0,0,0,0,0
ECK120016704,Non-promoter,0.0,0,0,0,0,0
ECK120016705,Non-promoter,0.0,0,0,0,0,0
ECK125137622,Non-promoter,0.0,0,0,0,0,0
ECK120035125,Non-promoter,0.0,0,0,0,0,0
ECK120010243,Non-promoter,0.0,0,0,0,0,0
ECK125137754,Non-promoter,0.0,0,0,0,0,0
ECK120010219,Non-promoter,0.0,0,0,0,0,0
ECK120015390,Non-promoter,0.0,0,0,0,0,0
ECK120011035,Non-promoter,0.0,0,0,0,0,0
ECK120010191,Non-promoter,0.0,0,0,0,0,0
ECK120010217,Non-promoter,0.0,0,0,0,0,0
ECK125141980,Non-promoter,0.0,0,0,0,0,0
ECK120010723,Non-promoter,0.0,0,0,0,0,0
ECK120015472,Non-promoter,0.0,0,0,0,0,0
ECK125136710,Non-promoter,0.0,0,0,0,0,0
ECK125136732,Non-promoter,0.0,0,0,0,0,0
ECK125137571,Non-promoter,0.0,0,0,0,0,0
ECK125137620,Non-promoter,0.0,0,0,0,0,0
ECK120015498,Non-promoter,0.0,0,0,0,0,0
ECK120015424,Non-promoter,0.0,0,0,0,0,0
ECK125136401,Non-promoter,0.0,0,0,0,0,0
ECK120010125,Non-promoter,0.0,0,0,0,0,0
ECK120011001,Non-promoter,0.0,0,0,0,0,0
ECK120016706,Non-promoter,0.0,0,0,0,0,0
ECK125138011,Non-promoter,0.0,0,0,0,0,0
ECK125137886,Non-promoter,0.0,0,0,0,0,0
ECK120010609,Non-promoter,0.0,0,0,0,0,0
ECK120010048,Non-promoter,0.0,0,0,0,0,0
ECK120010056,Non-promoter,0.0,0,0,0,0,0
ECK120015464,Non-promoter,0.0,0,0,0,0,0
ECK125137872,Non-promoter,0.0,0,0,0,0,0
ECK120034547,Non-promoter,0.0,0,0,0,0,0
ECK125135020,Non-promoter,0.0,0,0,0,0,0
ECK125136745,Non-promoter,0.0,0,0,0,0,0
ECK125137874,Non-promoter,0.0,0,0,0,0,0
ECK125095208,Non-promoter,0.0,0,0,0,0,0
ECK125136473,Non-promoter,0.0,0,0,0,0,0
ECK125136499,Non-promoter,0.0,0,0,0,0,0
ECK125136758,Non-promoter,0.0,0,0,0,0,0
ECK125136354,Non-promoter,0.0,0,0,0,0,0
ECK125137132,Non-promoter,0.0,0,0,0,0,0
ECK125137134,Non-promoter,0.0,0,0,0,0,0
ECK125136592,Non-promoter,0.0,0,0,0,0,0
ECK125137913,Non-promoter,0.0,0,0,0,0,0
ECK125136376,Non-promoter,0.0,0,0,0,0,0
ECK125138091,Non-promoter,0.0,0,0,0,0,0
ECK125138092,Non-promoter,0.0,0,0,0,0,0
ECK125137693,Non-promoter,0.0,0,0,0,0,0
ECK125137694,Non-promoter,0.0,0,0,0,0,0
ECK125137540,Non-promoter,0.0,0,0,0,0,0
ECK125137541,Non-promoter,0.0,0,0,0,0,0
ECK120010052,Non-promoter,0.0,0,0,0,0,0
ECK120010599,Non-promoter,0.0,0,0,0,0,0
ECK120009910,Non-promoter,0.0,0,0,0,0,0
ECK125138083,Non-promoter,0.0,0,0,0,0,0
ECK125138084,Non-promoter,0.0,0,0,0,0,0
ECK125138074,Non-promoter,0.0,0,0,0,0,0
ECK125137198,Non-promoter,0.0,0,0,0,0,0
ECK125137573,Non-promoter,0.0,0,0,0,0,0
ECK125137210,Non-promoter,0.0,0,0,0,0,0
ECK125136542,Non-promoter,0.0,0,0,0,0,0
ECK125136416,Non-promoter,0.0,0,0,0,0,0
ECK125137212,Non-promoter,0.0,0,0,0,0,0
ECK125138079,Non-promoter,0.0,0,0,0,0,0
ECK125136352,Non-promoter,0.0,0,0,0,0,0
ECK125137120,Non-promoter,0.0,0,0,0,0,0
ECK125136601,Non-promoter,0.0,0,0,0,0,0
ECK125137507,Non-promoter,0.0,0,0,0,0,0
ECK125137429,Non-promoter,0.0,0,0,0,0,0
ECK125136826,Non-promoter,0.0,0,0,0,0,0
ECK125137104,Non-promoter,0.0,0,0,0,0,0
ECK125138114,Non-promoter,0.0,0,0,0,0,0
ECK125137167,Non-promoter,0.0,0,0,0,0,0
ECK125137884,Non-promoter,0.0,0,0,0,0,0
ECK125136782,Non-promoter,0.0,0,0,0,0,0
ECK125136783,Non-promoter,0.0,0,0,0,0,0
ECK125136767,Non-promoter,0.0,0,0,0,0,0
ECK125137675,Non-promoter,0.0,0,0,0,0,0
ECK125138066,Non-promoter,0.0,0,0,0,0,0
ECK125138067,Non-promoter,0.0,0,0,0,0,0
ECK120033733,Non-promoter,0.0,0,0,0,0,0
ECK120034947,Non-promoter,0.0,0,0,0,0,0
ECK120011039,Non-promoter,0.0,0,0,0,0,0
ECK120011040,Non-promoter,0.0,0,0,0,0,0
ECK125136965,Non-promoter,0.0,0,0,0,0,0
ECK125136483,Non-promoter,0.0,0,0,0,0,0
ECK120010133,Non-promoter,0.0,0,0,0,0,0
ECK120010245,Non-promoter,0.0,0,0,0,0,0
ECK125136442,Non-promoter,0.0,0,0,0,0,0
ECK125136440,Non-promoter,0.0,0,0,0,0,0
ECK125136441,Non-promoter,0.0,0,0,0,0,0
ECK125136437,Non-promoter,0.0,0,0,0,0,0
ECK125136799,Non-promoter,0.0,0,0,0,0,0
ECK125137607,Non-promoter,0.0,0,0,0,0,0
ECK125137608,Non-promoter,0.0,0,0,0,0,0
ECK125137039,Non-promoter,0.0,0,0,0,0,0
ECK120010090,Non-promoter,0.0,0,0,0,0,0
ECK120011042,Non-promoter,0.0,0,0,0,0,0
ECK120011004,Non-promoter,0.0,0,0,0,0,0
ECK120015495,Non-promoter,0.0,0,0,0,0,0
ECK120010226,Non-promoter,0.0,0,0,0,0,0
ECK125137248,Non-promoter,0.0,0,0,0,0,0
ECK125137496,Non-promoter,0.0,0,0,0,0,0
ECK125136399,Non-promoter,0.0,0,0,0,0,0
ECK125136400,Non-promoter,0.0,0,0,0,0,0
ECK120016184,Non-promoter,0.0,0,0,0,0,0
ECK125136419,Non-promoter,0.0,0,0,0,0,0
ECK120010502,Non-promoter,0.0,0,0,0,0,0
ECK125136648,Non-promoter,0.0,0,0,0,0,0
ECK125136649,Non-promoter,0.0,0,0,0,0,0
ECK125137536,Non-promoter,0.0,0,0,0,0,0
ECK125136925,Non-promoter,0.0,0,0,0,0,0
ECK125136881,Non-promoter,0.0,0,0,0,0,0
ECK125136880,Non-promoter,0.0,0,0,0,0,0
ECK125137292,Non-promoter,0.0,0,0,0,0,0
ECK125137598,Non-promoter,0.0,0,0,0,0,0
ECK125137599,Non-promoter,0.0,0,0,0,0,0
ECK125137723,Non-promoter,0.0,0,0,0,0,0
ECK125137695,Non-promoter,0.0,0,0,0,0,0
ECK120010246,Non-promoter,0.0,0,0,0,0,0
ECK125137626,Non-promoter,0.0,0,0,0,0,0
ECK125137501,Non-promoter,0.0,0,0,0,0,0
ECK120011044,Non-promoter,0.0,0,0,0,0,0
ECK125137443,Non-promoter,0.0,0,0,0,0,0
ECK125136769,Non-promoter,0.0,0,0,0,0,0
ECK125137706,Non-promoter,0.0,0,0,0,0,0
ECK125137705,Non-promoter,0.0,0,0,0,0,0
ECK120009939,Non-promoter,0.0,0,0,0,0,0
ECK120015471,Non-promoter,0.0,0,0,0,0,0
ECK125137405,Non-promoter,0.0,0,0,0,0,0
ECK120015394,Non-promoter,0.0,0,0,0,0,0
ECK120015433,Non-promoter,0.0,0,0,0,0,0
ECK125137985,Non-promoter,0.0,0,0,0,0,0
ECK125137759,Non-promoter,0.0,0,0,0,0,0
ECK125137308,Non-promoter,0.0,0,0,0,0,0
ECK125137331,Non-promoter,0.0,0,0,0,0,0
ECK125137231,Non-promoter,0.0,0,0,0,0,0
ECK125136907,Non-promoter,0.0,0,0,0,0,0
ECK125136908,Non-promoter,0.0,0,0,0,0,0
ECK125138111,Non-promoter,0.0,0,0,0,0,0
ECK125136931,Non-promoter,0.0,0,0,0,0,0
ECK125136933,Non-promoter,0.0,0,0,0,0,0
ECK125138036,Non-promoter,0.0,0,0,0,0,0
ECK125109032,Non-promoter,0.0,0,0,0,0,0
ECK125137596,Non-promoter,0.0,0,0,0,0,0
ECK125137253,Non-promoter,0.0,0,0,0,0,0
ECK125137254,Non-promoter,0.0,0,0,0,0,0
ECK125136684,Non-promoter,0.0,0,0,0,0,0
ECK125137981,Non-promoter,0.0,0,0,0,0,0
ECK120011010,Non-promoter,0.0,0,0,0,0,0
ECK120011011,Non-promoter,0.0,0,0,0,0,0
ECK125137910,Non-promoter,0.0,0,0,0,0,0
ECK125136796,Non-promoter,0.0,0,0,0,0,0
ECK120029525,Non-promoter,0.0,0,0,0,0,0
ECK120049219,Non-promoter,0.0,0,0,0,0,0
ECK125137312,Non-promoter,0.0,0,0,0,0,0
ECK120010629,Non-promoter,0.0,0,0,0,0,0
ECK120015389,Non-promoter,0.0,0,0,0,0,0
ECK125136772,Non-promoter,0.0,0,0,0,0,0
ECK125095184,Non-promoter,0.0,0,0,0,0,0
ECK125137467,Non-promoter,0.0,0,0,0,0,0
ECK120010561,Non-promoter,0.0,0,0,0,0,0
ECK120010562,Non-promoter,0.0,0,0,0,0,0
ECK120010563,Non-promoter,0.0,0,0,0,0,0
ECK125137058,Non-promoter,0.0,0,0,0,0,0
ECK125136413,Non-promoter,0.0,0,0,0,0,0
ECK120015167,Non-promoter,0.0,0,0,0,0,0
ECK125137426,Non-promoter,0.0,0,0,0,0,0
ECK120035100,Non-promoter,0.0,0,0,0,0,0
ECK125137137,Non-promoter,0.0,0,0,0,0,0
ECK120010529,Non-promoter,0.0,0,0,0,0,0
ECK125137484,Non-promoter,0.0,0,0,0,0,0
ECK125136891,Non-promoter,0.0,0,0,0,0,0
ECK125137924,Non-promoter,0.0,0,0,0,0,0
ECK125137926,Non-promoter,0.0,0,0,0,0,0
ECK125136412,Non-promoter,0.0,0,0,0,0,0
ECK125137316,Non-promoter,0.0,0,0,0,0,0
ECK125136829,Non-promoter,0.0,0,0,0,0,0
ECK120015765,Non-promoter,0.0,0,0,0,0,0
ECK125137930,Non-promoter,0.0,0,0,0,0,0
ECK125137938,Non-promoter,0.0,0,0,0,0,0
ECK125137939,Non-promoter,0.0,0,0,0,0,0
ECK125137219,Non-promoter,0.0,0,0,0,0,0
ECK125137220,Non-promoter,0.0,0,0,0,0,0
ECK125137216,Non-promoter,0.0,0,0,0,0,0
ECK125137217,Non-promoter,0.0,0,0,0,0,0
ECK125137215,Non-promoter,0.0,0,0,0,0,0
ECK125095203,Non-promoter,0.0,0,0,0,0,0
ECK125137305,Non-promoter,0.0,0,0,0,0,0
ECK125137811,Non-promoter,0.0,0,0,0,0,0
ECK125137812,Non-promoter,0.0,0,0,0,0,0
ECK125137809,Non-promoter,0.0,0,0,0,0,0
ECK125136518,Non-promoter,0.0,0,0,0,0,0
ECK125136645,Non-promoter,0.0,0,0,0,0,0
ECK125137038,Non-promoter,0.0,0,0,0,0,0
ECK120009923,Non-promoter,0.0,0,0,0,0,0
ECK125137115,Non-promoter,0.0,0,0,0,0,0
ECK125136642,Non-promoter,0.0,0,0,0,0,0
ECK125136705,Non-promoter,0.0,0,0,0,0,0
ECK125136699,Non-promoter,0.0,0,0,0,0,0
ECK125136700,Non-promoter,0.0,0,0,0,0,0
ECK125136561,Non-promoter,0.0,0,0,0,0,0
ECK125137403,Non-promoter,0.0,0,0,0,0,0
ECK120011144,Non-promoter,0.0,0,0,0,0,0
ECK125203431,Non-promoter,0.0,0,0,0,0,0
ECK125137690,Non-promoter,0.0,0,0,0,0,0
ECK120010581,Non-promoter,0.0,0,0,0,0,0
ECK125137707,Non-promoter,0.0,0,0,0,0,0
ECK125138035,Non-promoter,0.0,0,0,0,0,0
ECK125138116,Non-promoter,0.0,0,0,0,0,0
ECK125137555,Non-promoter,0.0,0,0,0,0,0
ECK125141558,Non-promoter,0.0,0,0,0,0,0
ECK125137279,Non-promoter,0.0,0,0,0,0,0
ECK125137145,Non-promoter,0.0,0,0,0,0,0
ECK120015432,Non-promoter,0.0,0,0,0,0,0
ECK120033029,Non-promoter,0.0,0,0,0,0,0
ECK120033031,Non-promoter,0.0,0,0,0,0,0
ECK125137168,Non-promoter,0.0,0,0,0,0,0
ECK125137867,Non-promoter,0.0,0,0,0,0,0
ECK125136519,Non-promoter,0.0,0,0,0,0,0
ECK120010610,Non-promoter,0.0,0,0,0,0,0
ECK120010612,Non-promoter,0.0,0,0,0,0,0
ECK120010605,Non-promoter,0.0,0,0,0,0,0
ECK120010607,Non-promoter,0.0,0,0,0,0,0
ECK125137272,Non-promoter,0.0,0,0,0,0,0
ECK125137273,Non-promoter,0.0,0,0,0,0,0
ECK125137889,Non-promoter,0.0,0,0,0,0,0
ECK125137890,Non-promoter,0.0,0,0,0,0,0
ECK125137891,Non-promoter,0.0,0,0,0,0,0
ECK125136528,Non-promoter,0.0,0,0,0,0,0
ECK125136529,Non-promoter,0.0,0,0,0,0,0
ECK125136530,Non-promoter,0.0,0,0,0,0,0
ECK120010937,Non-promoter,0.0,0,0,0,0,0
ECK125137691,Non-promoter,0.0,0,0,0,0,0
ECK120030789,Non-promoter,0.0,0,0,0,0,0
ECK125137190,Non-promoter,0.0,0,0,0,0,0
ECK125137028,Non-promoter,0.0,0,0,0,0,0
ECK125137029,Non-promoter,0.0,0,0,0,0,0
ECK125137030,Non-promoter,0.0,0,0,0,0,0
ECK125137746,Non-promoter,0.0,0,0,0,0,0
ECK125137444,Non-promoter,0.0,0,0,0,0,0
ECK125137344,Non-promoter,0.0,0,0,0,0,0
ECK120009846,Non-promoter,0.0,0,0,0,0,0
ECK120010254,Non-promoter,0.0,0,0,0,0,0
ECK125137084,Non-promoter,0.0,0,0,0,0,0
ECK125137424,Non-promoter,0.0,0,0,0,0,0
ECK125137445,Non-promoter,0.0,0,0,0,0,0
ECK125136692,Non-promoter,0.0,0,0,0,0,0
ECK125137049,Non-promoter,0.0,0,0,0,0,0
ECK120032969,Non-promoter,0.0,0,0,0,0,0
ECK125138059,Non-promoter,0.0,0,0,0,0,0
ECK125137504,Non-promoter,0.0,0,0,0,0,0
ECK125136567,Non-promoter,0.0,0,0,0,0,0
ECK125137658,Non-promoter,0.0,0,0,0,0,0
ECK125137659,Non-promoter,0.0,0,0,0,0,0
ECK125137661,Non-promoter,0.0,0,0,0,0,0
ECK125136838,Non-promoter,0.0,0,0,0,0,0
ECK125136362,Non-promoter,0.0,0,0,0,0,0
ECK120010601,Non-promoter,0.0,0,0,0,0,0
ECK120010587,Non-promoter,0.0,0,0,0,0,0
ECK125136616,Non-promoter,0.0,0,0,0,0,0
ECK125136833,Non-promoter,0.0,0,0,0,0,0
ECK125136897,Non-promoter,0.0,0,0,0,0,0
ECK125136898,Non-promoter,0.0,0,0,0,0,0
ECK125136848,Non-promoter,0.0,0,0,0,0,0
ECK125137624,Non-promoter,0.0,0,0,0,0,0
ECK125137625,Non-promoter,0.0,0,0,0,0,0
ECK125136885,Non-promoter,0.0,0,0,0,0,0
ECK125109141,Non-promoter,0.0,0,0,0,0,0
ECK125137801,Non-promoter,0.0,0,0,0,0,0
ECK125095202,Non-promoter,0.0,0,0,0,0,0
ECK120010086,Non-promoter,0.0,0,0,0,0,0
ECK125137940,Non-promoter,0.0,0,0,0,0,0
ECK125137941,Non-promoter,0.0,0,0,0,0,0
ECK125137209,Non-promoter,0.0,0,0,0,0,0
ECK125137019,Non-promoter,0.0,0,0,0,0,0
ECK125137020,Non-promoter,0.0,0,0,0,0,0
ECK120010065,Non-promoter,0.0,0,0,0,0,0
ECK125136509,Non-promoter,0.0,0,0,0,0,0
ECK125137157,Non-promoter,0.0,0,0,0,0,0
ECK125137158,Non-promoter,0.0,0,0,0,0,0
ECK125137160,Non-promoter,0.0,0,0,0,0,0
ECK120010060,Non-promoter,0.0,0,0,0,0,0
ECK120010059,Non-promoter,0.0,0,0,0,0,0
ECK120010061,Non-promoter,0.0,0,0,0,0,0
ECK120010596,Non-promoter,0.0,0,0,0,0,0
ECK125137879,Non-promoter,0.0,0,0,0,0,0
ECK125137880,Non-promoter,0.0,0,0,0,0,0
ECK125137223,Non-promoter,0.0,0,0,0,0,0
ECK125137887,Non-promoter,0.0,0,0,0,0,0
ECK125137537,Non-promoter,0.0,0,0,0,0,0
ECK120009912,Non-promoter,0.0,0,0,0,0,0
ECK125136346,Non-promoter,0.0,0,0,0,0,0
ECK125136349,Non-promoter,0.0,0,0,0,0,0
ECK125136350,Non-promoter,0.0,0,0,0,0,0
ECK125136351,Non-promoter,0.0,0,0,0,0,0
ECK125136347,Non-promoter,0.0,0,0,0,0,0
ECK125136344,Non-promoter,0.0,0,0,0,0,0
ECK125136367,Non-promoter,0.0,0,0,0,0,0
ECK125136370,Non-promoter,0.0,0,0,0,0,0
ECK125136378,Non-promoter,0.0,0,0,0,0,0
ECK125136379,Non-promoter,0.0,0,0,0,0,0
ECK125136383,Non-promoter,0.0,0,0,0,0,0
ECK125136384,Non-promoter,0.0,0,0,0,0,0
ECK125136396,Non-promoter,0.0,0,0,0,0,0
ECK125136394,Non-promoter,0.0,0,0,0,0,0
ECK125136409,Non-promoter,0.0,0,0,0,0,0
ECK125136410,Non-promoter,0.0,0,0,0,0,0
ECK125136402,Non-promoter,0.0,0,0,0,0,0
ECK125136403,Non-promoter,0.0,0,0,0,0,0
ECK125136404,Non-promoter,0.0,0,0,0,0,0
ECK125136405,Non-promoter,0.0,0,0,0,0,0
ECK125136422,Non-promoter,0.0,0,0,0,0,0
ECK125136423,Non-promoter,0.0,0,0,0,0,0
ECK125136424,Non-promoter,0.0,0,0,0,0,0
ECK125136428,Non-promoter,0.0,0,0,0,0,0
ECK125136429,Non-promoter,0.0,0,0,0,0,0
ECK125136430,Non-promoter,0.0,0,0,0,0,0
ECK125136434,Non-promoter,0.0,0,0,0,0,0
ECK125136460,Non-promoter,0.0,0,0,0,0,0
ECK125136461,Non-promoter,0.0,0,0,0,0,0
ECK125136465,Non-promoter,0.0,0,0,0,0,0
ECK125136472,Non-promoter,0.0,0,0,0,0,0
ECK125136476,Non-promoter,0.0,0,0,0,0,0
ECK125136477,Non-promoter,0.0,0,0,0,0,0
ECK125136478,Non-promoter,0.0,0,0,0,0,0
ECK125136485,Non-promoter,0.0,0,0,0,0,0
ECK125136503,Non-promoter,0.0,0,0,0,0,0
ECK120034940,Non-promoter,0.0,0,0,0,0,0
ECK125136510,Non-promoter,0.0,0,0,0,0,0
ECK125136513,Non-promoter,0.0,0,0,0,0,0
ECK125136493,Non-promoter,0.0,0,0,0,0,0
ECK125136517,Non-promoter,0.0,0,0,0,0,0
ECK125136523,Non-promoter,0.0,0,0,0,0,0
ECK125136524,Non-promoter,0.0,0,0,0,0,0
ECK125136525,Non-promoter,0.0,0,0,0,0,0
ECK125136527,Non-promoter,0.0,0,0,0,0,0
ECK125136535,Non-promoter,0.0,0,0,0,0,0
ECK125136536,Non-promoter,0.0,0,0,0,0,0
ECK125136537,Non-promoter,0.0,0,0,0,0,0
ECK125136544,Non-promoter,0.0,0,0,0,0,0
ECK125136549,Non-promoter,0.0,0,0,0,0,0
ECK125095188,Non-promoter,0.0,0,0,0,0,0
ECK125136560,Non-promoter,0.0,0,0,0,0,0
ECK125136568,Non-promoter,0.0,0,0,0,0,0
ECK125136569,Non-promoter,0.0,0,0,0,0,0
ECK125136571,Non-promoter,0.0,0,0,0,0,0
ECK125136585,Non-promoter,0.0,0,0,0,0,0
ECK125136581,Non-promoter,0.0,0,0,0,0,0
ECK125136582,Non-promoter,0.0,0,0,0,0,0
ECK125136586,Non-promoter,0.0,0,0,0,0,0
ECK125136587,Non-promoter,0.0,0,0,0,0,0
ECK125136589,Non-promoter,0.0,0,0,0,0,0
ECK125136613,Non-promoter,0.0,0,0,0,0,0
ECK125136621,Non-promoter,0.0,0,0,0,0,0
ECK125136626,Non-promoter,0.0,0,0,0,0,0
ECK125136625,Non-promoter,0.0,0,0,0,0,0
ECK125136632,Non-promoter,0.0,0,0,0,0,0
ECK125136628,Non-promoter,0.0,0,0,0,0,0
ECK125136629,Non-promoter,0.0,0,0,0,0,0
ECK125136630,Non-promoter,0.0,0,0,0,0,0
ECK125136634,Non-promoter,0.0,0,0,0,0,0
ECK125136643,Non-promoter,0.0,0,0,0,0,0
ECK125136654,Non-promoter,0.0,0,0,0,0,0
ECK125136659,Non-promoter,0.0,0,0,0,0,0
ECK125136661,Non-promoter,0.0,0,0,0,0,0
ECK125136662,Non-promoter,0.0,0,0,0,0,0
ECK125136664,Non-promoter,0.0,0,0,0,0,0
ECK125136665,Non-promoter,0.0,0,0,0,0,0
ECK125136676,Non-promoter,0.0,0,0,0,0,0
ECK125136690,Non-promoter,0.0,0,0,0,0,0
ECK125136681,Non-promoter,0.0,0,0,0,0,0
ECK125136683,Non-promoter,0.0,0,0,0,0,0
ECK125136686,Non-promoter,0.0,0,0,0,0,0
ECK125136688,Non-promoter,0.0,0,0,0,0,0
ECK125136677,Non-promoter,0.0,0,0,0,0,0
ECK125136678,Non-promoter,0.0,0,0,0,0,0
ECK125136697,Non-promoter,0.0,0,0,0,0,0
ECK125136698,Non-promoter,0.0,0,0,0,0,0
ECK125136701,Non-promoter,0.0,0,0,0,0,0
ECK125136702,Non-promoter,0.0,0,0,0,0,0
ECK125136704,Non-promoter,0.0,0,0,0,0,0
ECK125136706,Non-promoter,0.0,0,0,0,0,0
ECK125136707,Non-promoter,0.0,0,0,0,0,0
ECK125136733,Non-promoter,0.0,0,0,0,0,0
ECK125136751,Non-promoter,0.0,0,0,0,0,0
ECK125136752,Non-promoter,0.0,0,0,0,0,0
ECK125136750,Non-promoter,0.0,0,0,0,0,0
ECK125136761,Non-promoter,0.0,0,0,0,0,0
ECK125136811,Non-promoter,0.0,0,0,0,0,0
ECK125136813,Non-promoter,0.0,0,0,0,0,0
ECK125136814,Non-promoter,0.0,0,0,0,0,0
ECK125136825,Non-promoter,0.0,0,0,0,0,0
ECK125136802,Non-promoter,0.0,0,0,0,0,0
ECK125136803,Non-promoter,0.0,0,0,0,0,0
ECK120022125,Non-promoter,0.0,0,0,0,0,0
ECK125122033,Non-promoter,0.0,0,0,0,0,0
ECK125122032,Non-promoter,0.0,0,0,0,0,0
ECK125136855,Non-promoter,0.0,0,0,0,0,0
ECK125136856,Non-promoter,0.0,0,0,0,0,0
ECK125199578,Non-promoter,0.0,0,0,0,0,0
ECK125136871,Non-promoter,0.0,0,0,0,0,0
ECK125136873,Non-promoter,0.0,0,0,0,0,0
ECK125136889,Non-promoter,0.0,0,0,0,0,0
ECK125136895,Non-promoter,0.0,0,0,0,0,0
ECK125136896,Non-promoter,0.0,0,0,0,0,0
ECK125136912,Non-promoter,0.0,0,0,0,0,0
ECK125136911,Non-promoter,0.0,0,0,0,0,0
ECK125136918,Non-promoter,0.0,0,0,0,0,0
ECK125136927,Non-promoter,0.0,0,0,0,0,0
ECK125136928,Non-promoter,0.0,0,0,0,0,0
ECK125136935,Non-promoter,0.0,0,0,0,0,0
ECK125136936,Non-promoter,0.0,0,0,0,0,0
ECK125136937,Non-promoter,0.0,0,0,0,0,0
ECK125136941,Non-promoter,0.0,0,0,0,0,0
ECK125136942,Non-promoter,0.0,0,0,0,0,0
ECK125136943,Non-promoter,0.0,0,0,0,0,0
ECK125136948,Non-promoter,0.0,0,0,0,0,0
ECK125136950,Non-promoter,0.0,0,0,0,0,0
ECK125136960,Non-promoter,0.0,0,0,0,0,0
ECK125136961,Non-promoter,0.0,0,0,0,0,0
ECK125136968,Non-promoter,0.0,0,0,0,0,0
ECK125136984,Non-promoter,0.0,0,0,0,0,0
ECK125136985,Non-promoter,0.0,0,0,0,0,0
ECK125136987,Non-promoter,0.0,0,0,0,0,0
ECK125136988,Non-promoter,0.0,0,0,0,0,0
ECK125095187,Non-promoter,0.0,0,0,0,0,0
ECK125136973,Non-promoter,0.0,0,0,0,0,0
ECK125137002,Non-promoter,0.0,0,0,0,0,0
ECK125137017,Non-promoter,0.0,0,0,0,0,0
ECK125137022,Non-promoter,0.0,0,0,0,0,0
ECK125137037,Non-promoter,0.0,0,0,0,0,0
ECK125137033,Non-promoter,0.0,0,0,0,0,0
ECK125095200,Non-promoter,0.0,0,0,0,0,0
ECK125137045,Non-promoter,0.0,0,0,0,0,0
ECK125137060,Non-promoter,0.0,0,0,0,0,0
ECK125137053,Non-promoter,0.0,0,0,0,0,0
ECK125137056,Non-promoter,0.0,0,0,0,0,0
ECK125137065,Non-promoter,0.0,0,0,0,0,0
ECK125137066,Non-promoter,0.0,0,0,0,0,0
ECK125137086,Non-promoter,0.0,0,0,0,0,0
ECK125137088,Non-promoter,0.0,0,0,0,0,0
ECK120015516,Non-promoter,0.0,0,0,0,0,0
ECK125137073,Non-promoter,0.0,0,0,0,0,0
ECK125137071,Non-promoter,0.0,0,0,0,0,0
ECK125137072,Non-promoter,0.0,0,0,0,0,0
ECK125095204,Non-promoter,0.0,0,0,0,0,0
ECK125137091,Non-promoter,0.0,0,0,0,0,0
ECK125137093,Non-promoter,0.0,0,0,0,0,0
ECK125137095,Non-promoter,0.0,0,0,0,0,0
ECK125137097,Non-promoter,0.0,0,0,0,0,0
ECK125137098,Non-promoter,0.0,0,0,0,0,0
ECK120015435,Non-promoter,0.0,0,0,0,0,0
ECK120015431,Non-promoter,0.0,0,0,0,0,0
ECK120035103,Non-promoter,0.0,0,0,0,0,0
ECK125137124,Non-promoter,0.0,0,0,0,0,0
ECK125137125,Non-promoter,0.0,0,0,0,0,0
ECK125137131,Non-promoter,0.0,0,0,0,0,0
ECK125137148,Non-promoter,0.0,0,0,0,0,0
ECK125137149,Non-promoter,0.0,0,0,0,0,0
ECK125137165,Non-promoter,0.0,0,0,0,0,0
ECK125137151,Non-promoter,0.0,0,0,0,0,0
ECK125137152,Non-promoter,0.0,0,0,0,0,0
ECK125137172,Non-promoter,0.0,0,0,0,0,0
ECK125137177,Non-promoter,0.0,0,0,0,0,0
ECK125137178,Non-promoter,0.0,0,0,0,0,0
ECK125137180,Non-promoter,0.0,0,0,0,0,0
ECK125137182,Non-promoter,0.0,0,0,0,0,0
ECK125137191,Non-promoter,0.0,0,0,0,0,0
ECK125137192,Non-promoter,0.0,0,0,0,0,0
ECK125137195,Non-promoter,0.0,0,0,0,0,0
ECK125137200,Non-promoter,0.0,0,0,0,0,0
ECK125137203,Non-promoter,0.0,0,0,0,0,0
ECK125137224,Non-promoter,0.0,0,0,0,0,0
ECK125137225,Non-promoter,0.0,0,0,0,0,0
ECK125137226,Non-promoter,0.0,0,0,0,0,0
ECK125137228,Non-promoter,0.0,0,0,0,0,0
ECK125137229,Non-promoter,0.0,0,0,0,0,0
ECK125137230,Non-promoter,0.0,0,0,0,0,0
ECK125137233,Non-promoter,0.0,0,0,0,0,0
ECK125137240,Non-promoter,0.0,0,0,0,0,0
ECK125137242,Non-promoter,0.0,0,0,0,0,0
ECK125137246,Non-promoter,0.0,0,0,0,0,0
ECK125137247,Non-promoter,0.0,0,0,0,0,0
ECK125137266,Non-promoter,0.0,0,0,0,0,0
ECK125137267,Non-promoter,0.0,0,0,0,0,0
ECK125137268,Non-promoter,0.0,0,0,0,0,0
ECK120030649,Non-promoter,0.0,0,0,0,0,0
ECK125137300,Non-promoter,0.0,0,0,0,0,0
ECK125137306,Non-promoter,0.0,0,0,0,0,0
ECK125137307,Non-promoter,0.0,0,0,0,0,0
ECK125137324,Non-promoter,0.0,0,0,0,0,0
ECK125137326,Non-promoter,0.0,0,0,0,0,0
ECK125137328,Non-promoter,0.0,0,0,0,0,0
ECK125137329,Non-promoter,0.0,0,0,0,0,0
ECK125137342,Non-promoter,0.0,0,0,0,0,0
ECK125137345,Non-promoter,0.0,0,0,0,0,0
ECK125137346,Non-promoter,0.0,0,0,0,0,0
ECK125137348,Non-promoter,0.0,0,0,0,0,0
ECK125137350,Non-promoter,0.0,0,0,0,0,0
ECK125137356,Non-promoter,0.0,0,0,0,0,0
ECK125137362,Non-promoter,0.0,0,0,0,0,0
ECK125137367,Non-promoter,0.0,0,0,0,0,0
ECK125137374,Non-promoter,0.0,0,0,0,0,0
ECK125137365,Non-promoter,0.0,0,0,0,0,0
ECK125137380,Non-promoter,0.0,0,0,0,0,0
ECK125137385,Non-promoter,0.0,0,0,0,0,0
ECK125137389,Non-promoter,0.0,0,0,0,0,0
ECK125137397,Non-promoter,0.0,0,0,0,0,0
ECK125137399,Non-promoter,0.0,0,0,0,0,0
ECK125137419,Non-promoter,0.0,0,0,0,0,0
ECK125137423,Non-promoter,0.0,0,0,0,0,0
ECK125137425,Non-promoter,0.0,0,0,0,0,0
ECK125137434,Non-promoter,0.0,0,0,0,0,0
ECK125137433,Non-promoter,0.0,0,0,0,0,0
ECK125137428,Non-promoter,0.0,0,0,0,0,0
ECK125137436,Non-promoter,0.0,0,0,0,0,0
ECK125137446,Non-promoter,0.0,0,0,0,0,0
ECK125137448,Non-promoter,0.0,0,0,0,0,0
ECK125137450,Non-promoter,0.0,0,0,0,0,0
ECK125137452,Non-promoter,0.0,0,0,0,0,0
ECK125137453,Non-promoter,0.0,0,0,0,0,0
ECK125137457,Non-promoter,0.0,0,0,0,0,0
ECK125137465,Non-promoter,0.0,0,0,0,0,0
ECK125137475,Non-promoter,0.0,0,0,0,0,0
ECK125137468,Non-promoter,0.0,0,0,0,0,0
ECK125137469,Non-promoter,0.0,0,0,0,0,0
ECK125137485,Non-promoter,0.0,0,0,0,0,0
ECK125137492,Non-promoter,0.0,0,0,0,0,0
ECK125137502,Non-promoter,0.0,0,0,0,0,0
ECK125137524,Non-promoter,0.0,0,0,0,0,0
ECK125137525,Non-promoter,0.0,0,0,0,0,0
ECK125137527,Non-promoter,0.0,0,0,0,0,0
ECK125137550,Non-promoter,0.0,0,0,0,0,0
ECK125137558,Non-promoter,0.0,0,0,0,0,0
ECK125137589,Non-promoter,0.0,0,0,0,0,0
ECK125137564,Non-promoter,0.0,0,0,0,0,0
ECK125137569,Non-promoter,0.0,0,0,0,0,0
ECK125137575,Non-promoter,0.0,0,0,0,0,0
ECK125137582,Non-promoter,0.0,0,0,0,0,0
ECK125137580,Non-promoter,0.0,0,0,0,0,0
ECK125137585,Non-promoter,0.0,0,0,0,0,0
ECK125137613,Non-promoter,0.0,0,0,0,0,0
ECK125137614,Non-promoter,0.0,0,0,0,0,0
ECK125137609,Non-promoter,0.0,0,0,0,0,0
ECK125137593,Non-promoter,0.0,0,0,0,0,0
ECK125137597,Non-promoter,0.0,0,0,0,0,0
ECK125137603,Non-promoter,0.0,0,0,0,0,0
ECK125137605,Non-promoter,0.0,0,0,0,0,0
ECK125137629,Non-promoter,0.0,0,0,0,0,0
ECK125137637,Non-promoter,0.0,0,0,0,0,0
ECK125137642,Non-promoter,0.0,0,0,0,0,0
ECK125137664,Non-promoter,0.0,0,0,0,0,0
ECK125137650,Non-promoter,0.0,0,0,0,0,0
ECK125137651,Non-promoter,0.0,0,0,0,0,0
ECK125137653,Non-promoter,0.0,0,0,0,0,0
ECK125137680,Non-promoter,0.0,0,0,0,0,0
ECK125137682,Non-promoter,0.0,0,0,0,0,0
ECK125137686,Non-promoter,0.0,0,0,0,0,0
ECK125137699,Non-promoter,0.0,0,0,0,0,0
ECK125137696,Non-promoter,0.0,0,0,0,0,0
ECK125137697,Non-promoter,0.0,0,0,0,0,0
ECK125137702,Non-promoter,0.0,0,0,0,0,0
ECK125137710,Non-promoter,0.0,0,0,0,0,0
ECK125137711,Non-promoter,0.0,0,0,0,0,0
ECK125137749,Non-promoter,0.0,0,0,0,0,0
ECK125137750,Non-promoter,0.0,0,0,0,0,0
ECK125137751,Non-promoter,0.0,0,0,0,0,0
ECK125137768,Non-promoter,0.0,0,0,0,0,0
ECK125137769,Non-promoter,0.0,0,0,0,0,0
ECK125137770,Non-promoter,0.0,0,0,0,0,0
ECK125137787,Non-promoter,0.0,0,0,0,0,0
ECK125137814,Non-promoter,0.0,0,0,0,0,0
ECK125137798,Non-promoter,0.0,0,0,0,0,0
ECK125137799,Non-promoter,0.0,0,0,0,0,0
ECK125137800,Non-promoter,0.0,0,0,0,0,0
ECK125137802,Non-promoter,0.0,0,0,0,0,0
ECK120015393,Non-promoter,0.0,0,0,0,0,0
ECK125137783,Non-promoter,0.0,0,0,0,0,0
ECK125137784,Non-promoter,0.0,0,0,0,0,0
ECK125137824,Non-promoter,0.0,0,0,0,0,0
ECK125137816,Non-promoter,0.0,0,0,0,0,0
ECK125137817,Non-promoter,0.0,0,0,0,0,0
ECK125137820,Non-promoter,0.0,0,0,0,0,0
ECK125137825,Non-promoter,0.0,0,0,0,0,0
ECK125137826,Non-promoter,0.0,0,0,0,0,0
ECK125137827,Non-promoter,0.0,0,0,0,0,0
ECK125137828,Non-promoter,0.0,0,0,0,0,0
ECK125137829,Non-promoter,0.0,0,0,0,0,0
ECK125137838,Non-promoter,0.0,0,0,0,0,0
ECK125137840,Non-promoter,0.0,0,0,0,0,0
ECK125137853,Non-promoter,0.0,0,0,0,0,0
ECK125137854,Non-promoter,0.0,0,0,0,0,0
ECK125137845,Non-promoter,0.0,0,0,0,0,0
ECK125137857,Non-promoter,0.0,0,0,0,0,0
ECK125137858,Non-promoter,0.0,0,0,0,0,0
ECK125137860,Non-promoter,0.0,0,0,0,0,0
ECK125137863,Non-promoter,0.0,0,0,0,0,0
ECK125137861,Non-promoter,0.0,0,0,0,0,0
ECK125137864,Non-promoter,0.0,0,0,0,0,0
ECK125137865,Non-promoter,0.0,0,0,0,0,0
ECK125137877,Non-promoter,0.0,0,0,0,0,0
ECK120033027,Non-promoter,0.0,0,0,0,0,0
ECK125137871,Non-promoter,0.0,0,0,0,0,0
ECK125137875,Non-promoter,0.0,0,0,0,0,0
ECK125137869,Non-promoter,0.0,0,0,0,0,0
ECK125137896,Non-promoter,0.0,0,0,0,0,0
ECK125137904,Non-promoter,0.0,0,0,0,0,0
ECK125137901,Non-promoter,0.0,0,0,0,0,0
ECK125137902,Non-promoter,0.0,0,0,0,0,0
ECK125137906,Non-promoter,0.0,0,0,0,0,0
ECK125137909,Non-promoter,0.0,0,0,0,0,0
ECK125137919,Non-promoter,0.0,0,0,0,0,0
ECK125137922,Non-promoter,0.0,0,0,0,0,0
ECK125137923,Non-promoter,0.0,0,0,0,0,0
ECK125137944,Non-promoter,0.0,0,0,0,0,0
ECK125137956,Non-promoter,0.0,0,0,0,0,0
ECK125137957,Non-promoter,0.0,0,0,0,0,0
ECK125137958,Non-promoter,0.0,0,0,0,0,0
ECK125137959,Non-promoter,0.0,0,0,0,0,0
ECK125137961,Non-promoter,0.0,0,0,0,0,0
ECK125137962,Non-promoter,0.0,0,0,0,0,0
ECK125137963,Non-promoter,0.0,0,0,0,0,0
ECK125137964,Non-promoter,0.0,0,0,0,0,0
ECK125137966,Non-promoter,0.0,0,0,0,0,0
ECK125137969,Non-promoter,0.0,0,0,0,0,0
ECK125137970,Non-promoter,0.0,0,0,0,0,0
ECK125137974,Non-promoter,0.0,0,0,0,0,0
ECK125137978,Non-promoter,0.0,0,0,0,0,0
ECK125137984,Non-promoter,0.0,0,0,0,0,0
ECK120010063,Non-promoter,0.0,0,0,0,0,0
ECK125138004,Non-promoter,0.0,0,0,0,0,0
ECK125138009,Non-promoter,0.0,0,0,0,0,0
ECK125138013,Non-promoter,0.0,0,0,0,0,0
ECK125138024,Non-promoter,0.0,0,0,0,0,0
ECK125138025,Non-promoter,0.0,0,0,0,0,0
ECK125138026,Non-promoter,0.0,0,0,0,0,0
ECK125138021,Non-promoter,0.0,0,0,0,0,0
ECK125138029,Non-promoter,0.0,0,0,0,0,0
ECK125138040,Non-promoter,0.0,0,0,0,0,0
ECK125138055,Non-promoter,0.0,0,0,0,0,0
ECK125138069,Non-promoter,0.0,0,0,0,0,0
ECK125138061,Non-promoter,0.0,0,0,0,0,0
ECK125138062,Non-promoter,0.0,0,0,0,0,0
ECK125138063,Non-promoter,0.0,0,0,0,0,0
ECK125138064,Non-promoter,0.0,0,0,0,0,0
ECK125138065,Non-promoter,0.0,0,0,0,0,0
ECK125138068,Non-promoter,0.0,0,0,0,0,0
ECK125138076,Non-promoter,0.0,0,0,0,0,0
ECK125138088,Non-promoter,0.0,0,0,0,0,0
ECK125138087,Non-promoter,0.0,0,0,0,0,0
ECK125138094,Non-promoter,0.0,0,0,0,0,0
ECK125138099,Non-promoter,0.0,0,0,0,0,0
ECK125138100,Non-promoter,0.0,0,0,0,0,0
ECK125138113,Non-promoter,0.0,0,0,0,0,0
ECK125138119,Non-promoter,0.0,0,0,0,0,0
ECK125138120,Non-promoter,0.0,0,0,0,0,0
ECK125138106,Non-promoter,0.0,0,0,0,0,0
ECK125138126,Non-promoter,0.0,0,0,0,0,0
ECK125138127,Non-promoter,0.0,0,0,0,0,0
ECK125136448,Non-promoter,0.0,0,0,0,0,0
ECK125136445,Non-promoter,0.0,0,0,0,0,0
ECK125136446,Non-promoter,0.0,0,0,0,0,0
ECK125136447,Non-promoter,0.0,0,0,0,0,0
ECK125136450,Non-promoter,0.0,0,0,0,0,0
ECK125136452,Non-promoter,0.0,0,0,0,0,0
ECK125136453,Non-promoter,0.0,0,0,0,0,0
ECK125136454,Non-promoter,0.0,0,0,0,0,0
ECK125136455,Non-promoter,0.0,0,0,0,0,0
ECK120034388,Non-promoter,0.0,0,0,0,0,0
ECK125136657,Non-promoter,0.0,0,0,0,0,0
ECK125136719,Non-promoter,0.0,0,0,0,0,0
ECK125136735,Non-promoter,0.0,0,0,0,0,0
ECK125136736,Non-promoter,0.0,0,0,0,0,0
ECK125136738,Non-promoter,0.0,0,0,0,0,0
ECK125136778,Non-promoter,0.0,0,0,0,0,0
ECK125136779,Non-promoter,0.0,0,0,0,0,0
ECK125136780,Non-promoter,0.0,0,0,0,0,0
ECK125136785,Non-promoter,0.0,0,0,0,0,0
ECK125136808,Non-promoter,0.0,0,0,0,0,0
ECK125136809,Non-promoter,0.0,0,0,0,0,0
ECK125136857,Non-promoter,0.0,0,0,0,0,0
ECK125136858,Non-promoter,0.0,0,0,0,0,0
ECK125136903,Non-promoter,0.0,0,0,0,0,0
ECK125136900,Non-promoter,0.0,0,0,0,0,0
ECK125136901,Non-promoter,0.0,0,0,0,0,0
ECK125136902,Non-promoter,0.0,0,0,0,0,0
ECK125136946,Non-promoter,0.0,0,0,0,0,0
ECK125136977,Non-promoter,0.0,0,0,0,0,0
ECK125136982,Non-promoter,0.0,0,0,0,0,0
ECK125137008,Non-promoter,0.0,0,0,0,0,0
ECK125137009,Non-promoter,0.0,0,0,0,0,0
ECK125137010,Non-promoter,0.0,0,0,0,0,0
ECK125137011,Non-promoter,0.0,0,0,0,0,0
ECK125136994,Non-promoter,0.0,0,0,0,0,0
ECK125136995,Non-promoter,0.0,0,0,0,0,0
ECK125137068,Non-promoter,0.0,0,0,0,0,0
ECK125137083,Non-promoter,0.0,0,0,0,0,0
ECK125137108,Non-promoter,0.0,0,0,0,0,0
ECK125137100,Non-promoter,0.0,0,0,0,0,0
ECK125137135,Non-promoter,0.0,0,0,0,0,0
ECK125137117,Non-promoter,0.0,0,0,0,0,0
ECK125137175,Non-promoter,0.0,0,0,0,0,0
ECK125137258,Non-promoter,0.0,0,0,0,0,0
ECK125137250,Non-promoter,0.0,0,0,0,0,0
ECK120048893,Non-promoter,0.0,0,0,0,0,0
ECK125137390,Non-promoter,0.0,0,0,0,0,0
ECK125137391,Non-promoter,0.0,0,0,0,0,0
ECK125137442,Non-promoter,0.0,0,0,0,0,0
ECK125137489,Non-promoter,0.0,0,0,0,0,0
ECK125137483,Non-promoter,0.0,0,0,0,0,0
ECK125137535,Non-promoter,0.0,0,0,0,0,0
ECK125137514,Non-promoter,0.0,0,0,0,0,0
ECK125137517,Non-promoter,0.0,0,0,0,0,0
ECK125137522,Non-promoter,0.0,0,0,0,0,0
ECK125137521,Non-promoter,0.0,0,0,0,0,0
ECK125137544,Non-promoter,0.0,0,0,0,0,0
ECK125137588,Non-promoter,0.0,0,0,0,0,0
ECK125137646,Non-promoter,0.0,0,0,0,0,0
ECK125134706,Non-promoter,0.0,0,0,0,0,0
ECK125137672,Non-promoter,0.0,0,0,0,0,0
ECK125137666,Non-promoter,0.0,0,0,0,0,0
ECK125137667,Non-promoter,0.0,0,0,0,0,0
ECK125137676,Non-promoter,0.0,0,0,0,0,0
ECK125137679,Non-promoter,0.0,0,0,0,0,0
ECK125137763,Non-promoter,0.0,0,0,0,0,0
ECK125137764,Non-promoter,0.0,0,0,0,0,0
ECK125137785,Non-promoter,0.0,0,0,0,0,0
ECK125138043,Non-promoter,0.0,0,0,0,0,0
ECK125138045,Non-promoter,0.0,0,0,0,0,0
ECK125138049,Non-promoter,0.0,0,0,0,0,0
ECK125138048,Non-promoter,0.0,0,0,0,0,0
ECK125138051,Non-promoter,0.0,0,0,0,0,0
ECK125137546,Non-promoter,0.0,0,0,0,0,0
ECK125137378,Non-promoter,0.0,0,0,0,0,0
ECK125136617,Non-promoter,0.0,0,0,0,0,0
ECK125137741,Non-promoter,0.0,0,0,0,0,0
ECK125137999,Non-promoter,0.0,0,0,0,0,0
ECK120010298,Non-promoter,0.0,0,0,0,0,0
ECK120010275,Non-promoter,0.0,0,0,0,0,0
ECK120009858,Non-promoter,0.0,0,0,0,0,0
ECK120010543,Non-promoter,0.0,0,0,0,0,0
ECK120010544,Non-promoter,0.0,0,0,0,0,0
ECK120009936,Non-promoter,0.0,0,0,0,0,0
ECK120030214,Non-promoter,0.0,0,0,0,0,0
ECK120011152,Non-promoter,0.0,0,0,0,0,0
ECK120009937,Non-promoter,0.0,0,0,0,0,0
ECK125162178,Non-promoter,0.0,0,0,0,0,0
ECK120010520,Non-promoter,0.0,0,0,0,0,0
ECK120010762,Non-promoter,0.0,0,0,0,0,0
ECK125135060,Non-promoter,0.0,0,0,0,0,0
ECK120010325,Non-promoter,0.0,0,0,0,0,0
ECK120030207,Non-promoter,0.0,0,0,0,0,0
ECK120010022,Non-promoter,0.0,0,0,0,0,0
ECK120010453,Non-promoter,0.0,0,0,0,0,0
ECK120010583,Non-promoter,0.0,0,0,0,0,0
ECK120015386,Non-promoter,0.0,0,0,0,0,0
ECK120010528,Non-promoter,0.0,0,0,0,0,0
ECK120015411,Non-promoter,0.0,0,0,0,0,0
ECK120009883,Non-promoter,0.0,0,0,0,0,0
ECK120015434,Non-promoter,0.0,0,0,0,0,0
ECK120016581,Non-promoter,0.0,0,0,0,0,0
ECK120016582,Non-promoter,0.0,0,0,0,0,0
ECK120009961,Non-promoter,0.0,0,0,0,0,0
ECK125137411,Non-promoter,0.0,0,0,0,0,0
ECK125137998,Non-promoter,0.0,0,0,0,0,0
ECK125136687,Non-promoter,0.0,0,0,0,0,0
ECK125137834,Non-promoter,0.0,0,0,0,0,0
ECK125137256,Non-promoter,0.0,0,0,0,0,0
ECK125136863,Non-promoter,0.0,0,0,0,0,0
ECK125137753,Non-promoter,0.0,0,0,0,0,0
ECK120010297,Non-promoter,0.0,0,0,0,0,0
ECK120010772,Non-promoter,0.0,0,0,0,0,0
ECK125136932,Non-promoter,0.0,0,0,0,0,0
ECK120009868,Non-promoter,0.0,0,0,0,0,0
ECK125138098,Non-promoter,0.0,0,0,0,0,0
ECK120010107,Non-promoter,0.0,0,0,0,0,0
ECK120015418,Non-promoter,0.0,0,0,0,0,0
ECK120009853,Non-promoter,0.0,0,0,0,0,0
ECK120010471,Non-promoter,0.0,0,0,0,0,0
ECK125135062,Non-promoter,0.0,0,0,0,0,0
ECK120010479,Non-promoter,0.0,0,0,0,0,0
ECK120033030,Non-promoter,0.0,0,0,0,0,0
ECK120033642,Non-promoter,0.0,0,0,0,0,0
ECK120010122,Non-promoter,0.0,0,0,0,0,0
ECK120010512,Non-promoter,0.0,0,0,0,0,0
ECK120010362,Non-promoter,0.0,0,0,0,0,0
ECK125137747,Non-promoter,0.0,0,0,0,0,0
ECK120010394,Non-promoter,0.0,0,0,0,0,0
ECK120010697,Non-promoter,0.0,0,0,0,0,0
ECK125137898,Non-promoter,0.0,0,0,0,0,0
ECK120010990,Non-promoter,0.0,0,0,0,0,0
ECK120034387,Non-promoter,0.0,0,0,0,0,0
ECK120010600,Non-promoter,0.0,0,0,0,0,0
ECK120010993,Non-promoter,0.0,0,0,0,0,0
ECK120015422,Non-promoter,0.0,0,0,0,0,0
ECK120034201,Non-promoter,0.0,0,0,0,0,0
ECK125137024,Non-promoter,0.0,0,0,0,0,0
ECK125136565,Non-promoter,0.0,0,0,0,0,0
ECK120010098,Non-promoter,0.0,0,0,0,0,0
ECK120009952,Non-promoter,0.0,0,0,0,0,0
ECK120015375,Non-promoter,0.0,0,0,0,0,0
ECK120010118,Non-promoter,0.0,0,0,0,0,0
ECK125137734,Non-promoter,0.0,0,0,0,0,0
ECK120015387,Non-promoter,0.0,0,0,0,0,0
ECK120010210,Non-promoter,0.0,0,0,0,0,0
ECK120010507,Non-promoter,0.0,0,0,0,0,0
ECK120010633,Non-promoter,0.0,0,0,0,0,0
ECK120010461,Non-promoter,0.0,0,0,0,0,0
ECK120011000,Non-promoter,0.0,0,0,0,0,0
ECK120011043,Non-promoter,0.0,0,0,0,0,0
ECK120010613,Non-promoter,0.0,0,0,0,0,0
ECK120010602,Non-promoter,0.0,0,0,0,0,0
ECK120009863,Non-promoter,0.0,0,0,0,0,0
ECK125095452,Non-promoter,0.0,0,0,0,0,0
ECK120030213,Non-promoter,0.0,0,0,0,0,0
ECK125257034,Non-promoter,0.0,0,0,0,0,0
ECK125137133,Non-promoter,0.0,0,0,0,0,0
ECK125136406,Non-promoter,0.0,0,0,0,0,0
ECK120010618,Non-promoter,0.0,0,0,0,0,0
ECK120010615,Non-promoter,0.0,0,0,0,0,0
ECK120010589,Non-promoter,0.0,0,0,0,0,0
ECK125257033,Non-promoter,0.0,0,0,0,0,0
ECK120010604,Non-promoter,0.0,0,0,0,0,0
ECK125137293,Non-promoter,0.0,0,0,0,0,0
ECK125257029,Non-promoter,0.0,0,0,0,0,0
ECK120010488,Non-promoter,0.0,0,0,0,0,0
ECK125136374,Non-promoter,0.0,0,0,0,0,0
ECK125095183,Non-promoter,0.0,0,0,0,0,0
ECK120010617,Non-promoter,0.0,0,0,0,0,0
ECK120010598,Non-promoter,0.0,0,0,0,0,0
ECK125137932,Non-promoter,0.0,0,0,0,0,0
ECK125137059,Non-promoter,0.0,0,0,0,0,0
ECK125136955,Non-promoter,0.0,0,0,0,0,0
ECK125138118,Non-promoter,0.0,0,0,0,0,0
ECK120010616,Non-promoter,0.0,0,0,0,0,0
ECK120010594,Non-promoter,0.0,0,0,0,0,0
ECK120029520,Non-promoter,0.0,0,0,0,0,0
ECK120016956,Non-promoter,0.0,0,0,0,0,0
ECK125136577,Non-promoter,0.0,0,0,0,0,0
ECK125109143,Non-promoter,0.0,0,0,0,0,0
ECK125257031,Non-promoter,0.0,0,0,0,0,0
ECK120030809,Non-promoter,0.0,0,0,0,0,0
ECK120010443,Non-promoter,0.0,0,0,0,0,0
ECK120010143,Non-promoter,0.0,0,0,0,0,0
ECK120011022,Non-promoter,0.0,0,0,0,0,0
ECK120011029,Non-promoter,0.0,0,0,0,0,0
ECK120010608,Non-promoter,0.0,0,0,0,0,0
ECK125137159,Non-promoter,0.0,0,0,0,0,0
ECK125137161,Non-promoter,0.0,0,0,0,0,0
ECK120010497,Non-promoter,0.0,0,0,0,0,0
ECK120010499,Non-promoter,0.0,0,0,0,0,0
ECK125136481,Non-promoter,0.0,0,0,0,0,0
ECK125136479,Non-promoter,0.0,0,0,0,0,0
ECK125136743,Non-promoter,0.0,0,0,0,0,0
ECK125137101,Non-promoter,0.0,0,0,0,0,0
ECK125137129,Non-promoter,0.0,0,0,0,0,0
ECK125137301,Non-promoter,0.0,0,0,0,0,0
ECK125137321,Non-promoter,0.0,0,0,0,0,0
ECK125137323,Non-promoter,0.0,0,0,0,0,0
ECK125137372,Non-promoter,0.0,0,0,0,0,0
ECK125137437,Non-promoter,0.0,0,0,0,0,0
ECK125137526,Non-promoter,0.0,0,0,0,0,0
ECK125137579,Non-promoter,0.0,0,0,0,0,0
ECK125137630,Non-promoter,0.0,0,0,0,0,0
ECK125137862,Non-promoter,0.0,0,0,0,0,0
ECK125138027,Non-promoter,0.0,0,0,0,0,0
ECK125138042,Non-promoter,0.0,0,0,0,0,0
ECK125136914,Non-promoter,0.0,0,0,0,0,0
ECK125137004,Non-promoter,0.0,0,0,0,0,0
ECK125137110,Non-promoter,0.0,0,0,0,0,0
ECK125136618,Non-promoter,0.0,0,0,0,0,0
ECK_1,Non-promoter,0.0,0,0,0,0,0
ECK_2,Non-promoter,0.0,0,0,0,0,0
ECK_3,Non-promoter,0.0,0,0,0,0,0
ECK_4,Non-promoter,0.0,0,0,0,0,0
ECK_5,Non-promoter,0.0,0,0,0,0,0
ECK_6,Non-promoter,0.0,0,0,0,0,0
ECK_7,Non-promoter,0.0,0,0,0,0,0
ECK_8,Non-promoter,0.0,0,0,0,0,0
ECK_9,Non-promoter,0.0,0,0,0,0,0
ECK_10,Non-promoter,0.0,0,0,0,0,0
ECK_11,Non-promoter,0.0,0,0,0,0,0
ECK_12,Non-promoter,0.0,0,0,0,0,0
ECK_13,Non-promoter,0.0,0,0,0,0,0
ECK_14,Non-promoter,0.0,0,0,0,0,0
ECK_15,Non-promoter,0.0,0,0,0,0,0
ECK_16,Non-promoter,0.0,0,0,0,0,0
ECK_17,Non-promoter,0.0,0,0,0,0,0
ECK_19,Non-promoter,0.0,0,0,0,0,0
ECK_20,Non-promoter,0.0,0,0,0,0,0
ECK_21,Non-promoter,0.0,0,0,0,0,0
ECK_22,Non-promoter,0.0,0,0,0,0,0
ECK_23,Non-promoter,0.0,0,0,0,0,0
ECK_24,Non-promoter,0.0,0,0,0,0,0
ECK_25,Non-promoter,0.0,0,0,0,0,0
ECK_26,Non-promoter,0.0,0,0,0,0,0
ECK_27,Non-promoter,0.0,0,0,0,0,0
ECK_28,Non-promoter,0.0,0,0,0,0,0
ECK_29,Non-promoter,0.0,0,0,0,0,0
ECK_30,Non-promoter,0.0,0,0,0,0,0
ECK_31,Non-promoter,0.0,0,0,0,0,0
ECK_32,Non-promoter,0.0,0,0,0,0,0
ECK_33,Non-promoter,0.0,0,0,0,0,0
ECK_34,Non-promoter,0.0,0,0,0,0,0
ECK_35,Non-promoter,0.0,0,0,0,0,0
ECK_36,Non-promoter,0.0,0,0,0,0,0
ECK_37,Non-promoter,0.0,0,0,0,0,0
ECK_38,Non-promoter,0.0,0,0,0,0,0
ECK_39,Non-promoter,0.0,0,0,0,0,0
ECK_40,Non-promoter,0.0,0,0,0,0,0
ECK_41,Non-promoter,0.0,0,0,0,0,0
ECK_42,Non-promoter,0.0,0,0,0,0,0
ECK_43,Non-promoter,0.0,0,0,0,0,0
ECK_44,Non-promoter,0.0,0,0,0,0,0
ECK_45,Non-promoter,0.0,0,0,0,0,0
ECK_46,Non-promoter,0.0,0,0,0,0,0
ECK_47,Non-promoter,0.0,0,0,0,0,0
ECK_49,Non-promoter,0.0,0,0,0,0,0
ECK_50,Non-promoter,0.0,0,0,0,0,0
ECK_51,Non-promoter,0.0,0,0,0,0,0
ECK_52,Non-promoter,0.0,0,0,0,0,0
ECK_53,Non-promoter,0.0,0,0,0,0,0
ECK_54,Non-promoter,0.0,0,0,0,0,0
ECK_55,Non-promoter,0.0,0,0,0,0,0
ECK_56,Non-promoter,0.0,0,0,0,0,0
ECK_57,Non-promoter,0.0,0,0,0,0,0
ECK_58,Non-promoter,0.0,0,0,0,0,0
ECK_59,Non-promoter,0.0,0,0,0,0,0
ECK_60,Non-promoter,0.0,0,0,0,0,0
ECK_61,Non-promoter,0.0,0,0,0,0,0
ECK_62,Non-promoter,0.0,0,0,0,0,0
ECK_63,Non-promoter,0.0,0,0,0,0,0
ECK_64,Non-promoter,0.0,0,0,0,0,0
ECK_65,Non-promoter,0.0,0,0,0,0,0
ECK_66,Non-promoter,0.0,0,0,0,0,0
ECK_67,Non-promoter,0.0,0,0,0,0,0
ECK_68,Non-promoter,0.0,0,0,0,0,0
ECK_69,Non-promoter,0.0,0,0,0,0,0
ECK_70,Non-promoter,0.0,0,0,0,0,0
ECK_71,Non-promoter,0.0,0,0,0,0,0
ECK_72,Non-promoter,0.0,0,0,0,0,0
ECK_73,Non-promoter,0.0,0,0,0,0,0
ECK_74,Non-promoter,0.0,0,0,0,0,0
ECK_75,Non-promoter,0.0,0,0,0,0,0
ECK_76,Non-promoter,0.0,0,0,0,0,0
ECK_77,Non-promoter,0.0,0,0,0,0,0
ECK_78,Non-promoter,0.0,0,0,0,0,0
ECK_79,Non-promoter,0.0,0,0,0,0,0
ECK_80,Non-promoter,0.0,0,0,0,0,0
ECK_81,Non-promoter,0.0,0,0,0,0,0
ECK_82,Non-promoter,0.0,0,0,0,0,0
ECK_83,Non-promoter,0.0,0,0,0,0,0
ECK_84,Non-promoter,0.0,0,0,0,0,0
ECK_85,Non-promoter,0.0,0,0,0,0,0
ECK_86,Non-promoter,0.0,0,0,0,0,0
ECK_87,Non-promoter,0.0,0,0,0,0,0
ECK_88,Non-promoter,0.0,0,0,0,0,0
ECK_89,Non-promoter,0.0,0,0,0,0,0
ECK_90,Non-promoter,0.0,0,0,0,0,0
ECK_91,Non-promoter,0.0,0,0,0,0,0
ECK_92,Non-promoter,0.0,0,0,0,0,0
ECK_93,Non-promoter,0.0,0,0,0,0,0
ECK_94,Non-promoter,0.0,0,0,0,0,0
ECK_95,Non-promoter,0.0,0,0,0,0,0
ECK_96,Non-promoter,0.0,0,0,0,0,0
ECK_97,Non-promoter,0.0,0,0,0,0,0
ECK_98,Non-promoter,0.0,0,0,0,0,0
ECK_99,Non-promoter,0.0,0,0,0,0,0
ECK_100,Non-promoter,0.0,0,0,0,0,0
ECK_101,Non-promoter,0.0,0,0,0,0,0
ECK_102,Non-promoter,0.0,0,0,0,0,0
ECK_103,Non-promoter,0.0,0,0,0,0,0
ECK_104,Non-promoter,0.0,0,0,0,0,0
ECK_105,Non-promoter,0.0,0,0,0,0,0
ECK_106,Non-promoter,0.0,0,0,0,0,0
ECK_107,Non-promoter,0.0,0,0,0,0,0
ECK_108,Non-promoter,0.0,0,0,0,0,0
ECK_109,Non-promoter,0.0,0,0,0,0,0
ECK_110,Non-promoter,0.0,0,0,0,0,0
ECK_111,Non-promoter,0.0,0,0,0,0,0
ECK_112,Non-promoter,0.0,0,0,0,0,0
ECK_113,Non-promoter,0.0,0,0,0,0,0
ECK_114,Non-promoter,0.0,0,0,0,0,0
ECK_115,Non-promoter,0.0,0,0,0,0,0
ECK_116,Non-promoter,0.0,0,0,0,0,0
ECK_117,Non-promoter,0.0,0,0,0,0,0
ECK_118,Non-promoter,0.0,0,0,0,0,0
ECK_119,Non-promoter,0.0,0,0,0,0,0
ECK_120,Non-promoter,0.0,0,0,0,0,0
ECK_121,Non-promoter,0.0,0,0,0,0,0
ECK_122,Non-promoter,0.0,0,0,0,0,0
ECK_123,Non-promoter,0.0,0,0,0,0,0
ECK_124,Non-promoter,0.0,0,0,0,0,0
ECK_125,Non-promoter,0.0,0,0,0,0,0
ECK_126,Non-promoter,0.0,0,0,0,0,0
ECK_127,Non-promoter,0.0,0,0,0,0,0
ECK_128,Non-promoter,0.0,0,0,0,0,0
ECK_129,Non-promoter,0.0,0,0,0,0,0
ECK_130,Non-promoter,0.0,0,0,0,0,0
ECK_131,Non-promoter,0.0,0,0,0,0,0
ECK_132,Non-promoter,0.0,0,0,0,0,0
ECK_133,Non-promoter,0.0,0,0,0,0,0
ECK_134,Non-promoter,0.0,0,0,0,0,0
ECK_135,Non-promoter,0.0,0,0,0,0,0
ECK_136,Non-promoter,0.0,0,0,0,0,0
ECK_137,Non-promoter,0.0,0,0,0,0,0
ECK_138,Non-promoter,0.0,0,0,0,0,0
ECK_139,Non-promoter,0.0,0,0,0,0,0
ECK_140,Non-promoter,0.0,0,0,0,0,0
ECK_141,Non-promoter,0.0,0,0,0,0,0
ECK_142,Non-promoter,0.0,0,0,0,0,0
ECK_143,Non-promoter,0.0,0,0,0,0,0
ECK_144,Non-promoter,0.0,0,0,0,0,0
ECK_145,Non-promoter,0.0,0,0,0,0,0
ECK_146,Non-promoter,0.0,0,0,0,0,0
ECK_147,Non-promoter,0.0,0,0,0,0,0
ECK_148,Non-promoter,0.0,0,0,0,0,0
ECK_149,Non-promoter,0.0,0,0,0,0,0
ECK_150,Non-promoter,0.0,0,0,0,0,0
ECK_151,Non-promoter,0.0,0,0,0,0,0
ECK_152,Non-promoter,0.0,0,0,0,0,0
ECK_153,Non-promoter,0.0,0,0,0,0,0
ECK_154,Non-promoter,0.0,0,0,0,0,0
ECK_155,Non-promoter,0.0,0,0,0,0,0
ECK_156,Non-promoter,0.0,0,0,0,0,0
ECK_157,Non-promoter,0.0,0,0,0,0,0
ECK_158,Non-promoter,0.0,0,0,0,0,0
ECK_159,Non-promoter,0.0,0,0,0,0,0
ECK_160,Non-promoter,0.0,0,0,0,0,0
ECK_161,Non-promoter,0.0,0,0,0,0,0
ECK_162,Non-promoter,0.0,0,0,0,0,0
ECK_163,Non-promoter,0.0,0,0,0,0,0
ECK_164,Non-promoter,0.0,0,0,0,0,0
ECK_165,Non-promoter,0.0,0,0,0,0,0
ECK_166,Non-promoter,0.0,0,0,0,0,0
ECK_167,Non-promoter,0.0,0,0,0,0,0
ECK_168,Non-promoter,0.0,0,0,0,0,0
ECK_169,Non-promoter,0.0,0,0,0,0,0
ECK_170,Non-promoter,0.0,0,0,0,0,0
ECK_171,Non-promoter,0.0,0,0,0,0,0
ECK_172,Non-promoter,0.0,0,0,0,0,0
ECK_173,Non-promoter,0.0,0,0,0,0,0
ECK_174,Non-promoter,0.0,0,0,0,0,0
ECK_175,Non-promoter,0.0,0,0,0,0,0
ECK_176,Non-promoter,0.0,0,0,0,0,0
ECK_177,Non-promoter,0.0,0,0,0,0,0
ECK_178,Non-promoter,0.0,0,0,0,0,0
ECK_179,Non-promoter,0.0,0,0,0,0,0
ECK_180,Non-promoter,0.0,0,0,0,0,0
ECK_181,Non-promoter,0.0,0,0,0,0,0
ECK_182,Non-promoter,0.0,0,0,0,0,0
ECK_183,Non-promoter,0.0,0,0,0,0,0
ECK_184,Non-promoter,0.0,0,0,0,0,0
ECK_185,Non-promoter,0.0,0,0,0,0,0
ECK_186,Non-promoter,0.0,0,0,0,0,0
ECK_187,Non-promoter,0.0,0,0,0,0,0
ECK_188,Non-promoter,0.0,0,0,0,0,0
ECK_189,Non-promoter,0.0,0,0,0,0,0
ECK_190,Non-promoter,0.0,0,0,0,0,0
ECK_191,Non-promoter,0.0,0,0,0,0,0
ECK_192,Non-promoter,0.0,0,0,0,0,0
ECK_193,Non-promoter,0.0,0,0,0,0,0
ECK_194,Non-promoter,0.0,0,0,0,0,0
ECK_195,Non-promoter,0.0,0,0,0,0,0
ECK_196,Non-promoter,0.0,0,0,0,0,0
ECK_197,Non-promoter,0.0,0,0,0,0,0
ECK_198,Non-promoter,0.0,0,0,0,0,0
ECK_199,Non-promoter,0.0,0,0,0,0,0
ECK_200,Non-promoter,0.0,0,0,0,0,0
ECK_201,Non-promoter,0.0,0,0,0,0,0
ECK_202,Non-promoter,0.0,0,0,0,0,0
ECK_203,Non-promoter,0.0,0,0,0,0,0
ECK_204,Non-promoter,0.0,0,0,0,0,0
ECK_205,Non-promoter,0.0,0,0,0,0,0
ECK_206,Non-promoter,0.0,0,0,0,0,0
ECK_207,Non-promoter,0.0,0,0,0,0,0
ECK_208,Non-promoter,0.0,0,0,0,0,0
ECK_209,Non-promoter,0.0,0,0,0,0,0
ECK_210,Non-promoter,0.0,0,0,0,0,0
ECK_211,Non-promoter,0.0,0,0,0,0,0
ECK_212,Non-promoter,0.0,0,0,0,0,0
ECK_213,Non-promoter,0.0,0,0,0,0,0
ECK_214,Non-promoter,0.0,0,0,0,0,0
ECK_215,Non-promoter,0.0,0,0,0,0,0
ECK_216,Non-promoter,0.0,0,0,0,0,0
ECK_217,Non-promoter,0.0,0,0,0,0,0
ECK_218,Non-promoter,0.0,0,0,0,0,0
ECK_219,Non-promoter,0.0,0,0,0,0,0
ECK_220,Non-promoter,0.0,0,0,0,0,0
ECK_222,Non-promoter,0.0,0,0,0,0,0
ECK_223,Non-promoter,0.0,0,0,0,0,0
ECK_224,Non-promoter,0.0,0,0,0,0,0
ECK_225,Non-promoter,0.0,0,0,0,0,0
ECK_226,Non-promoter,0.0,0,0,0,0,0
ECK_227,Non-promoter,0.0,0,0,0,0,0
ECK_228,Non-promoter,0.0,0,0,0,0,0
ECK_229,Non-promoter,0.0,0,0,0,0,0
ECK_230,Non-promoter,0.0,0,0,0,0,0
ECK_231,Non-promoter,0.0,0,0,0,0,0
ECK_232,Non-promoter,0.0,0,0,0,0,0
ECK_233,Non-promoter,0.0,0,0,0,0,0
ECK_234,Non-promoter,0.0,0,0,0,0,0
ECK_235,Non-promoter,0.0,0,0,0,0,0
ECK_236,Non-promoter,0.0,0,0,0,0,0
ECK_237,Non-promoter,0.0,0,0,0,0,0
ECK_238,Non-promoter,0.0,0,0,0,0,0
ECK_239,Non-promoter,0.0,0,0,0,0,0
ECK_240,Non-promoter,0.0,0,0,0,0,0
ECK_241,Non-promoter,0.0,0,0,0,0,0
ECK_242,Non-promoter,0.0,0,0,0,0,0
ECK_243,Non-promoter,0.0,0,0,0,0,0
ECK_244,Non-promoter,0.0,0,0,0,0,0
ECK_245,Non-promoter,0.0,0,0,0,0,0
ECK_246,Non-promoter,0.0,0,0,0,0,0
ECK_247,Non-promoter,0.0,0,0,0,0,0
ECK_248,Non-promoter,0.0,0,0,0,0,0
ECK_249,Non-promoter,0.0,0,0,0,0,0
ECK_250,Non-promoter,0.0,0,0,0,0,0
ECK_251,Non-promoter,0.0,0,0,0,0,0
ECK_252,Non-promoter,0.0,0,0,0,0,0
ECK_253,Non-promoter,0.0,0,0,0,0,0
ECK_254,Non-promoter,0.0,0,0,0,0,0
ECK_255,Non-promoter,0.0,0,0,0,0,0
ECK_256,Non-promoter,0.0,0,0,0,0,0
ECK_257,Non-promoter,0.0,0,0,0,0,0
ECK_258,Non-promoter,0.0,0,0,0,0,0
ECK_259,Non-promoter,0.0,0,0,0,0,0
ECK_260,Non-promoter,0.0,0,0,0,0,0
ECK_261,Non-promoter,0.0,0,0,0,0,0
ECK_262,Non-promoter,0.0,0,0,0,0,0
ECK_263,Non-promoter,0.0,0,0,0,0,0
ECK_264,Non-promoter,0.0,0,0,0,0,0
ECK_265,Non-promoter,0.0,0,0,0,0,0
ECK_266,Non-promoter,0.0,0,0,0,0,0
ECK_267,Non-promoter,0.0,0,0,0,0,0
ECK_268,Non-promoter,0.0,0,0,0,0,0
ECK_269,Non-promoter,0.0,0,0,0,0,0
ECK_270,Non-promoter,0.0,0,0,0,0,0
ECK_271,Non-promoter,0.0,0,0,0,0,0
ECK_272,Non-promoter,0.0,0,0,0,0,0
ECK_273,Non-promoter,0.0,0,0,0,0,0
ECK_274,Non-promoter,0.0,0,0,0,0,0
ECK_275,Non-promoter,0.0,0,0,0,0,0
ECK_276,Non-promoter,0.0,0,0,0,0,0
ECK_277,Non-promoter,0.0,0,0,0,0,0
ECK_278,Non-promoter,0.0,0,0,0,0,0
ECK_279,Non-promoter,0.0,0,0,0,0,0
ECK_280,Non-promoter,0.0,0,0,0,0,0
ECK_281,Non-promoter,0.0,0,0,0,0,0
ECK_282,Non-promoter,0.0,0,0,0,0,0
ECK_283,Non-promoter,0.0,0,0,0,0,0
ECK_284,Non-promoter,0.0,0,0,0,0,0
ECK_285,Non-promoter,0.0,0,0,0,0,0
ECK_286,Non-promoter,0.0,0,0,0,0,0
ECK_287,Non-promoter,0.0,0,0,0,0,0
ECK_288,Non-promoter,0.0,0,0,0,0,0
ECK_289,Non-promoter,0.0,0,0,0,0,0
ECK_290,Non-promoter,0.0,0,0,0,0,0
ECK_291,Non-promoter,0.0,0,0,0,0,0
ECK_292,Non-promoter,0.0,0,0,0,0,0
ECK_293,Non-promoter,0.0,0,0,0,0,0
ECK_294,Non-promoter,0.0,0,0,0,0,0
ECK_295,Non-promoter,0.0,0,0,0,0,0
ECK_296,Non-promoter,0.0,0,0,0,0,0
ECK_297,Non-promoter,0.0,0,0,0,0,0
ECK_298,Non-promoter,0.0,0,0,0,0,0
ECK_299,Non-promoter,0.0,0,0,0,0,0
ECK_300,Non-promoter,0.0,0,0,0,0,0
ECK_301,Non-promoter,0.0,0,0,0,0,0
ECK_302,Non-promoter,0.0,0,0,0,0,0
ECK_303,Non-promoter,0.0,0,0,0,0,0
ECK_304,Non-promoter,0.0,0,0,0,0,0
ECK_305,Non-promoter,0.0,0,0,0,0,0
ECK_306,Non-promoter,0.0,0,0,0,0,0
ECK_307,Non-promoter,0.0,0,0,0,0,0
ECK_308,Non-promoter,0.0,0,0,0,0,0
ECK_309,Non-promoter,0.0,0,0,0,0,0
ECK_310,Non-promoter,0.0,0,0,0,0,0
ECK_311,Non-promoter,0.0,0,0,0,0,0
ECK_312,Non-promoter,0.0,0,0,0,0,0
ECK_313,Non-promoter,0.0,0,0,0,0,0
ECK_314,Non-promoter,0.0,0,0,0,0,0
ECK_315,Non-promoter,0.0,0,0,0,0,0
ECK_316,Non-promoter,0.0,0,0,0,0,0
ECK_318,Non-promoter,0.0,0,0,0,0,0
ECK_319,Non-promoter,0.0,0,0,0,0,0
ECK_320,Non-promoter,0.0,0,0,0,0,0
ECK_321,Non-promoter,0.0,0,0,0,0,0
ECK_322,Non-promoter,0.0,0,0,0,0,0
ECK_323,Non-promoter,0.0,0,0,0,0,0
ECK_324,Non-promoter,0.0,0,0,0,0,0
ECK_325,Non-promoter,0.0,0,0,0,0,0
ECK_326,Non-promoter,0.0,0,0,0,0,0
ECK_327,Non-promoter,0.0,0,0,0,0,0
ECK_328,Non-promoter,0.0,0,0,0,0,0
ECK_329,Non-promoter,0.0,0,0,0,0,0
ECK_330,Non-promoter,0.0,0,0,0,0,0
ECK_331,Non-promoter,0.0,0,0,0,0,0
ECK_332,Non-promoter,0.0,0,0,0,0,0
ECK_333,Non-promoter,0.0,0,0,0,0,0
ECK_334,Non-promoter,0.0,0,0,0,0,0
ECK_335,Non-promoter,0.0,0,0,0,0,0
ECK_336,Non-promoter,0.0,0,0,0,0,0
ECK_337,Non-promoter,0.0,0,0,0,0,0
ECK_338,Non-promoter,0.0,0,0,0,0,0
ECK_339,Non-promoter,0.0,0,0,0,0,0
ECK_340,Non-promoter,0.0,0,0,0,0,0
ECK_341,Non-promoter,0.0,0,0,0,0,0
ECK_342,Non-promoter,0.0,0,0,0,0,0
ECK_343,Non-promoter,0.0,0,0,0,0,0
ECK_344,Non-promoter,0.0,0,0,0,0,0
ECK_345,Non-promoter,0.0,0,0,0,0,0
ECK_346,Non-promoter,0.0,0,0,0,0,0
ECK_347,Non-promoter,0.0,0,0,0,0,0
ECK_348,Non-promoter,0.0,0,0,0,0,0
ECK_349,Non-promoter,0.0,0,0,0,0,0
ECK_350,Non-promoter,0.0,0,0,0,0,0
ECK_351,Non-promoter,0.0,0,0,0,0,0
ECK_352,Non-promoter,0.0,0,0,0,0,0
ECK_353,Non-promoter,0.0,0,0,0,0,0
ECK_354,Non-promoter,0.0,0,0,0,0,0
ECK_355,Non-promoter,0.0,0,0,0,0,0
ECK_356,Non-promoter,0.0,0,0,0,0,0
ECK_357,Non-promoter,0.0,0,0,0,0,0
ECK_358,Non-promoter,0.0,0,0,0,0,0
ECK_359,Non-promoter,0.0,0,0,0,0,0
ECK_360,Non-promoter,0.0,0,0,0,0,0
ECK_361,Non-promoter,0.0,0,0,0,0,0
ECK_362,Non-promoter,0.0,0,0,0,0,0
ECK_364,Non-promoter,0.0,0,0,0,0,0
ECK_365,Non-promoter,0.0,0,0,0,0,0
ECK_366,Non-promoter,0.0,0,0,0,0,0
ECK_367,Non-promoter,0.0,0,0,0,0,0
ECK_368,Non-promoter,0.0,0,0,0,0,0
ECK_369,Non-promoter,0.0,0,0,0,0,0
ECK_370,Non-promoter,0.0,0,0,0,0,0
ECK_371,Non-promoter,0.0,0,0,0,0,0
ECK_372,Non-promoter,0.0,0,0,0,0,0
ECK_373,Non-promoter,0.0,0,0,0,0,0
ECK_374,Non-promoter,0.0,0,0,0,0,0
ECK_375,Non-promoter,0.0,0,0,0,0,0
ECK_376,Non-promoter,0.0,0,0,0,0,0
ECK_377,Non-promoter,0.0,0,0,0,0,0
ECK_378,Non-promoter,0.0,0,0,0,0,0
ECK_379,Non-promoter,0.0,0,0,0,0,0
ECK_380,Non-promoter,0.0,0,0,0,0,0
ECK_381,Non-promoter,0.0,0,0,0,0,0
ECK_382,Non-promoter,0.0,0,0,0,0,0
ECK_383,Non-promoter,0.0,0,0,0,0,0
ECK_384,Non-promoter,0.0,0,0,0,0,0
ECK_385,Non-promoter,0.0,0,0,0,0,0
ECK_386,Non-promoter,0.0,0,0,0,0,0
ECK_387,Non-promoter,0.0,0,0,0,0,0
ECK_388,Non-promoter,0.0,0,0,0,0,0
ECK_389,Non-promoter,0.0,0,0,0,0,0
ECK_390,Non-promoter,0.0,0,0,0,0,0
ECK_391,Non-promoter,0.0,0,0,0,0,0
ECK_392,Non-promoter,0.0,0,0,0,0,0
ECK_393,Non-promoter,0.0,0,0,0,0,0
ECK_394,Non-promoter,0.0,0,0,0,0,0
ECK_395,Non-promoter,0.0,0,0,0,0,0
ECK_396,Non-promoter,0.0,0,0,0,0,0
ECK_397,Non-promoter,0.0,0,0,0,0,0
ECK_398,Non-promoter,0.0,0,0,0,0,0
ECK_399,Non-promoter,0.0,0,0,0,0,0
ECK_400,Non-promoter,0.0,0,0,0,0,0
ECK_401,Non-promoter,0.0,0,0,0,0,0
ECK_402,Non-promoter,0.0,0,0,0,0,0
ECK_403,Non-promoter,0.0,0,0,0,0,0
ECK_404,Non-promoter,0.0,0,0,0,0,0
ECK_405,Non-promoter,0.0,0,0,0,0,0
ECK_406,Non-promoter,0.0,0,0,0,0,0
ECK_407,Non-promoter,0.0,0,0,0,0,0
ECK_408,Non-promoter,0.0,0,0,0,0,0
ECK_409,Non-promoter,0.0,0,0,0,0,0
ECK_410,Non-promoter,0.0,0,0,0,0,0
ECK_411,Non-promoter,0.0,0,0,0,0,0
ECK_412,Non-promoter,0.0,0,0,0,0,0
ECK_413,Non-promoter,0.0,0,0,0,0,0
ECK_414,Non-promoter,0.0,0,0,0,0,0
ECK_415,Non-promoter,0.0,0,0,0,0,0
ECK_416,Non-promoter,0.0,0,0,0,0,0
ECK_417,Non-promoter,0.0,0,0,0,0,0
ECK_418,Non-promoter,0.0,0,0,0,0,0
ECK_419,Non-promoter,0.0,0,0,0,0,0
ECK_420,Non-promoter,0.0,0,0,0,0,0
ECK_421,Non-promoter,0.0,0,0,0,0,0
ECK_422,Non-promoter,0.0,0,0,0,0,0
ECK_423,Non-promoter,0.0,0,0,0,0,0
ECK_424,Non-promoter,0.0,0,0,0,0,0
ECK_425,Non-promoter,0.0,0,0,0,0,0
ECK_426,Non-promoter,0.0,0,0,0,0,0
ECK_427,Non-promoter,0.0,0,0,0,0,0
ECK_428,Non-promoter,0.0,0,0,0,0,0
ECK_429,Non-promoter,0.0,0,0,0,0,0
ECK_430,Non-promoter,0.0,0,0,0,0,0
ECK_431,Non-promoter,0.0,0,0,0,0,0
ECK_432,Non-promoter,0.0,0,0,0,0,0
ECK_433,Non-promoter,0.0,0,0,0,0,0
ECK_434,Non-promoter,0.0,0,0,0,0,0
ECK_435,Non-promoter,0.0,0,0,0,0,0
ECK_436,Non-promoter,0.0,0,0,0,0,0
ECK_437,Non-promoter,0.0,0,0,0,0,0
ECK_438,Non-promoter,0.0,0,0,0,0,0
ECK_439,Non-promoter,0.0,0,0,0,0,0
ECK_440,Non-promoter,0.0,0,0,0,0,0
ECK_441,Non-promoter,0.0,0,0,0,0,0
ECK_442,Non-promoter,0.0,0,0,0,0,0
ECK_443,Non-promoter,0.0,0,0,0,0,0
ECK_444,Non-promoter,0.0,0,0,0,0,0
ECK_445,Non-promoter,0.0,0,0,0,0,0
ECK_446,Non-promoter,0.0,0,0,0,0,0
ECK_447,Non-promoter,0.0,0,0,0,0,0
ECK_448,Non-promoter,0.0,0,0,0,0,0
ECK_449,Non-promoter,0.0,0,0,0,0,0
ECK_450,Non-promoter,0.0,0,0,0,0,0
ECK_451,Non-promoter,0.0,0,0,0,0,0
ECK_452,Non-promoter,0.0,0,0,0,0,0
ECK_453,Non-promoter,0.0,0,0,0,0,0
ECK_454,Non-promoter,0.0,0,0,0,0,0
ECK_455,Non-promoter,0.0,0,0,0,0,0
ECK_456,Non-promoter,0.0,0,0,0,0,0
ECK_457,Non-promoter,0.0,0,0,0,0,0
ECK_458,Non-promoter,0.0,0,0,0,0,0
ECK_459,Non-promoter,0.0,0,0,0,0,0
ECK_460,Non-promoter,0.0,0,0,0,0,0
ECK_461,Non-promoter,0.0,0,0,0,0,0
ECK_462,Non-promoter,0.0,0,0,0,0,0
ECK_463,Non-promoter,0.0,0,0,0,0,0
ECK_464,Non-promoter,0.0,0,0,0,0,0
ECK_465,Non-promoter,0.0,0,0,0,0,0
ECK_466,Non-promoter,0.0,0,0,0,0,0
ECK_467,Non-promoter,0.0,0,0,0,0,0
ECK_468,Non-promoter,0.0,0,0,0,0,0
ECK_469,Non-promoter,0.0,0,0,0,0,0
ECK_470,Non-promoter,0.0,0,0,0,0,0
ECK_471,Non-promoter,0.0,0,0,0,0,0
ECK_472,Non-promoter,0.0,0,0,0,0,0
ECK_473,Non-promoter,0.0,0,0,0,0,0
ECK_474,Non-promoter,0.0,0,0,0,0,0
ECK_475,Non-promoter,0.0,0,0,0,0,0
ECK_476,Non-promoter,0.0,0,0,0,0,0
ECK_477,Non-promoter,0.0,0,0,0,0,0
ECK_478,Non-promoter,0.0,0,0,0,0,0
ECK_479,Non-promoter,0.0,0,0,0,0,0
ECK_480,Non-promoter,0.0,0,0,0,0,0
ECK_481,Non-promoter,0.0,0,0,0,0,0
ECK_482,Non-promoter,0.0,0,0,0,0,0
ECK_483,Non-promoter,0.0,0,0,0,0,0
ECK_484,Non-promoter,0.0,0,0,0,0,0
ECK_485,Non-promoter,0.0,0,0,0,0,0
ECK_486,Non-promoter,0.0,0,0,0,0,0
ECK_487,Non-promoter,0.0,0,0,0,0,0
ECK_488,Non-promoter,0.0,0,0,0,0,0
ECK_489,Non-promoter,0.0,0,0,0,0,0
ECK_490,Non-promoter,0.0,0,0,0,0,0
ECK_491,Non-promoter,0.0,0,0,0,0,0
ECK_492,Non-promoter,0.0,0,0,0,0,0
ECK_493,Non-promoter,0.0,0,0,0,0,0
ECK_494,Non-promoter,0.0,0,0,0,0,0
ECK_495,Non-promoter,0.0,0,0,0,0,0
ECK_496,Non-promoter,0.0,0,0,0,0,0
ECK_497,Non-promoter,0.0,0,0,0,0,0
ECK_498,Non-promoter,0.0,0,0,0,0,0
ECK_499,Non-promoter,0.0,0,0,0,0,0
ECK_500,Non-promoter,0.0,0,0,0,0,0
ECK_501,Non-promoter,0.0,0,0,0,0,0
ECK_502,Non-promoter,0.0,0,0,0,0,0
ECK_503,Non-promoter,0.0,0,0,0,0,0
ECK_504,Non-promoter,0.0,0,0,0,0,0
ECK_505,Non-promoter,0.0,0,0,0,0,0
ECK_506,Non-promoter,0.0,0,0,0,0,0
ECK_507,Non-promoter,0.0,0,0,0,0,0
ECK_508,Non-promoter,0.0,0,0,0,0,0
ECK_509,Non-promoter,0.0,0,0,0,0,0
ECK_510,Non-promoter,0.0,0,0,0,0,0
ECK_511,Non-promoter,0.0,0,0,0,0,0
ECK_513,Non-promoter,0.0,0,0,0,0,0
ECK_514,Non-promoter,0.0,0,0,0,0,0
ECK_515,Non-promoter,0.0,0,0,0,0,0
ECK_516,Non-promoter,0.0,0,0,0,0,0
ECK_517,Non-promoter,0.0,0,0,0,0,0
ECK_518,Non-promoter,0.0,0,0,0,0,0
ECK_519,Non-promoter,0.0,0,0,0,0,0
ECK_520,Non-promoter,0.0,0,0,0,0,0
ECK_521,Non-promoter,0.0,0,0,0,0,0
ECK_522,Non-promoter,0.0,0,0,0,0,0
ECK_523,Non-promoter,0.0,0,0,0,0,0
ECK_524,Non-promoter,0.0,0,0,0,0,0
ECK_525,Non-promoter,0.0,0,0,0,0,0
ECK_526,Non-promoter,0.0,0,0,0,0,0
ECK_527,Non-promoter,0.0,0,0,0,0,0
ECK_528,Non-promoter,0.0,0,0,0,0,0
ECK_529,Non-promoter,0.0,0,0,0,0,0
ECK_530,Non-promoter,0.0,0,0,0,0,0
ECK_531,Non-promoter,0.0,0,0,0,0,0
ECK_532,Non-promoter,0.0,0,0,0,0,0
ECK_533,Non-promoter,0.0,0,0,0,0,0
ECK_534,Non-promoter,0.0,0,0,0,0,0
ECK_535,Non-promoter,0.0,0,0,0,0,0
ECK_536,Non-promoter,0.0,0,0,0,0,0
ECK_537,Non-promoter,0.0,0,0,0,0,0
ECK_538,Non-promoter,0.0,0,0,0,0,0
ECK_539,Non-promoter,0.0,0,0,0,0,0
ECK_540,Non-promoter,0.0,0,0,0,0,0
ECK_541,Non-promoter,0.0,0,0,0,0,0
ECK_542,Non-promoter,0.0,0,0,0,0,0
ECK_543,Non-promoter,0.0,0,0,0,0,0
ECK_544,Non-promoter,0.0,0,0,0,0,0
ECK_545,Non-promoter,0.0,0,0,0,0,0
ECK_546,Non-promoter,0.0,0,0,0,0,0
ECK_547,Non-promoter,0.0,0,0,0,0,0
ECK_548,Non-promoter,0.0,0,0,0,0,0
ECK_549,Non-promoter,0.0,0,0,0,0,0
ECK_550,Non-promoter,0.0,0,0,0,0,0
ECK_551,Non-promoter,0.0,0,0,0,0,0
ECK_552,Non-promoter,0.0,0,0,0,0,0
ECK_553,Non-promoter,0.0,0,0,0,0,0
ECK_554,Non-promoter,0.0,0,0,0,0,0
ECK_555,Non-promoter,0.0,0,0,0,0,0
ECK_556,Non-promoter,0.0,0,0,0,0,0
ECK_557,Non-promoter,0.0,0,0,0,0,0
ECK_558,Non-promoter,0.0,0,0,0,0,0
ECK_559,Non-promoter,0.0,0,0,0,0,0
ECK_560,Non-promoter,0.0,0,0,0,0,0
ECK_561,Non-promoter,0.0,0,0,0,0,0
ECK_562,Non-promoter,0.0,0,0,0,0,0
ECK_563,Non-promoter,0.0,0,0,0,0,0
ECK_564,Non-promoter,0.0,0,0,0,0,0
ECK_565,Non-promoter,0.0,0,0,0,0,0
ECK_566,Non-promoter,0.0,0,0,0,0,0
ECK_567,Non-promoter,0.0,0,0,0,0,0
ECK_568,Non-promoter,0.0,0,0,0,0,0
ECK_570,Non-promoter,0.0,0,0,0,0,0
ECK_571,Non-promoter,0.0,0,0,0,0,0
ECK_572,Non-promoter,0.0,0,0,0,0,0
ECK_573,Non-promoter,0.0,0,0,0,0,0
ECK_574,Non-promoter,0.0,0,0,0,0,0
ECK_576,Non-promoter,0.0,0,0,0,0,0
ECK_577,Non-promoter,0.0,0,0,0,0,0
ECK_578,Non-promoter,0.0,0,0,0,0,0
ECK_579,Non-promoter,0.0,0,0,0,0,0
ECK_580,Non-promoter,0.0,0,0,0,0,0
ECK_581,Non-promoter,0.0,0,0,0,0,0
ECK_582,Non-promoter,0.0,0,0,0,0,0
ECK_583,Non-promoter,0.0,0,0,0,0,0
ECK_584,Non-promoter,0.0,0,0,0,0,0
ECK_585,Non-promoter,0.0,0,0,0,0,0
ECK_586,Non-promoter,0.0,0,0,0,0,0
ECK_587,Non-promoter,0.0,0,0,0,0,0
ECK_588,Non-promoter,0.0,0,0,0,0,0
ECK_589,Non-promoter,0.0,0,0,0,0,0
ECK_590,Non-promoter,0.0,0,0,0,0,0
ECK_591,Non-promoter,0.0,0,0,0,0,0
ECK_592,Non-promoter,0.0,0,0,0,0,0
ECK_593,Non-promoter,0.0,0,0,0,0,0
ECK_594,Non-promoter,0.0,0,0,0,0,0
ECK_595,Non-promoter,0.0,0,0,0,0,0
ECK_596,Non-promoter,0.0,0,0,0,0,0
ECK_597,Non-promoter,0.0,0,0,0,0,0
ECK_598,Non-promoter,0.0,0,0,0,0,0
ECK_599,Non-promoter,0.0,0,0,0,0,0
ECK_600,Non-promoter,0.0,0,0,0,0,0
ECK_601,Non-promoter,0.0,0,0,0,0,0
ECK_602,Non-promoter,0.0,0,0,0,0,0
ECK_603,Non-promoter,0.0,0,0,0,0,0
ECK_604,Non-promoter,0.0,0,0,0,0,0
ECK_605,Non-promoter,0.0,0,0,0,0,0
ECK_607,Non-promoter,0.0,0,0,0,0,0
ECK_608,Non-promoter,0.0,0,0,0,0,0
ECK_609,Non-promoter,0.0,0,0,0,0,0
ECK_610,Non-promoter,0.0,0,0,0,0,0
ECK_611,Non-promoter,0.0,0,0,0,0,0
ECK_612,Non-promoter,0.0,0,0,0,0,0
ECK_613,Non-promoter,0.0,0,0,0,0,0
ECK_614,Non-promoter,0.0,0,0,0,0,0
ECK_615,Non-promoter,0.0,0,0,0,0,0
ECK_616,Non-promoter,0.0,0,0,0,0,0
ECK_617,Non-promoter,0.0,0,0,0,0,0
ECK_618,Non-promoter,0.0,0,0,0,0,0
ECK_619,Non-promoter,0.0,0,0,0,0,0
ECK_620,Non-promoter,0.0,0,0,0,0,0
ECK_621,Non-promoter,0.0,0,0,0,0,0
ECK_622,Non-promoter,0.0,0,0,0,0,0
ECK_623,Non-promoter,0.0,0,0,0,0,0
ECK_624,Non-promoter,0.0,0,0,0,0,0
ECK_625,Non-promoter,0.0,0,0,0,0,0
ECK_626,Non-promoter,0.0,0,0,0,0,0
ECK_627,Non-promoter,0.0,0,0,0,0,0
ECK_628,Non-promoter,0.0,0,0,0,0,0
ECK_629,Non-promoter,0.0,0,0,0,0,0
ECK_630,Non-promoter,0.0,0,0,0,0,0
ECK_631,Non-promoter,0.0,0,0,0,0,0
ECK_632,Non-promoter,0.0,0,0,0,0,0
ECK_633,Non-promoter,0.0,0,0,0,0,0
ECK_634,Non-promoter,0.0,0,0,0,0,0
ECK_635,Non-promoter,0.0,0,0,0,0,0
ECK_636,Non-promoter,0.0,0,0,0,0,0
ECK_637,Non-promoter,0.0,0,0,0,0,0
ECK_638,Non-promoter,0.0,0,0,0,0,0
ECK_639,Non-promoter,0.0,0,0,0,0,0
ECK_640,Non-promoter,0.0,0,0,0,0,0
ECK_641,Non-promoter,0.0,0,0,0,0,0
ECK_642,Non-promoter,0.0,0,0,0,0,0
ECK_643,Non-promoter,0.0,0,0,0,0,0
ECK_644,Non-promoter,0.0,0,0,0,0,0
ECK_645,Non-promoter,0.0,0,0,0,0,0
ECK_646,Non-promoter,0.0,0,0,0,0,0
ECK_647,Non-promoter,0.0,0,0,0,0,0
ECK_648,Non-promoter,0.0,0,0,0,0,0
ECK_649,Non-promoter,0.0,0,0,0,0,0
ECK_650,Non-promoter,0.0,0,0,0,0,0
ECK_651,Non-promoter,0.0,0,0,0,0,0
ECK_652,Non-promoter,0.0,0,0,0,0,0
ECK_653,Non-promoter,0.0,0,0,0,0,0
ECK_654,Non-promoter,0.0,0,0,0,0,0
ECK_655,Non-promoter,0.0,0,0,0,0,0
ECK_656,Non-promoter,0.0,0,0,0,0,0
ECK_657,Non-promoter,0.0,0,0,0,0,0
ECK_658,Non-promoter,0.0,0,0,0,0,0
ECK_659,Non-promoter,0.0,0,0,0,0,0
ECK_660,Non-promoter,0.0,0,0,0,0,0
ECK_661,Non-promoter,0.0,0,0,0,0,0
ECK_662,Non-promoter,0.0,0,0,0,0,0
ECK_663,Non-promoter,0.0,0,0,0,0,0
ECK_664,Non-promoter,0.0,0,0,0,0,0
ECK_665,Non-promoter,0.0,0,0,0,0,0
ECK_666,Non-promoter,0.0,0,0,0,0,0
ECK_667,Non-promoter,0.0,0,0,0,0,0
ECK_668,Non-promoter,0.0,0,0,0,0,0
ECK_669,Non-promoter,0.0,0,0,0,0,0
ECK_670,Non-promoter,0.0,0,0,0,0,0
ECK_671,Non-promoter,0.0,0,0,0,0,0
ECK_672,Non-promoter,0.0,0,0,0,0,0
ECK_673,Non-promoter,0.0,0,0,0,0,0
ECK_674,Non-promoter,0.0,0,0,0,0,0
ECK_675,Non-promoter,0.0,0,0,0,0,0
ECK_676,Non-promoter,0.0,0,0,0,0,0
ECK_677,Non-promoter,0.0,0,0,0,0,0
ECK_678,Non-promoter,0.0,0,0,0,0,0
ECK_679,Non-promoter,0.0,0,0,0,0,0
ECK_680,Non-promoter,0.0,0,0,0,0,0
ECK_681,Non-promoter,0.0,0,0,0,0,0
ECK_682,Non-promoter,0.0,0,0,0,0,0
ECK_683,Non-promoter,0.0,0,0,0,0,0
ECK_684,Non-promoter,0.0,0,0,0,0,0
ECK_685,Non-promoter,0.0,0,0,0,0,0
ECK_686,Non-promoter,0.0,0,0,0,0,0
ECK_687,Non-promoter,0.0,0,0,0,0,0
ECK_688,Non-promoter,0.0,0,0,0,0,0
ECK_689,Non-promoter,0.0,0,0,0,0,0
ECK_690,Non-promoter,0.0,0,0,0,0,0
ECK_691,Non-promoter,0.0,0,0,0,0,0
ECK_692,Non-promoter,0.0,0,0,0,0,0
ECK_693,Non-promoter,0.0,0,0,0,0,0
ECK_694,Non-promoter,0.0,0,0,0,0,0
ECK_695,Non-promoter,0.0,0,0,0,0,0
ECK_696,Non-promoter,0.0,0,0,0,0,0
ECK_697,Non-promoter,0.0,0,0,0,0,0
ECK_698,Non-promoter,0.0,0,0,0,0,0
ECK_699,Non-promoter,0.0,0,0,0,0,0
ECK_700,Non-promoter,0.0,0,0,0,0,0
ECK_701,Non-promoter,0.0,0,0,0,0,0
ECK_702,Non-promoter,0.0,0,0,0,0,0
ECK_703,Non-promoter,0.0,0,0,0,0,0
ECK_704,Non-promoter,0.0,0,0,0,0,0
ECK_705,Non-promoter,0.0,0,0,0,0,0
ECK_706,Non-promoter,0.0,0,0,0,0,0
ECK_707,Non-promoter,0.0,0,0,0,0,0
ECK_708,Non-promoter,0.0,0,0,0,0,0
ECK_709,Non-promoter,0.0,0,0,0,0,0
ECK_710,Non-promoter,0.0,0,0,0,0,0
ECK_711,Non-promoter,0.0,0,0,0,0,0
ECK_712,Non-promoter,0.0,0,0,0,0,0
ECK_713,Non-promoter,0.0,0,0,0,0,0
ECK_714,Non-promoter,0.0,0,0,0,0,0
ECK_715,Non-promoter,0.0,0,0,0,0,0
ECK_716,Non-promoter,0.0,0,0,0,0,0
ECK_717,Non-promoter,0.0,0,0,0,0,0
ECK_718,Non-promoter,0.0,0,0,0,0,0
ECK_719,Non-promoter,0.0,0,0,0,0,0
ECK_720,Non-promoter,0.0,0,0,0,0,0
ECK_721,Non-promoter,0.0,0,0,0,0,0
ECK_722,Non-promoter,0.0,0,0,0,0,0
ECK_723,Non-promoter,0.0,0,0,0,0,0
ECK_724,Non-promoter,0.0,0,0,0,0,0
ECK_725,Non-promoter,0.0,0,0,0,0,0
ECK_726,Non-promoter,0.0,0,0,0,0,0
ECK_727,Non-promoter,0.0,0,0,0,0,0
ECK_728,Non-promoter,0.0,0,0,0,0,0
ECK_729,Non-promoter,0.0,0,0,0,0,0
ECK_730,Non-promoter,0.0,0,0,0,0,0
ECK_731,Non-promoter,0.0,0,0,0,0,0
ECK_732,Non-promoter,0.0,0,0,0,0,0
ECK_733,Non-promoter,0.0,0,0,0,0,0
ECK_734,Non-promoter,0.0,0,0,0,0,0
ECK_735,Non-promoter,0.0,0,0,0,0,0
ECK_736,Non-promoter,0.0,0,0,0,0,0
ECK_737,Non-promoter,0.0,0,0,0,0,0
ECK_738,Non-promoter,0.0,0,0,0,0,0
ECK_739,Non-promoter,0.0,0,0,0,0,0
ECK_740,Non-promoter,0.0,0,0,0,0,0
ECK_741,Non-promoter,0.0,0,0,0,0,0
ECK_742,Non-promoter,0.0,0,0,0,0,0
ECK_743,Non-promoter,0.0,0,0,0,0,0
ECK_744,Non-promoter,0.0,0,0,0,0,0
ECK_745,Non-promoter,0.0,0,0,0,0,0
ECK_746,Non-promoter,0.0,0,0,0,0,0
ECK_747,Non-promoter,0.0,0,0,0,0,0
ECK_748,Non-promoter,0.0,0,0,0,0,0
ECK_749,Non-promoter,0.0,0,0,0,0,0
ECK_750,Non-promoter,0.0,0,0,0,0,0
ECK_751,Non-promoter,0.0,0,0,0,0,0
ECK_752,Non-promoter,0.0,0,0,0,0,0
ECK_753,Non-promoter,0.0,0,0,0,0,0
ECK_754,Non-promoter,0.0,0,0,0,0,0
ECK_755,Non-promoter,0.0,0,0,0,0,0
ECK_756,Non-promoter,0.0,0,0,0,0,0
ECK_757,Non-promoter,0.0,0,0,0,0,0
ECK_758,Non-promoter,0.0,0,0,0,0,0
ECK_759,Non-promoter,0.0,0,0,0,0,0
ECK_760,Non-promoter,0.0,0,0,0,0,0
ECK_761,Non-promoter,0.0,0,0,0,0,0
ECK_763,Non-promoter,0.0,0,0,0,0,0
ECK_764,Non-promoter,0.0,0,0,0,0,0
ECK_765,Non-promoter,0.0,0,0,0,0,0
ECK_766,Non-promoter,0.0,0,0,0,0,0
ECK_767,Non-promoter,0.0,0,0,0,0,0
ECK_768,Non-promoter,0.0,0,0,0,0,0
ECK_769,Non-promoter,0.0,0,0,0,0,0
ECK_770,Non-promoter,0.0,0,0,0,0,0
ECK_771,Non-promoter,0.0,0,0,0,0,0
ECK_772,Non-promoter,0.0,0,0,0,0,0
ECK_773,Non-promoter,0.0,0,0,0,0,0
ECK_774,Non-promoter,0.0,0,0,0,0,0
ECK_775,Non-promoter,0.0,0,0,0,0,0
ECK_776,Non-promoter,0.0,0,0,0,0,0
ECK_777,Non-promoter,0.0,0,0,0,0,0
ECK_778,Non-promoter,0.0,0,0,0,0,0
ECK_779,Non-promoter,0.0,0,0,0,0,0
ECK_780,Non-promoter,0.0,0,0,0,0,0
ECK_781,Non-promoter,0.0,0,0,0,0,0
ECK_782,Non-promoter,0.0,0,0,0,0,0
ECK_783,Non-promoter,0.0,0,0,0,0,0
ECK_784,Non-promoter,0.0,0,0,0,0,0
ECK_785,Non-promoter,0.0,0,0,0,0,0
ECK_786,Non-promoter,0.0,0,0,0,0,0
ECK_787,Non-promoter,0.0,0,0,0,0,0
ECK_788,Non-promoter,0.0,0,0,0,0,0
ECK_789,Non-promoter,0.0,0,0,0,0,0
ECK_790,Non-promoter,0.0,0,0,0,0,0
ECK_791,Non-promoter,0.0,0,0,0,0,0
ECK_792,Non-promoter,0.0,0,0,0,0,0
ECK_793,Non-promoter,0.0,0,0,0,0,0
ECK_794,Non-promoter,0.0,0,0,0,0,0
ECK_795,Non-promoter,0.0,0,0,0,0,0
ECK_796,Non-promoter,0.0,0,0,0,0,0
ECK_797,Non-promoter,0.0,0,0,0,0,0
ECK_798,Non-promoter,0.0,0,0,0,0,0
ECK_799,Non-promoter,0.0,0,0,0,0,0
ECK_800,Non-promoter,0.0,0,0,0,0,0
ECK_801,Non-promoter,0.0,0,0,0,0,0
ECK_802,Non-promoter,0.0,0,0,0,0,0
ECK_803,Non-promoter,0.0,0,0,0,0,0
ECK_804,Non-promoter,0.0,0,0,0,0,0
ECK_805,Non-promoter,0.0,0,0,0,0,0
ECK_806,Non-promoter,0.0,0,0,0,0,0
ECK_807,Non-promoter,0.0,0,0,0,0,0
ECK_808,Non-promoter,0.0,0,0,0,0,0
ECK_809,Non-promoter,0.0,0,0,0,0,0
ECK_810,Non-promoter,0.0,0,0,0,0,0
ECK_811,Non-promoter,0.0,0,0,0,0,0
ECK_812,Non-promoter,0.0,0,0,0,0,0
ECK_813,Non-promoter,0.0,0,0,0,0,0
ECK_814,Non-promoter,0.0,0,0,0,0,0
ECK_815,Non-promoter,0.0,0,0,0,0,0
ECK_816,Non-promoter,0.0,0,0,0,0,0
ECK_817,Non-promoter,0.0,0,0,0,0,0
ECK_818,Non-promoter,0.0,0,0,0,0,0
ECK_819,Non-promoter,0.0,0,0,0,0,0
ECK_820,Non-promoter,0.0,0,0,0,0,0
ECK_821,Non-promoter,0.0,0,0,0,0,0
ECK_822,Non-promoter,0.0,0,0,0,0,0
ECK_823,Non-promoter,0.0,0,0,0,0,0
ECK_824,Non-promoter,0.0,0,0,0,0,0
ECK_825,Non-promoter,0.0,0,0,0,0,0
ECK_826,Non-promoter,0.0,0,0,0,0,0
ECK_827,Non-promoter,0.0,0,0,0,0,0
ECK_828,Non-promoter,0.0,0,0,0,0,0
ECK_829,Non-promoter,0.0,0,0,0,0,0
ECK_830,Non-promoter,0.0,0,0,0,0,0
ECK_831,Non-promoter,0.0,0,0,0,0,0
ECK_832,Non-promoter,0.0,0,0,0,0,0
ECK_833,Non-promoter,0.0,0,0,0,0,0
ECK_834,Non-promoter,0.0,0,0,0,0,0
ECK_835,Non-promoter,0.0,0,0,0,0,0
ECK_836,Non-promoter,0.0,0,0,0,0,0
ECK_837,Non-promoter,0.0,0,0,0,0,0
ECK_838,Non-promoter,0.0,0,0,0,0,0
ECK_839,Non-promoter,0.0,0,0,0,0,0
ECK_840,Non-promoter,0.0,0,0,0,0,0
ECK_841,Non-promoter,0.0,0,0,0,0,0
ECK_842,Non-promoter,0.0,0,0,0,0,0
ECK_843,Non-promoter,0.0,0,0,0,0,0
ECK_844,Non-promoter,0.0,0,0,0,0,0
ECK_845,Non-promoter,0.0,0,0,0,0,0
ECK_846,Non-promoter,0.0,0,0,0,0,0
ECK_847,Non-promoter,0.0,0,0,0,0,0
ECK_848,Non-promoter,0.0,0,0,0,0,0
ECK_849,Non-promoter,0.0,0,0,0,0,0
ECK_850,Non-promoter,0.0,0,0,0,0,0
ECK_851,Non-promoter,0.0,0,0,0,0,0
ECK_852,Non-promoter,0.0,0,0,0,0,0
ECK_853,Non-promoter,0.0,0,0,0,0,0
ECK_854,Non-promoter,0.0,0,0,0,0,0
ECK_855,Non-promoter,0.0,0,0,0,0,0
ECK_856,Non-promoter,0.0,0,0,0,0,0
ECK_857,Non-promoter,0.0,0,0,0,0,0
ECK_858,Non-promoter,0.0,0,0,0,0,0
ECK_859,Non-promoter,0.0,0,0,0,0,0
ECK_860,Non-promoter,0.0,0,0,0,0,0
ECK_861,Non-promoter,0.0,0,0,0,0,0
ECK_862,Non-promoter,0.0,0,0,0,0,0
ECK_864,Non-promoter,0.0,0,0,0,0,0
ECK_865,Non-promoter,0.0,0,0,0,0,0
ECK_866,Non-promoter,0.0,0,0,0,0,0
ECK_867,Non-promoter,0.0,0,0,0,0,0
ECK_868,Non-promoter,0.0,0,0,0,0,0
ECK_869,Non-promoter,0.0,0,0,0,0,0
ECK_870,Non-promoter,0.0,0,0,0,0,0
ECK_871,Non-promoter,0.0,0,0,0,0,0
ECK_872,Non-promoter,0.0,0,0,0,0,0
ECK_873,Non-promoter,0.0,0,0,0,0,0
ECK_874,Non-promoter,0.0,0,0,0,0,0
ECK_875,Non-promoter,0.0,0,0,0,0,0
ECK_876,Non-promoter,0.0,0,0,0,0,0
ECK_877,Non-promoter,0.0,0,0,0,0,0
ECK_878,Non-promoter,0.0,0,0,0,0,0
ECK_879,Non-promoter,0.0,0,0,0,0,0
ECK_880,Non-promoter,0.0,0,0,0,0,0
ECK_881,Non-promoter,0.0,0,0,0,0,0
ECK_882,Non-promoter,0.0,0,0,0,0,0
ECK_883,Non-promoter,0.0,0,0,0,0,0
ECK_884,Non-promoter,0.0,0,0,0,0,0
ECK_885,Non-promoter,0.0,0,0,0,0,0
ECK_886,Non-promoter,0.0,0,0,0,0,0
ECK_887,Non-promoter,0.0,0,0,0,0,0
ECK_888,Non-promoter,0.0,0,0,0,0,0
ECK_889,Non-promoter,0.0,0,0,0,0,0
ECK_890,Non-promoter,0.0,0,0,0,0,0
ECK_891,Non-promoter,0.0,0,0,0,0,0
ECK_892,Non-promoter,0.0,0,0,0,0,0
ECK_893,Non-promoter,0.0,0,0,0,0,0
ECK_894,Non-promoter,0.0,0,0,0,0,0
ECK_895,Non-promoter,0.0,0,0,0,0,0
ECK_896,Non-promoter,0.0,0,0,0,0,0
ECK_897,Non-promoter,0.0,0,0,0,0,0
ECK_898,Non-promoter,0.0,0,0,0,0,0
ECK_899,Non-promoter,0.0,0,0,0,0,0
ECK_900,Non-promoter,0.0,0,0,0,0,0
ECK_901,Non-promoter,0.0,0,0,0,0,0
ECK_902,Non-promoter,0.0,0,0,0,0,0
ECK_903,Non-promoter,0.0,0,0,0,0,0
ECK_904,Non-promoter,0.0,0,0,0,0,0
ECK_905,Non-promoter,0.0,0,0,0,0,0
ECK_906,Non-promoter,0.0,0,0,0,0,0
ECK_907,Non-promoter,0.0,0,0,0,0,0
ECK_908,Non-promoter,0.0,0,0,0,0,0
ECK_909,Non-promoter,0.0,0,0,0,0,0
ECK_910,Non-promoter,0.0,0,0,0,0,0
ECK_911,Non-promoter,0.0,0,0,0,0,0
ECK_912,Non-promoter,0.0,0,0,0,0,0
ECK_913,Non-promoter,0.0,0,0,0,0,0
ECK_914,Non-promoter,0.0,0,0,0,0,0
ECK_915,Non-promoter,0.0,0,0,0,0,0
ECK_916,Non-promoter,0.0,0,0,0,0,0
ECK_917,Non-promoter,0.0,0,0,0,0,0
ECK_918,Non-promoter,0.0,0,0,0,0,0
ECK_919,Non-promoter,0.0,0,0,0,0,0
ECK_920,Non-promoter,0.0,0,0,0,0,0
ECK_921,Non-promoter,0.0,0,0,0,0,0
ECK_922,Non-promoter,0.0,0,0,0,0,0
ECK_923,Non-promoter,0.0,0,0,0,0,0
ECK_924,Non-promoter,0.0,0,0,0,0,0
ECK_925,Non-promoter,0.0,0,0,0,0,0
ECK_927,Non-promoter,0.0,0,0,0,0,0
ECK_928,Non-promoter,0.0,0,0,0,0,0
ECK_929,Non-promoter,0.0,0,0,0,0,0
ECK_930,Non-promoter,0.0,0,0,0,0,0
ECK_931,Non-promoter,0.0,0,0,0,0,0
ECK_932,Non-promoter,0.0,0,0,0,0,0
ECK_933,Non-promoter,0.0,0,0,0,0,0
ECK_934,Non-promoter,0.0,0,0,0,0,0
ECK_935,Non-promoter,0.0,0,0,0,0,0
ECK_936,Non-promoter,0.0,0,0,0,0,0
ECK_937,Non-promoter,0.0,0,0,0,0,0
ECK_938,Non-promoter,0.0,0,0,0,0,0
ECK_939,Non-promoter,0.0,0,0,0,0,0
ECK_940,Non-promoter,0.0,0,0,0,0,0
ECK_943,Non-promoter,0.0,0,0,0,0,0
ECK_944,Non-promoter,0.0,0,0,0,0,0
ECK_945,Non-promoter,0.0,0,0,0,0,0
ECK_946,Non-promoter,0.0,0,0,0,0,0
ECK_947,Non-promoter,0.0,0,0,0,0,0
ECK_948,Non-promoter,0.0,0,0,0,0,0
ECK_949,Non-promoter,0.0,0,0,0,0,0
ECK_950,Non-promoter,0.0,0,0,0,0,0
ECK_951,Non-promoter,0.0,0,0,0,0,0
ECK_952,Non-promoter,0.0,0,0,0,0,0
ECK_953,Non-promoter,0.0,0,0,0,0,0
ECK_954,Non-promoter,0.0,0,0,0,0,0
ECK_955,Non-promoter,0.0,0,0,0,0,0
ECK_956,Non-promoter,0.0,0,0,0,0,0
ECK_957,Non-promoter,0.0,0,0,0,0,0
ECK_958,Non-promoter,0.0,0,0,0,0,0
ECK_959,Non-promoter,0.0,0,0,0,0,0
ECK_960,Non-promoter,0.0,0,0,0,0,0
ECK_961,Non-promoter,0.0,0,0,0,0,0
ECK_962,Non-promoter,0.0,0,0,0,0,0
ECK_963,Non-promoter,0.0,0,0,0,0,0
ECK_964,Non-promoter,0.0,0,0,0,0,0
ECK_965,Non-promoter,0.0,0,0,0,0,0
ECK_966,Non-promoter,0.0,0,0,0,0,0
ECK_967,Non-promoter,0.0,0,0,0,0,0
ECK_968,Non-promoter,0.0,0,0,0,0,0
ECK_969,Non-promoter,0.0,0,0,0,0,0
ECK_970,Non-promoter,0.0,0,0,0,0,0
ECK_971,Non-promoter,0.0,0,0,0,0,0
ECK_972,Non-promoter,0.0,0,0,0,0,0
ECK_973,Non-promoter,0.0,0,0,0,0,0
ECK_974,Non-promoter,0.0,0,0,0,0,0
ECK_975,Non-promoter,0.0,0,0,0,0,0
ECK_976,Non-promoter,0.0,0,0,0,0,0
ECK_977,Non-promoter,0.0,0,0,0,0,0
ECK_978,Non-promoter,0.0,0,0,0,0,0
ECK_979,Non-promoter,0.0,0,0,0,0,0
ECK_980,Non-promoter,0.0,0,0,0,0,0
ECK_982,Non-promoter,0.0,0,0,0,0,0
ECK_983,Non-promoter,0.0,0,0,0,0,0
ECK_984,Non-promoter,0.0,0,0,0,0,0
ECK_985,Non-promoter,0.0,0,0,0,0,0
ECK_986,Non-promoter,0.0,0,0,0,0,0
ECK_987,Non-promoter,0.0,0,0,0,0,0
ECK_988,Non-promoter,0.0,0,0,0,0,0
ECK_989,Non-promoter,0.0,0,0,0,0,0
ECK_990,Non-promoter,0.0,0,0,0,0,0
ECK_991,Non-promoter,0.0,0,0,0,0,0
ECK_992,Non-promoter,0.0,0,0,0,0,0
ECK_993,Non-promoter,0.0,0,0,0,0,0
ECK_994,Non-promoter,0.0,0,0,0,0,0
ECK_995,Non-promoter,0.0,0,0,0,0,0
ECK_996,Non-promoter,0.0,0,0,0,0,0
ECK_997,Non-promoter,0.0,0,0,0,0,0
ECK_998,Non-promoter,0.0,0,0,0,0,0
ECK_999,Non-promoter,0.0,0,0,0,0,0
ECK_1000,Non-promoter,0.0,0,0,0,0,0
ECK_1001,Non-promoter,0.0,0,0,0,0,0
ECK_1002,Non-promoter,0.0,0,0,0,0,0
ECK_1003,Non-promoter,0.0,0,0,0,0,0
ECK_1004,Non-promoter,0.0,0,0,0,0,0
ECK_1005,Non-promoter,0.0,0,0,0,0,0
ECK_1006,Non-promoter,0.0,0,0,0,0,0
ECK_1007,Non-promoter,0.0,0,0,0,0,0
ECK_1008,Non-promoter,0.0,0,0,0,0,0
ECK_1009,Non-promoter,0.0,0,0,0,0,0
ECK_1010,Non-promoter,0.0,0,0,0,0,0
ECK_1011,Non-promoter,0.0,0,0,0,0,0
ECK_1012,Non-promoter,0.0,0,0,0,0,0
ECK_1013,Non-promoter,0.0,0,0,0,0,0
ECK_1014,Non-promoter,0.0,0,0,0,0,0
ECK_1015,Non-promoter,0.0,0,0,0,0,0
ECK_1016,Non-promoter,0.0,0,0,0,0,0
ECK_1017,Non-promoter,0.0,0,0,0,0,0
ECK_1018,Non-promoter,0.0,0,0,0,0,0
ECK_1019,Non-promoter,0.0,0,0,0,0,0
ECK_1020,Non-promoter,0.0,0,0,0,0,0
ECK_1021,Non-promoter,0.0,0,0,0,0,0
ECK_1022,Non-promoter,0.0,0,0,0,0,0
ECK_1023,Non-promoter,0.0,0,0,0,0,0
ECK_1024,Non-promoter,0.0,0,0,0,0,0
ECK_1025,Non-promoter,0.0,0,0,0,0,0
ECK_1026,Non-promoter,0.0,0,0,0,0,0
ECK_1027,Non-promoter,0.0,0,0,0,0,0
ECK_1028,Non-promoter,0.0,0,0,0,0,0
ECK_1029,Non-promoter,0.0,0,0,0,0,0
ECK_1030,Non-promoter,0.0,0,0,0,0,0
ECK_1031,Non-promoter,0.0,0,0,0,0,0
ECK_1032,Non-promoter,0.0,0,0,0,0,0
ECK_1033,Non-promoter,0.0,0,0,0,0,0
ECK_1034,Non-promoter,0.0,0,0,0,0,0
ECK_1035,Non-promoter,0.0,0,0,0,0,0
ECK_1036,Non-promoter,0.0,0,0,0,0,0
ECK_1037,Non-promoter,0.0,0,0,0,0,0
ECK_1038,Non-promoter,0.0,0,0,0,0,0
ECK_1039,Non-promoter,0.0,0,0,0,0,0
ECK_1040,Non-promoter,0.0,0,0,0,0,0
ECK_1041,Non-promoter,0.0,0,0,0,0,0
ECK_1042,Non-promoter,0.0,0,0,0,0,0
ECK_1043,Non-promoter,0.0,0,0,0,0,0
ECK_1044,Non-promoter,0.0,0,0,0,0,0
ECK_1045,Non-promoter,0.0,0,0,0,0,0
ECK_1046,Non-promoter,0.0,0,0,0,0,0
ECK_1047,Non-promoter,0.0,0,0,0,0,0
ECK_1048,Non-promoter,0.0,0,0,0,0,0
ECK_1049,Non-promoter,0.0,0,0,0,0,0
ECK_1050,Non-promoter,0.0,0,0,0,0,0
ECK_1051,Non-promoter,0.0,0,0,0,0,0
ECK_1052,Non-promoter,0.0,0,0,0,0,0
ECK_1053,Non-promoter,0.0,0,0,0,0,0
ECK_1054,Non-promoter,0.0,0,0,0,0,0
ECK_1055,Non-promoter,0.0,0,0,0,0,0
ECK_1056,Non-promoter,0.0,0,0,0,0,0
ECK_1057,Non-promoter,0.0,0,0,0,0,0
ECK_1058,Non-promoter,0.0,0,0,0,0,0
ECK_1059,Non-promoter,0.0,0,0,0,0,0
ECK_1060,Non-promoter,0.0,0,0,0,0,0
ECK_1061,Non-promoter,0.0,0,0,0,0,0
ECK_1062,Non-promoter,0.0,0,0,0,0,0
ECK_1063,Non-promoter,0.0,0,0,0,0,0
ECK_1064,Non-promoter,0.0,0,0,0,0,0
ECK_1065,Non-promoter,0.0,0,0,0,0,0
ECK_1066,Non-promoter,0.0,0,0,0,0,0
ECK_1067,Non-promoter,0.0,0,0,0,0,0
ECK_1068,Non-promoter,0.0,0,0,0,0,0
ECK_1069,Non-promoter,0.0,0,0,0,0,0
ECK_1070,Non-promoter,0.0,0,0,0,0,0
ECK_1071,Non-promoter,0.0,0,0,0,0,0
ECK_1072,Non-promoter,0.0,0,0,0,0,0
ECK_1073,Non-promoter,0.0,0,0,0,0,0
ECK_1074,Non-promoter,0.0,0,0,0,0,0
ECK_1075,Non-promoter,0.0,0,0,0,0,0
ECK_1076,Non-promoter,0.0,0,0,0,0,0
ECK_1077,Non-promoter,0.0,0,0,0,0,0
ECK_1078,Non-promoter,0.0,0,0,0,0,0
ECK_1079,Non-promoter,0.0,0,0,0,0,0
ECK_1080,Non-promoter,0.0,0,0,0,0,0
ECK_1081,Non-promoter,0.0,0,0,0,0,0
ECK_1082,Non-promoter,0.0,0,0,0,0,0
ECK_1083,Non-promoter,0.0,0,0,0,0,0
ECK_1084,Non-promoter,0.0,0,0,0,0,0
ECK_1085,Non-promoter,0.0,0,0,0,0,0
ECK_1086,Non-promoter,0.0,0,0,0,0,0
ECK_1087,Non-promoter,0.0,0,0,0,0,0
ECK_1088,Non-promoter,0.0,0,0,0,0,0
ECK_1089,Non-promoter,0.0,0,0,0,0,0
ECK_1090,Non-promoter,0.0,0,0,0,0,0
ECK_1091,Non-promoter,0.0,0,0,0,0,0
ECK_1092,Non-promoter,0.0,0,0,0,0,0
ECK_1093,Non-promoter,0.0,0,0,0,0,0
ECK_1094,Non-promoter,0.0,0,0,0,0,0
ECK_1095,Non-promoter,0.0,0,0,0,0,0
ECK_1096,Non-promoter,0.0,0,0,0,0,0
ECK_1098,Non-promoter,0.0,0,0,0,0,0
ECK_1099,Non-promoter,0.0,0,0,0,0,0
ECK_1100,Non-promoter,0.0,0,0,0,0,0
ECK_1101,Non-promoter,0.0,0,0,0,0,0
ECK_1102,Non-promoter,0.0,0,0,0,0,0
ECK_1103,Non-promoter,0.0,0,0,0,0,0
ECK_1104,Non-promoter,0.0,0,0,0,0,0
ECK_1105,Non-promoter,0.0,0,0,0,0,0
ECK_1106,Non-promoter,0.0,0,0,0,0,0
ECK_1107,Non-promoter,0.0,0,0,0,0,0
ECK_1108,Non-promoter,0.0,0,0,0,0,0
ECK_1109,Non-promoter,0.0,0,0,0,0,0
ECK_1110,Non-promoter,0.0,0,0,0,0,0
ECK_1111,Non-promoter,0.0,0,0,0,0,0
ECK_1112,Non-promoter,0.0,0,0,0,0,0
ECK_1113,Non-promoter,0.0,0,0,0,0,0
ECK_1114,Non-promoter,0.0,0,0,0,0,0
ECK_1115,Non-promoter,0.0,0,0,0,0,0
ECK_1116,Non-promoter,0.0,0,0,0,0,0
ECK_1117,Non-promoter,0.0,0,0,0,0,0
ECK_1118,Non-promoter,0.0,0,0,0,0,0
ECK_1119,Non-promoter,0.0,0,0,0,0,0
ECK_1120,Non-promoter,0.0,0,0,0,0,0
ECK_1121,Non-promoter,0.0,0,0,0,0,0
ECK_1122,Non-promoter,0.0,0,0,0,0,0
ECK_1123,Non-promoter,0.0,0,0,0,0,0
ECK_1124,Non-promoter,0.0,0,0,0,0,0
ECK_1125,Non-promoter,0.0,0,0,0,0,0
ECK_1126,Non-promoter,0.0,0,0,0,0,0
ECK_1127,Non-promoter,0.0,0,0,0,0,0
ECK_1128,Non-promoter,0.0,0,0,0,0,0
ECK_1129,Non-promoter,0.0,0,0,0,0,0
ECK_1130,Non-promoter,0.0,0,0,0,0,0
ECK_1131,Non-promoter,0.0,0,0,0,0,0
ECK_1132,Non-promoter,0.0,0,0,0,0,0
ECK_1133,Non-promoter,0.0,0,0,0,0,0
ECK_1135,Non-promoter,0.0,0,0,0,0,0
ECK_1136,Non-promoter,0.0,0,0,0,0,0
ECK_1137,Non-promoter,0.0,0,0,0,0,0
ECK_1138,Non-promoter,0.0,0,0,0,0,0
ECK_1139,Non-promoter,0.0,0,0,0,0,0
ECK_1140,Non-promoter,0.0,0,0,0,0,0
ECK_1141,Non-promoter,0.0,0,0,0,0,0
ECK_1142,Non-promoter,0.0,0,0,0,0,0
ECK_1143,Non-promoter,0.0,0,0,0,0,0
ECK_1144,Non-promoter,0.0,0,0,0,0,0
ECK_1145,Non-promoter,0.0,0,0,0,0,0
ECK_1146,Non-promoter,0.0,0,0,0,0,0
ECK_1147,Non-promoter,0.0,0,0,0,0,0
ECK_1148,Non-promoter,0.0,0,0,0,0,0
ECK_1149,Non-promoter,0.0,0,0,0,0,0
ECK_1150,Non-promoter,0.0,0,0,0,0,0
ECK_1151,Non-promoter,0.0,0,0,0,0,0
ECK_1152,Non-promoter,0.0,0,0,0,0,0
ECK_1153,Non-promoter,0.0,0,0,0,0,0
ECK_1154,Non-promoter,0.0,0,0,0,0,0
ECK_1155,Non-promoter,0.0,0,0,0,0,0
ECK_1156,Non-promoter,0.0,0,0,0,0,0
ECK_1157,Non-promoter,0.0,0,0,0,0,0
ECK_1158,Non-promoter,0.0,0,0,0,0,0
ECK_1159,Non-promoter,0.0,0,0,0,0,0
ECK_1160,Non-promoter,0.0,0,0,0,0,0
ECK_1161,Non-promoter,0.0,0,0,0,0,0
ECK_1162,Non-promoter,0.0,0,0,0,0,0
ECK_1163,Non-promoter,0.0,0,0,0,0,0
ECK_1164,Non-promoter,0.0,0,0,0,0,0
ECK_1165,Non-promoter,0.0,0,0,0,0,0
ECK_1166,Non-promoter,0.0,0,0,0,0,0
ECK_1167,Non-promoter,0.0,0,0,0,0,0
ECK_1168,Non-promoter,0.0,0,0,0,0,0
ECK_1169,Non-promoter,0.0,0,0,0,0,0
ECK_1170,Non-promoter,0.0,0,0,0,0,0
ECK_1171,Non-promoter,0.0,0,0,0,0,0
ECK_1172,Non-promoter,0.0,0,0,0,0,0
ECK_1173,Non-promoter,0.0,0,0,0,0,0
ECK_1175,Non-promoter,0.0,0,0,0,0,0
ECK_1176,Non-promoter,0.0,0,0,0,0,0
ECK_1177,Non-promoter,0.0,0,0,0,0,0
ECK_1178,Non-promoter,0.0,0,0,0,0,0
ECK_1179,Non-promoter,0.0,0,0,0,0,0
ECK_1180,Non-promoter,0.0,0,0,0,0,0
ECK_1181,Non-promoter,0.0,0,0,0,0,0
ECK_1182,Non-promoter,0.0,0,0,0,0,0
ECK_1183,Non-promoter,0.0,0,0,0,0,0
ECK_1184,Non-promoter,0.0,0,0,0,0,0
ECK_1185,Non-promoter,0.0,0,0,0,0,0
ECK_1186,Non-promoter,0.0,0,0,0,0,0
ECK_1187,Non-promoter,0.0,0,0,0,0,0
ECK_1188,Non-promoter,0.0,0,0,0,0,0
ECK_1189,Non-promoter,0.0,0,0,0,0,0
ECK_1190,Non-promoter,0.0,0,0,0,0,0
ECK_1191,Non-promoter,0.0,0,0,0,0,0
ECK_1193,Non-promoter,0.0,0,0,0,0,0
ECK_1194,Non-promoter,0.0,0,0,0,0,0
ECK_1195,Non-promoter,0.0,0,0,0,0,0
ECK_1197,Non-promoter,0.0,0,0,0,0,0
ECK_1198,Non-promoter,0.0,0,0,0,0,0
ECK_1199,Non-promoter,0.0,0,0,0,0,0
ECK_1200,Non-promoter,0.0,0,0,0,0,0
ECK_1201,Non-promoter,0.0,0,0,0,0,0
ECK_1202,Non-promoter,0.0,0,0,0,0,0
ECK_1203,Non-promoter,0.0,0,0,0,0,0
ECK_1204,Non-promoter,0.0,0,0,0,0,0
ECK_1205,Non-promoter,0.0,0,0,0,0,0
ECK_1206,Non-promoter,0.0,0,0,0,0,0
ECK_1207,Non-promoter,0.0,0,0,0,0,0
ECK_1208,Non-promoter,0.0,0,0,0,0,0
ECK_1209,Non-promoter,0.0,0,0,0,0,0
ECK_1210,Non-promoter,0.0,0,0,0,0,0
ECK_1211,Non-promoter,0.0,0,0,0,0,0
ECK_1212,Non-promoter,0.0,0,0,0,0,0
ECK_1213,Non-promoter,0.0,0,0,0,0,0
ECK_1214,Non-promoter,0.0,0,0,0,0,0
ECK_1215,Non-promoter,0.0,0,0,0,0,0
ECK_1216,Non-promoter,0.0,0,0,0,0,0
ECK_1217,Non-promoter,0.0,0,0,0,0,0
ECK_1218,Non-promoter,0.0,0,0,0,0,0
ECK_1219,Non-promoter,0.0,0,0,0,0,0
ECK_1220,Non-promoter,0.0,0,0,0,0,0
ECK_1221,Non-promoter,0.0,0,0,0,0,0
ECK_1222,Non-promoter,0.0,0,0,0,0,0
ECK_1223,Non-promoter,0.0,0,0,0,0,0
ECK_1224,Non-promoter,0.0,0,0,0,0,0
ECK_1226,Non-promoter,0.0,0,0,0,0,0
ECK_1227,Non-promoter,0.0,0,0,0,0,0
ECK_1228,Non-promoter,0.0,0,0,0,0,0
ECK_1229,Non-promoter,0.0,0,0,0,0,0
ECK_1230,Non-promoter,0.0,0,0,0,0,0
ECK_1231,Non-promoter,0.0,0,0,0,0,0
ECK_1232,Non-promoter,0.0,0,0,0,0,0
ECK_1233,Non-promoter,0.0,0,0,0,0,0
ECK_1234,Non-promoter,0.0,0,0,0,0,0
ECK_1235,Non-promoter,0.0,0,0,0,0,0
ECK_1236,Non-promoter,0.0,0,0,0,0,0
ECK_1237,Non-promoter,0.0,0,0,0,0,0
ECK_1238,Non-promoter,0.0,0,0,0,0,0
ECK_1239,Non-promoter,0.0,0,0,0,0,0
ECK_1240,Non-promoter,0.0,0,0,0,0,0
ECK_1241,Non-promoter,0.0,0,0,0,0,0
ECK_1242,Non-promoter,0.0,0,0,0,0,0
ECK_1243,Non-promoter,0.0,0,0,0,0,0
ECK_1244,Non-promoter,0.0,0,0,0,0,0
ECK_1245,Non-promoter,0.0,0,0,0,0,0
ECK_1246,Non-promoter,0.0,0,0,0,0,0
ECK_1247,Non-promoter,0.0,0,0,0,0,0
ECK_1248,Non-promoter,0.0,0,0,0,0,0
ECK_1249,Non-promoter,0.0,0,0,0,0,0
ECK_1250,Non-promoter,0.0,0,0,0,0,0
ECK_1251,Non-promoter,0.0,0,0,0,0,0
ECK_1252,Non-promoter,0.0,0,0,0,0,0
ECK_1253,Non-promoter,0.0,0,0,0,0,0
ECK_1254,Non-promoter,0.0,0,0,0,0,0
ECK_1255,Non-promoter,0.0,0,0,0,0,0
ECK_1256,Non-promoter,0.0,0,0,0,0,0
ECK_1257,Non-promoter,0.0,0,0,0,0,0
ECK_1258,Non-promoter,0.0,0,0,0,0,0
ECK_1259,Non-promoter,0.0,0,0,0,0,0
ECK_1260,Non-promoter,0.0,0,0,0,0,0
ECK_1261,Non-promoter,0.0,0,0,0,0,0
ECK_1262,Non-promoter,0.0,0,0,0,0,0
ECK_1263,Non-promoter,0.0,0,0,0,0,0
ECK_1264,Non-promoter,0.0,0,0,0,0,0
ECK_1265,Non-promoter,0.0,0,0,0,0,0
ECK_1266,Non-promoter,0.0,0,0,0,0,0
ECK_1267,Non-promoter,0.0,0,0,0,0,0
ECK_1268,Non-promoter,0.0,0,0,0,0,0
ECK_1269,Non-promoter,0.0,0,0,0,0,0
ECK_1270,Non-promoter,0.0,0,0,0,0,0
ECK_1271,Non-promoter,0.0,0,0,0,0,0
ECK_1272,Non-promoter,0.0,0,0,0,0,0
ECK_1273,Non-promoter,0.0,0,0,0,0,0
ECK_1274,Non-promoter,0.0,0,0,0,0,0
ECK_1275,Non-promoter,0.0,0,0,0,0,0
ECK_1276,Non-promoter,0.0,0,0,0,0,0
ECK_1277,Non-promoter,0.0,0,0,0,0,0
ECK_1278,Non-promoter,0.0,0,0,0,0,0
ECK_1279,Non-promoter,0.0,0,0,0,0,0
ECK_1280,Non-promoter,0.0,0,0,0,0,0
ECK_1281,Non-promoter,0.0,0,0,0,0,0
ECK_1282,Non-promoter,0.0,0,0,0,0,0
ECK_1283,Non-promoter,0.0,0,0,0,0,0
ECK_1284,Non-promoter,0.0,0,0,0,0,0
ECK_1285,Non-promoter,0.0,0,0,0,0,0
ECK_1286,Non-promoter,0.0,0,0,0,0,0
ECK_1287,Non-promoter,0.0,0,0,0,0,0
ECK_1288,Non-promoter,0.0,0,0,0,0,0
ECK_1289,Non-promoter,0.0,0,0,0,0,0
ECK_1290,Non-promoter,0.0,0,0,0,0,0
ECK_1291,Non-promoter,0.0,0,0,0,0,0
ECK_1292,Non-promoter,0.0,0,0,0,0,0
ECK_1293,Non-promoter,0.0,0,0,0,0,0
ECK_1295,Non-promoter,0.0,0,0,0,0,0
ECK_1297,Non-promoter,0.0,0,0,0,0,0
ECK_1298,Non-promoter,0.0,0,0,0,0,0
ECK_1299,Non-promoter,0.0,0,0,0,0,0
ECK_1300,Non-promoter,0.0,0,0,0,0,0
ECK_1301,Non-promoter,0.0,0,0,0,0,0
ECK_1302,Non-promoter,0.0,0,0,0,0,0
ECK_1303,Non-promoter,0.0,0,0,0,0,0
ECK_1304,Non-promoter,0.0,0,0,0,0,0
ECK_1305,Non-promoter,0.0,0,0,0,0,0
ECK_1306,Non-promoter,0.0,0,0,0,0,0
ECK_1307,Non-promoter,0.0,0,0,0,0,0
ECK_1308,Non-promoter,0.0,0,0,0,0,0
ECK_1309,Non-promoter,0.0,0,0,0,0,0
ECK_1310,Non-promoter,0.0,0,0,0,0,0
ECK_1311,Non-promoter,0.0,0,0,0,0,0
ECK_1312,Non-promoter,0.0,0,0,0,0,0
ECK_1314,Non-promoter,0.0,0,0,0,0,0
ECK_1315,Non-promoter,0.0,0,0,0,0,0
ECK_1316,Non-promoter,0.0,0,0,0,0,0
ECK_1317,Non-promoter,0.0,0,0,0,0,0
ECK_1318,Non-promoter,0.0,0,0,0,0,0
ECK_1319,Non-promoter,0.0,0,0,0,0,0
ECK_1320,Non-promoter,0.0,0,0,0,0,0
ECK_1321,Non-promoter,0.0,0,0,0,0,0
ECK_1322,Non-promoter,0.0,0,0,0,0,0
ECK_1323,Non-promoter,0.0,0,0,0,0,0
ECK_1324,Non-promoter,0.0,0,0,0,0,0
ECK_1325,Non-promoter,0.0,0,0,0,0,0
ECK_1326,Non-promoter,0.0,0,0,0,0,0
ECK_1327,Non-promoter,0.0,0,0,0,0,0
ECK_1328,Non-promoter,0.0,0,0,0,0,0
ECK_1329,Non-promoter,0.0,0,0,0,0,0
ECK_1330,Non-promoter,0.0,0,0,0,0,0
ECK_1331,Non-promoter,0.0,0,0,0,0,0
ECK_1332,Non-promoter,0.0,0,0,0,0,0
ECK_1333,Non-promoter,0.0,0,0,0,0,0
ECK_1334,Non-promoter,0.0,0,0,0,0,0
ECK_1335,Non-promoter,0.0,0,0,0,0,0
ECK_1336,Non-promoter,0.0,0,0,0,0,0
ECK_1337,Non-promoter,0.0,0,0,0,0,0
ECK_1338,Non-promoter,0.0,0,0,0,0,0
ECK_1339,Non-promoter,0.0,0,0,0,0,0
ECK_1340,Non-promoter,0.0,0,0,0,0,0
ECK_1341,Non-promoter,0.0,0,0,0,0,0
ECK_1342,Non-promoter,0.0,0,0,0,0,0
ECK_1343,Non-promoter,0.0,0,0,0,0,0
ECK_1344,Non-promoter,0.0,0,0,0,0,0
ECK_1345,Non-promoter,0.0,0,0,0,0,0
ECK_1346,Non-promoter,0.0,0,0,0,0,0
ECK_1347,Non-promoter,0.0,0,0,0,0,0
ECK_1348,Non-promoter,0.0,0,0,0,0,0
ECK_1349,Non-promoter,0.0,0,0,0,0,0
ECK_1350,Non-promoter,0.0,0,0,0,0,0
ECK_1351,Non-promoter,0.0,0,0,0,0,0
ECK_1352,Non-promoter,0.0,0,0,0,0,0
ECK_1353,Non-promoter,0.0,0,0,0,0,0
ECK_1354,Non-promoter,0.0,0,0,0,0,0
ECK_1355,Non-promoter,0.0,0,0,0,0,0
ECK_1356,Non-promoter,0.0,0,0,0,0,0
ECK_1357,Non-promoter,0.0,0,0,0,0,0
ECK_1358,Non-promoter,0.0,0,0,0,0,0
ECK_1359,Non-promoter,0.0,0,0,0,0,0
ECK_1360,Non-promoter,0.0,0,0,0,0,0
ECK_1361,Non-promoter,0.0,0,0,0,0,0
ECK_1362,Non-promoter,0.0,0,0,0,0,0
ECK_1363,Non-promoter,0.0,0,0,0,0,0
ECK_1364,Non-promoter,0.0,0,0,0,0,0
ECK_1365,Non-promoter,0.0,0,0,0,0,0
ECK_1367,Non-promoter,0.0,0,0,0,0,0
ECK_1369,Non-promoter,0.0,0,0,0,0,0
ECK_1370,Non-promoter,0.0,0,0,0,0,0
ECK_1371,Non-promoter,0.0,0,0,0,0,0
ECK_1372,Non-promoter,0.0,0,0,0,0,0
ECK_1373,Non-promoter,0.0,0,0,0,0,0
ECK_1375,Non-promoter,0.0,0,0,0,0,0
ECK_1376,Non-promoter,0.0,0,0,0,0,0
ECK_1377,Non-promoter,0.0,0,0,0,0,0
ECK_1378,Non-promoter,0.0,0,0,0,0,0
ECK_1379,Non-promoter,0.0,0,0,0,0,0
ECK_1380,Non-promoter,0.0,0,0,0,0,0
ECK_1381,Non-promoter,0.0,0,0,0,0,0
ECK_1382,Non-promoter,0.0,0,0,0,0,0
ECK_1383,Non-promoter,0.0,0,0,0,0,0
ECK_1384,Non-promoter,0.0,0,0,0,0,0
ECK_1385,Non-promoter,0.0,0,0,0,0,0
ECK_1386,Non-promoter,0.0,0,0,0,0,0
ECK_1387,Non-promoter,0.0,0,0,0,0,0
ECK_1388,Non-promoter,0.0,0,0,0,0,0
ECK_1389,Non-promoter,0.0,0,0,0,0,0
ECK_1390,Non-promoter,0.0,0,0,0,0,0
ECK_1391,Non-promoter,0.0,0,0,0,0,0
ECK_1392,Non-promoter,0.0,0,0,0,0,0
ECK_1393,Non-promoter,0.0,0,0,0,0,0
ECK_1394,Non-promoter,0.0,0,0,0,0,0
ECK_1395,Non-promoter,0.0,0,0,0,0,0
ECK_1396,Non-promoter,0.0,0,0,0,0,0
ECK_1397,Non-promoter,0.0,0,0,0,0,0
ECK_1398,Non-promoter,0.0,0,0,0,0,0
ECK_1399,Non-promoter,0.0,0,0,0,0,0
ECK_1400,Non-promoter,0.0,0,0,0,0,0
ECK_1401,Non-promoter,0.0,0,0,0,0,0
ECK_1402,Non-promoter,0.0,0,0,0,0,0
ECK_1403,Non-promoter,0.0,0,0,0,0,0
ECK_1405,Non-promoter,0.0,0,0,0,0,0
ECK_1406,Non-promoter,0.0,0,0,0,0,0
ECK_1407,Non-promoter,0.0,0,0,0,0,0
ECK_1408,Non-promoter,0.0,0,0,0,0,0
ECK_1409,Non-promoter,0.0,0,0,0,0,0
ECK_1410,Non-promoter,0.0,0,0,0,0,0
ECK_1411,Non-promoter,0.0,0,0,0,0,0
ECK_1412,Non-promoter,0.0,0,0,0,0,0
ECK_1413,Non-promoter,0.0,0,0,0,0,0
ECK_1414,Non-promoter,0.0,0,0,0,0,0
ECK_1415,Non-promoter,0.0,0,0,0,0,0
ECK_1416,Non-promoter,0.0,0,0,0,0,0
ECK_1417,Non-promoter,0.0,0,0,0,0,0
ECK_1418,Non-promoter,0.0,0,0,0,0,0
ECK_1419,Non-promoter,0.0,0,0,0,0,0
ECK_1420,Non-promoter,0.0,0,0,0,0,0
ECK_1421,Non-promoter,0.0,0,0,0,0,0
ECK_1422,Non-promoter,0.0,0,0,0,0,0
ECK_1423,Non-promoter,0.0,0,0,0,0,0
ECK_1424,Non-promoter,0.0,0,0,0,0,0
ECK_1425,Non-promoter,0.0,0,0,0,0,0
ECK_1426,Non-promoter,0.0,0,0,0,0,0
ECK_1427,Non-promoter,0.0,0,0,0,0,0
ECK_1428,Non-promoter,0.0,0,0,0,0,0
ECK_1429,Non-promoter,0.0,0,0,0,0,0
ECK_1430,Non-promoter,0.0,0,0,0,0,0
ECK_1431,Non-promoter,0.0,0,0,0,0,0
ECK_1432,Non-promoter,0.0,0,0,0,0,0
ECK_1433,Non-promoter,0.0,0,0,0,0,0
ECK_1434,Non-promoter,0.0,0,0,0,0,0
ECK_1435,Non-promoter,0.0,0,0,0,0,0
ECK_1436,Non-promoter,0.0,0,0,0,0,0
ECK_1437,Non-promoter,0.0,0,0,0,0,0
ECK_1438,Non-promoter,0.0,0,0,0,0,0
ECK_1439,Non-promoter,0.0,0,0,0,0,0
ECK_1440,Non-promoter,0.0,0,0,0,0,0
ECK_1441,Non-promoter,0.0,0,0,0,0,0
ECK_1442,Non-promoter,0.0,0,0,0,0,0
ECK_1443,Non-promoter,0.0,0,0,0,0,0
ECK_1444,Non-promoter,0.0,0,0,0,0,0
ECK_1445,Non-promoter,0.0,0,0,0,0,0
ECK_1446,Non-promoter,0.0,0,0,0,0,0
ECK_1447,Non-promoter,0.0,0,0,0,0,0
ECK_1448,Non-promoter,0.0,0,0,0,0,0
ECK_1449,Non-promoter,0.0,0,0,0,0,0
ECK_1450,Non-promoter,0.0,0,0,0,0,0
ECK_1451,Non-promoter,0.0,0,0,0,0,0
ECK_1452,Non-promoter,0.0,0,0,0,0,0
ECK_1454,Non-promoter,0.0,0,0,0,0,0
ECK_1455,Non-promoter,0.0,0,0,0,0,0
ECK_1456,Non-promoter,0.0,0,0,0,0,0
ECK_1457,Non-promoter,0.0,0,0,0,0,0
ECK_1458,Non-promoter,0.0,0,0,0,0,0
ECK_1459,Non-promoter,0.0,0,0,0,0,0
ECK_1460,Non-promoter,0.0,0,0,0,0,0
ECK_1461,Non-promoter,0.0,0,0,0,0,0
ECK_1462,Non-promoter,0.0,0,0,0,0,0
ECK_1463,Non-promoter,0.0,0,0,0,0,0
ECK_1464,Non-promoter,0.0,0,0,0,0,0
ECK_1465,Non-promoter,0.0,0,0,0,0,0
ECK_1466,Non-promoter,0.0,0,0,0,0,0
ECK_1467,Non-promoter,0.0,0,0,0,0,0
ECK_1468,Non-promoter,0.0,0,0,0,0,0
ECK_1469,Non-promoter,0.0,0,0,0,0,0
ECK_1470,Non-promoter,0.0,0,0,0,0,0
ECK_1471,Non-promoter,0.0,0,0,0,0,0
ECK_1472,Non-promoter,0.0,0,0,0,0,0
ECK_1473,Non-promoter,0.0,0,0,0,0,0
ECK_1474,Non-promoter,0.0,0,0,0,0,0
ECK_1475,Non-promoter,0.0,0,0,0,0,0
ECK_1476,Non-promoter,0.0,0,0,0,0,0
ECK_1477,Non-promoter,0.0,0,0,0,0,0
ECK_1478,Non-promoter,0.0,0,0,0,0,0
ECK_1479,Non-promoter,0.0,0,0,0,0,0
ECK_1480,Non-promoter,0.0,0,0,0,0,0
ECK_1481,Non-promoter,0.0,0,0,0,0,0
ECK_1482,Non-promoter,0.0,0,0,0,0,0
ECK_1483,Non-promoter,0.0,0,0,0,0,0
ECK_1484,Non-promoter,0.0,0,0,0,0,0
ECK_1485,Non-promoter,0.0,0,0,0,0,0
ECK_1486,Non-promoter,0.0,0,0,0,0,0
ECK_1487,Non-promoter,0.0,0,0,0,0,0
ECK_1488,Non-promoter,0.0,0,0,0,0,0
ECK_1489,Non-promoter,0.0,0,0,0,0,0
ECK_1490,Non-promoter,0.0,0,0,0,0,0
ECK_1491,Non-promoter,0.0,0,0,0,0,0
ECK_1492,Non-promoter,0.0,0,0,0,0,0
ECK_1494,Non-promoter,0.0,0,0,0,0,0
ECK_1495,Non-promoter,0.0,0,0,0,0,0
ECK_1496,Non-promoter,0.0,0,0,0,0,0
ECK_1497,Non-promoter,0.0,0,0,0,0,0
ECK_1498,Non-promoter,0.0,0,0,0,0,0
ECK_1499,Non-promoter,0.0,0,0,0,0,0
ECK_1500,Non-promoter,0.0,0,0,0,0,0
ECK_1501,Non-promoter,0.0,0,0,0,0,0
ECK_1502,Non-promoter,0.0,0,0,0,0,0
ECK_1503,Non-promoter,0.0,0,0,0,0,0
ECK_1504,Non-promoter,0.0,0,0,0,0,0
ECK_1505,Non-promoter,0.0,0,0,0,0,0
ECK_1506,Non-promoter,0.0,0,0,0,0,0
ECK_1507,Non-promoter,0.0,0,0,0,0,0
ECK_1508,Non-promoter,0.0,0,0,0,0,0
ECK_1509,Non-promoter,0.0,0,0,0,0,0
ECK_1510,Non-promoter,0.0,0,0,0,0,0
ECK_1511,Non-promoter,0.0,0,0,0,0,0
ECK_1512,Non-promoter,0.0,0,0,0,0,0
ECK_1513,Non-promoter,0.0,0,0,0,0,0
ECK_1514,Non-promoter,0.0,0,0,0,0,0
ECK_1515,Non-promoter,0.0,0,0,0,0,0
ECK_1516,Non-promoter,0.0,0,0,0,0,0
ECK_1517,Non-promoter,0.0,0,0,0,0,0
ECK_1518,Non-promoter,0.0,0,0,0,0,0
ECK_1519,Non-promoter,0.0,0,0,0,0,0
ECK_1520,Non-promoter,0.0,0,0,0,0,0
ECK_1521,Non-promoter,0.0,0,0,0,0,0
ECK_1522,Non-promoter,0.0,0,0,0,0,0
ECK_1523,Non-promoter,0.0,0,0,0,0,0
ECK_1524,Non-promoter,0.0,0,0,0,0,0
ECK_1525,Non-promoter,0.0,0,0,0,0,0
ECK_1526,Non-promoter,0.0,0,0,0,0,0
ECK_1527,Non-promoter,0.0,0,0,0,0,0
ECK_1528,Non-promoter,0.0,0,0,0,0,0
ECK_1529,Non-promoter,0.0,0,0,0,0,0
ECK_1530,Non-promoter,0.0,0,0,0,0,0
ECK_1531,Non-promoter,0.0,0,0,0,0,0
ECK_1532,Non-promoter,0.0,0,0,0,0,0
ECK_1533,Non-promoter,0.0,0,0,0,0,0
ECK_1534,Non-promoter,0.0,0,0,0,0,0
ECK_1535,Non-promoter,0.0,0,0,0,0,0
ECK_1536,Non-promoter,0.0,0,0,0,0,0
ECK_1537,Non-promoter,0.0,0,0,0,0,0
ECK_1538,Non-promoter,0.0,0,0,0,0,0
ECK_1539,Non-promoter,0.0,0,0,0,0,0
ECK_1540,Non-promoter,0.0,0,0,0,0,0
ECK_1541,Non-promoter,0.0,0,0,0,0,0
ECK_1542,Non-promoter,0.0,0,0,0,0,0
ECK_1543,Non-promoter,0.0,0,0,0,0,0
ECK_1544,Non-promoter,0.0,0,0,0,0,0
ECK_1545,Non-promoter,0.0,0,0,0,0,0
ECK_1546,Non-promoter,0.0,0,0,0,0,0
ECK_1547,Non-promoter,0.0,0,0,0,0,0
ECK_1548,Non-promoter,0.0,0,0,0,0,0
ECK_1549,Non-promoter,0.0,0,0,0,0,0
ECK_1550,Non-promoter,0.0,0,0,0,0,0
ECK_1551,Non-promoter,0.0,0,0,0,0,0
ECK_1552,Non-promoter,0.0,0,0,0,0,0
ECK_1553,Non-promoter,0.0,0,0,0,0,0
ECK_1554,Non-promoter,0.0,0,0,0,0,0
ECK_1555,Non-promoter,0.0,0,0,0,0,0
ECK_1556,Non-promoter,0.0,0,0,0,0,0
ECK_1557,Non-promoter,0.0,0,0,0,0,0
ECK_1558,Non-promoter,0.0,0,0,0,0,0
ECK_1559,Non-promoter,0.0,0,0,0,0,0
ECK_1560,Non-promoter,0.0,0,0,0,0,0
ECK_1561,Non-promoter,0.0,0,0,0,0,0
ECK_1562,Non-promoter,0.0,0,0,0,0,0
ECK_1563,Non-promoter,0.0,0,0,0,0,0
ECK_1564,Non-promoter,0.0,0,0,0,0,0
ECK_1565,Non-promoter,0.0,0,0,0,0,0
ECK_1566,Non-promoter,0.0,0,0,0,0,0
ECK_1567,Non-promoter,0.0,0,0,0,0,0
ECK_1568,Non-promoter,0.0,0,0,0,0,0
ECK_1569,Non-promoter,0.0,0,0,0,0,0
ECK_1570,Non-promoter,0.0,0,0,0,0,0
ECK_1571,Non-promoter,0.0,0,0,0,0,0
ECK_1572,Non-promoter,0.0,0,0,0,0,0
ECK_1573,Non-promoter,0.0,0,0,0,0,0
ECK_1574,Non-promoter,0.0,0,0,0,0,0
ECK_1575,Non-promoter,0.0,0,0,0,0,0
ECK_1576,Non-promoter,0.0,0,0,0,0,0
ECK_1577,Non-promoter,0.0,0,0,0,0,0
ECK_1578,Non-promoter,0.0,0,0,0,0,0
ECK_1579,Non-promoter,0.0,0,0,0,0,0
ECK_1580,Non-promoter,0.0,0,0,0,0,0
ECK_1581,Non-promoter,0.0,0,0,0,0,0
ECK_1582,Non-promoter,0.0,0,0,0,0,0
ECK_1583,Non-promoter,0.0,0,0,0,0,0
ECK_1584,Non-promoter,0.0,0,0,0,0,0
ECK_1585,Non-promoter,0.0,0,0,0,0,0
ECK_1586,Non-promoter,0.0,0,0,0,0,0
ECK_1587,Non-promoter,0.0,0,0,0,0,0
ECK_1588,Non-promoter,0.0,0,0,0,0,0
ECK_1589,Non-promoter,0.0,0,0,0,0,0
ECK_1590,Non-promoter,0.0,0,0,0,0,0
ECK_1591,Non-promoter,0.0,0,0,0,0,0
ECK_1592,Non-promoter,0.0,0,0,0,0,0
ECK_1593,Non-promoter,0.0,0,0,0,0,0
ECK_1594,Non-promoter,0.0,0,0,0,0,0
ECK_1595,Non-promoter,0.0,0,0,0,0,0
ECK_1596,Non-promoter,0.0,0,0,0,0,0
ECK_1597,Non-promoter,0.0,0,0,0,0,0
ECK_1598,Non-promoter,0.0,0,0,0,0,0
ECK_1599,Non-promoter,0.0,0,0,0,0,0
ECK_1600,Non-promoter,0.0,0,0,0,0,0
ECK_1601,Non-promoter,0.0,0,0,0,0,0
ECK_1602,Non-promoter,0.0,0,0,0,0,0
ECK_1603,Non-promoter,0.0,0,0,0,0,0
ECK_1604,Non-promoter,0.0,0,0,0,0,0
ECK_1605,Non-promoter,0.0,0,0,0,0,0
ECK_1606,Non-promoter,0.0,0,0,0,0,0
ECK_1607,Non-promoter,0.0,0,0,0,0,0
ECK_1608,Non-promoter,0.0,0,0,0,0,0
ECK_1609,Non-promoter,0.0,0,0,0,0,0
ECK_1611,Non-promoter,0.0,0,0,0,0,0
ECK_1612,Non-promoter,0.0,0,0,0,0,0
ECK_1613,Non-promoter,0.0,0,0,0,0,0
ECK_1614,Non-promoter,0.0,0,0,0,0,0
ECK_1615,Non-promoter,0.0,0,0,0,0,0
ECK_1616,Non-promoter,0.0,0,0,0,0,0
ECK_1617,Non-promoter,0.0,0,0,0,0,0
ECK_1618,Non-promoter,0.0,0,0,0,0,0
ECK_1619,Non-promoter,0.0,0,0,0,0,0
ECK_1620,Non-promoter,0.0,0,0,0,0,0
ECK_1621,Non-promoter,0.0,0,0,0,0,0
ECK_1622,Non-promoter,0.0,0,0,0,0,0
ECK_1623,Non-promoter,0.0,0,0,0,0,0
ECK_1624,Non-promoter,0.0,0,0,0,0,0
ECK_1625,Non-promoter,0.0,0,0,0,0,0
ECK_1626,Non-promoter,0.0,0,0,0,0,0
ECK_1627,Non-promoter,0.0,0,0,0,0,0
ECK_1628,Non-promoter,0.0,0,0,0,0,0
ECK_1629,Non-promoter,0.0,0,0,0,0,0
ECK_1630,Non-promoter,0.0,0,0,0,0,0
ECK_1631,Non-promoter,0.0,0,0,0,0,0
ECK_1632,Non-promoter,0.0,0,0,0,0,0
ECK_1633,Non-promoter,0.0,0,0,0,0,0
ECK_1634,Non-promoter,0.0,0,0,0,0,0
ECK_1635,Non-promoter,0.0,0,0,0,0,0
ECK_1636,Non-promoter,0.0,0,0,0,0,0
ECK_1637,Non-promoter,0.0,0,0,0,0,0
ECK_1638,Non-promoter,0.0,0,0,0,0,0
ECK_1639,Non-promoter,0.0,0,0,0,0,0
ECK_1640,Non-promoter,0.0,0,0,0,0,0
ECK_1641,Non-promoter,0.0,0,0,0,0,0
ECK_1642,Non-promoter,0.0,0,0,0,0,0
ECK_1643,Non-promoter,0.0,0,0,0,0,0
ECK_1644,Non-promoter,0.0,0,0,0,0,0
ECK_1645,Non-promoter,0.0,0,0,0,0,0
ECK_1646,Non-promoter,0.0,0,0,0,0,0
ECK_1647,Non-promoter,0.0,0,0,0,0,0
ECK_1648,Non-promoter,0.0,0,0,0,0,0
ECK_1649,Non-promoter,0.0,0,0,0,0,0
ECK_1650,Non-promoter,0.0,0,0,0,0,0
ECK_1651,Non-promoter,0.0,0,0,0,0,0
ECK_1652,Non-promoter,0.0,0,0,0,0,0
ECK_1653,Non-promoter,0.0,0,0,0,0,0
ECK_1654,Non-promoter,0.0,0,0,0,0,0
ECK_1655,Non-promoter,0.0,0,0,0,0,0
ECK_1656,Non-promoter,0.0,0,0,0,0,0
ECK_1657,Non-promoter,0.0,0,0,0,0,0
ECK_1658,Non-promoter,0.0,0,0,0,0,0
ECK_1659,Non-promoter,0.0,0,0,0,0,0
ECK_1660,Non-promoter,0.0,0,0,0,0,0
ECK_1661,Non-promoter,0.0,0,0,0,0,0
ECK_1662,Non-promoter,0.0,0,0,0,0,0
ECK_1663,Non-promoter,0.0,0,0,0,0,0
ECK_1664,Non-promoter,0.0,0,0,0,0,0
ECK_1665,Non-promoter,0.0,0,0,0,0,0
ECK_1666,Non-promoter,0.0,0,0,0,0,0
ECK_1667,Non-promoter,0.0,0,0,0,0,0
ECK_1668,Non-promoter,0.0,0,0,0,0,0
ECK_1669,Non-promoter,0.0,0,0,0,0,0
ECK_1670,Non-promoter,0.0,0,0,0,0,0
ECK_1671,Non-promoter,0.0,0,0,0,0,0
ECK_1672,Non-promoter,0.0,0,0,0,0,0
ECK_1673,Non-promoter,0.0,0,0,0,0,0
ECK_1674,Non-promoter,0.0,0,0,0,0,0
ECK_1675,Non-promoter,0.0,0,0,0,0,0
ECK_1676,Non-promoter,0.0,0,0,0,0,0
ECK_1677,Non-promoter,0.0,0,0,0,0,0
ECK_1678,Non-promoter,0.0,0,0,0,0,0
ECK_1679,Non-promoter,0.0,0,0,0,0,0
ECK_1681,Non-promoter,0.0,0,0,0,0,0
ECK_1682,Non-promoter,0.0,0,0,0,0,0
ECK_1683,Non-promoter,0.0,0,0,0,0,0
ECK_1684,Non-promoter,0.0,0,0,0,0,0
ECK_1685,Non-promoter,0.0,0,0,0,0,0
ECK_1686,Non-promoter,0.0,0,0,0,0,0
ECK_1687,Non-promoter,0.0,0,0,0,0,0
ECK_1688,Non-promoter,0.0,0,0,0,0,0
ECK_1689,Non-promoter,0.0,0,0,0,0,0
ECK_1690,Non-promoter,0.0,0,0,0,0,0
ECK_1691,Non-promoter,0.0,0,0,0,0,0
ECK_1692,Non-promoter,0.0,0,0,0,0,0
ECK_1693,Non-promoter,0.0,0,0,0,0,0
ECK_1694,Non-promoter,0.0,0,0,0,0,0
ECK_1695,Non-promoter,0.0,0,0,0,0,0
ECK_1696,Non-promoter,0.0,0,0,0,0,0
ECK_1698,Non-promoter,0.0,0,0,0,0,0
ECK_1699,Non-promoter,0.0,0,0,0,0,0
ECK_1700,Non-promoter,0.0,0,0,0,0,0
ECK_1701,Non-promoter,0.0,0,0,0,0,0
ECK_1702,Non-promoter,0.0,0,0,0,0,0
ECK_1703,Non-promoter,0.0,0,0,0,0,0
ECK_1704,Non-promoter,0.0,0,0,0,0,0
ECK_1705,Non-promoter,0.0,0,0,0,0,0
ECK_1706,Non-promoter,0.0,0,0,0,0,0
ECK_1707,Non-promoter,0.0,0,0,0,0,0
ECK_1708,Non-promoter,0.0,0,0,0,0,0
ECK_1709,Non-promoter,0.0,0,0,0,0,0
ECK_1710,Non-promoter,0.0,0,0,0,0,0
ECK_1711,Non-promoter,0.0,0,0,0,0,0
ECK_1712,Non-promoter,0.0,0,0,0,0,0
ECK_1713,Non-promoter,0.0,0,0,0,0,0
ECK_1714,Non-promoter,0.0,0,0,0,0,0
ECK_1715,Non-promoter,0.0,0,0,0,0,0
ECK_1716,Non-promoter,0.0,0,0,0,0,0
ECK_1717,Non-promoter,0.0,0,0,0,0,0
ECK_1718,Non-promoter,0.0,0,0,0,0,0
ECK_1719,Non-promoter,0.0,0,0,0,0,0
ECK_1720,Non-promoter,0.0,0,0,0,0,0
ECK_1721,Non-promoter,0.0,0,0,0,0,0
ECK_1722,Non-promoter,0.0,0,0,0,0,0
ECK_1723,Non-promoter,0.0,0,0,0,0,0
ECK_1724,Non-promoter,0.0,0,0,0,0,0
ECK_1725,Non-promoter,0.0,0,0,0,0,0
ECK_1726,Non-promoter,0.0,0,0,0,0,0
ECK_1727,Non-promoter,0.0,0,0,0,0,0
ECK_1728,Non-promoter,0.0,0,0,0,0,0
ECK_1729,Non-promoter,0.0,0,0,0,0,0
ECK_1730,Non-promoter,0.0,0,0,0,0,0
ECK_1731,Non-promoter,0.0,0,0,0,0,0
ECK_1733,Non-promoter,0.0,0,0,0,0,0
ECK_1734,Non-promoter,0.0,0,0,0,0,0
ECK_1735,Non-promoter,0.0,0,0,0,0,0
ECK_1736,Non-promoter,0.0,0,0,0,0,0
ECK_1737,Non-promoter,0.0,0,0,0,0,0
ECK_1738,Non-promoter,0.0,0,0,0,0,0
ECK_1739,Non-promoter,0.0,0,0,0,0,0
ECK_1740,Non-promoter,0.0,0,0,0,0,0
ECK_1741,Non-promoter,0.0,0,0,0,0,0
ECK_1742,Non-promoter,0.0,0,0,0,0,0
ECK_1743,Non-promoter,0.0,0,0,0,0,0
ECK_1744,Non-promoter,0.0,0,0,0,0,0
ECK_1745,Non-promoter,0.0,0,0,0,0,0
ECK_1746,Non-promoter,0.0,0,0,0,0,0
ECK_1747,Non-promoter,0.0,0,0,0,0,0
ECK_1748,Non-promoter,0.0,0,0,0,0,0
ECK_1749,Non-promoter,0.0,0,0,0,0,0
ECK_1750,Non-promoter,0.0,0,0,0,0,0
ECK_1751,Non-promoter,0.0,0,0,0,0,0
ECK_1752,Non-promoter,0.0,0,0,0,0,0
ECK_1754,Non-promoter,0.0,0,0,0,0,0
ECK_1755,Non-promoter,0.0,0,0,0,0,0
ECK_1756,Non-promoter,0.0,0,0,0,0,0
ECK_1757,Non-promoter,0.0,0,0,0,0,0
ECK_1758,Non-promoter,0.0,0,0,0,0,0
ECK_1759,Non-promoter,0.0,0,0,0,0,0
ECK_1760,Non-promoter,0.0,0,0,0,0,0
ECK_1761,Non-promoter,0.0,0,0,0,0,0
ECK_1762,Non-promoter,0.0,0,0,0,0,0
ECK_1763,Non-promoter,0.0,0,0,0,0,0
ECK_1764,Non-promoter,0.0,0,0,0,0,0
ECK_1765,Non-promoter,0.0,0,0,0,0,0
ECK_1766,Non-promoter,0.0,0,0,0,0,0
ECK_1767,Non-promoter,0.0,0,0,0,0,0
ECK_1768,Non-promoter,0.0,0,0,0,0,0
ECK_1769,Non-promoter,0.0,0,0,0,0,0
ECK_1770,Non-promoter,0.0,0,0,0,0,0
ECK_1771,Non-promoter,0.0,0,0,0,0,0
ECK_1772,Non-promoter,0.0,0,0,0,0,0
ECK_1773,Non-promoter,0.0,0,0,0,0,0
ECK_1774,Non-promoter,0.0,0,0,0,0,0
ECK_1775,Non-promoter,0.0,0,0,0,0,0
ECK_1776,Non-promoter,0.0,0,0,0,0,0
ECK_1777,Non-promoter,0.0,0,0,0,0,0
ECK_1778,Non-promoter,0.0,0,0,0,0,0
ECK_1779,Non-promoter,0.0,0,0,0,0,0
ECK_1780,Non-promoter,0.0,0,0,0,0,0
ECK_1781,Non-promoter,0.0,0,0,0,0,0
ECK_1782,Non-promoter,0.0,0,0,0,0,0
ECK_1783,Non-promoter,0.0,0,0,0,0,0
ECK_1784,Non-promoter,0.0,0,0,0,0,0
ECK_1785,Non-promoter,0.0,0,0,0,0,0
ECK_1786,Non-promoter,0.0,0,0,0,0,0
ECK_1787,Non-promoter,0.0,0,0,0,0,0
ECK_1788,Non-promoter,0.0,0,0,0,0,0
ECK_1789,Non-promoter,0.0,0,0,0,0,0
ECK_1790,Non-promoter,0.0,0,0,0,0,0
ECK_1791,Non-promoter,0.0,0,0,0,0,0
ECK_1792,Non-promoter,0.0,0,0,0,0,0
ECK_1793,Non-promoter,0.0,0,0,0,0,0
ECK_1794,Non-promoter,0.0,0,0,0,0,0
ECK_1795,Non-promoter,0.0,0,0,0,0,0
ECK_1796,Non-promoter,0.0,0,0,0,0,0
ECK_1797,Non-promoter,0.0,0,0,0,0,0
ECK_1798,Non-promoter,0.0,0,0,0,0,0
ECK_1799,Non-promoter,0.0,0,0,0,0,0
ECK_1800,Non-promoter,0.0,0,0,0,0,0
ECK_1801,Non-promoter,0.0,0,0,0,0,0
ECK_1802,Non-promoter,0.0,0,0,0,0,0
ECK_1803,Non-promoter,0.0,0,0,0,0,0
ECK_1804,Non-promoter,0.0,0,0,0,0,0
ECK_1805,Non-promoter,0.0,0,0,0,0,0
ECK_1806,Non-promoter,0.0,0,0,0,0,0
ECK_1807,Non-promoter,0.0,0,0,0,0,0
ECK_1808,Non-promoter,0.0,0,0,0,0,0
ECK_1809,Non-promoter,0.0,0,0,0,0,0
ECK_1811,Non-promoter,0.0,0,0,0,0,0
ECK_1812,Non-promoter,0.0,0,0,0,0,0
ECK_1813,Non-promoter,0.0,0,0,0,0,0
ECK_1814,Non-promoter,0.0,0,0,0,0,0
ECK_1815,Non-promoter,0.0,0,0,0,0,0
ECK_1816,Non-promoter,0.0,0,0,0,0,0
ECK_1817,Non-promoter,0.0,0,0,0,0,0
ECK_1818,Non-promoter,0.0,0,0,0,0,0
ECK_1819,Non-promoter,0.0,0,0,0,0,0
ECK_1820,Non-promoter,0.0,0,0,0,0,0
ECK_1822,Non-promoter,0.0,0,0,0,0,0
ECK_1823,Non-promoter,0.0,0,0,0,0,0
ECK_1825,Non-promoter,0.0,0,0,0,0,0
ECK_1826,Non-promoter,0.0,0,0,0,0,0
ECK_1827,Non-promoter,0.0,0,0,0,0,0
ECK_1828,Non-promoter,0.0,0,0,0,0,0
ECK_1829,Non-promoter,0.0,0,0,0,0,0
ECK_1830,Non-promoter,0.0,0,0,0,0,0
ECK_1831,Non-promoter,0.0,0,0,0,0,0
ECK_1832,Non-promoter,0.0,0,0,0,0,0
ECK_1833,Non-promoter,0.0,0,0,0,0,0
ECK_1834,Non-promoter,0.0,0,0,0,0,0
ECK_1835,Non-promoter,0.0,0,0,0,0,0
ECK_1836,Non-promoter,0.0,0,0,0,0,0
ECK_1837,Non-promoter,0.0,0,0,0,0,0
ECK_1838,Non-promoter,0.0,0,0,0,0,0
ECK_1839,Non-promoter,0.0,0,0,0,0,0
ECK_1840,Non-promoter,0.0,0,0,0,0,0
ECK_1841,Non-promoter,0.0,0,0,0,0,0
ECK_1842,Non-promoter,0.0,0,0,0,0,0
ECK_1843,Non-promoter,0.0,0,0,0,0,0
ECK_1844,Non-promoter,0.0,0,0,0,0,0
ECK_1845,Non-promoter,0.0,0,0,0,0,0
ECK_1846,Non-promoter,0.0,0,0,0,0,0
ECK_1847,Non-promoter,0.0,0,0,0,0,0
ECK_1848,Non-promoter,0.0,0,0,0,0,0
ECK_1849,Non-promoter,0.0,0,0,0,0,0
ECK_1850,Non-promoter,0.0,0,0,0,0,0
ECK_1851,Non-promoter,0.0,0,0,0,0,0
ECK_1852,Non-promoter,0.0,0,0,0,0,0
ECK_1854,Non-promoter,0.0,0,0,0,0,0
ECK_1855,Non-promoter,0.0,0,0,0,0,0
ECK_1857,Non-promoter,0.0,0,0,0,0,0
ECK_1858,Non-promoter,0.0,0,0,0,0,0
ECK_1861,Non-promoter,0.0,0,0,0,0,0
ECK_1862,Non-promoter,0.0,0,0,0,0,0
ECK_1863,Non-promoter,0.0,0,0,0,0,0
ECK_1864,Non-promoter,0.0,0,0,0,0,0
ECK_1865,Non-promoter,0.0,0,0,0,0,0
ECK_1866,Non-promoter,0.0,0,0,0,0,0
ECK_1867,Non-promoter,0.0,0,0,0,0,0
ECK_1868,Non-promoter,0.0,0,0,0,0,0
ECK_1869,Non-promoter,0.0,0,0,0,0,0
ECK_1870,Non-promoter,0.0,0,0,0,0,0
ECK_1871,Non-promoter,0.0,0,0,0,0,0
ECK_1872,Non-promoter,0.0,0,0,0,0,0
ECK_1873,Non-promoter,0.0,0,0,0,0,0
ECK_1874,Non-promoter,0.0,0,0,0,0,0
ECK_1875,Non-promoter,0.0,0,0,0,0,0
ECK_1876,Non-promoter,0.0,0,0,0,0,0
ECK_1877,Non-promoter,0.0,0,0,0,0,0
ECK_1878,Non-promoter,0.0,0,0,0,0,0
ECK_1879,Non-promoter,0.0,0,0,0,0,0
ECK_1880,Non-promoter,0.0,0,0,0,0,0
ECK_1881,Non-promoter,0.0,0,0,0,0,0
ECK_1882,Non-promoter,0.0,0,0,0,0,0
ECK_1883,Non-promoter,0.0,0,0,0,0,0
ECK_1884,Non-promoter,0.0,0,0,0,0,0
ECK_1885,Non-promoter,0.0,0,0,0,0,0
ECK_1886,Non-promoter,0.0,0,0,0,0,0
ECK_1887,Non-promoter,0.0,0,0,0,0,0
ECK_1888,Non-promoter,0.0,0,0,0,0,0
ECK_1889,Non-promoter,0.0,0,0,0,0,0
ECK_1890,Non-promoter,0.0,0,0,0,0,0
ECK_1891,Non-promoter,0.0,0,0,0,0,0
ECK_1892,Non-promoter,0.0,0,0,0,0,0
ECK_1893,Non-promoter,0.0,0,0,0,0,0
ECK_1894,Non-promoter,0.0,0,0,0,0,0
ECK_1895,Non-promoter,0.0,0,0,0,0,0
ECK_1896,Non-promoter,0.0,0,0,0,0,0
ECK_1897,Non-promoter,0.0,0,0,0,0,0
ECK_1898,Non-promoter,0.0,0,0,0,0,0
ECK_1899,Non-promoter,0.0,0,0,0,0,0
ECK_1900,Non-promoter,0.0,0,0,0,0,0
ECK_1901,Non-promoter,0.0,0,0,0,0,0
ECK_1903,Non-promoter,0.0,0,0,0,0,0
ECK_1904,Non-promoter,0.0,0,0,0,0,0
ECK_1905,Non-promoter,0.0,0,0,0,0,0
ECK_1906,Non-promoter,0.0,0,0,0,0,0
ECK_1907,Non-promoter,0.0,0,0,0,0,0
ECK_1908,Non-promoter,0.0,0,0,0,0,0
ECK_1909,Non-promoter,0.0,0,0,0,0,0
ECK_1910,Non-promoter,0.0,0,0,0,0,0
ECK_1911,Non-promoter,0.0,0,0,0,0,0
ECK_1912,Non-promoter,0.0,0,0,0,0,0
ECK_1913,Non-promoter,0.0,0,0,0,0,0
ECK_1914,Non-promoter,0.0,0,0,0,0,0
ECK_1915,Non-promoter,0.0,0,0,0,0,0
ECK_1916,Non-promoter,0.0,0,0,0,0,0
ECK_1917,Non-promoter,0.0,0,0,0,0,0
ECK_1918,Non-promoter,0.0,0,0,0,0,0
ECK_1919,Non-promoter,0.0,0,0,0,0,0
ECK_1920,Non-promoter,0.0,0,0,0,0,0
ECK_1921,Non-promoter,0.0,0,0,0,0,0
ECK_1922,Non-promoter,0.0,0,0,0,0,0
ECK_1923,Non-promoter,0.0,0,0,0,0,0
ECK_1924,Non-promoter,0.0,0,0,0,0,0
ECK_1925,Non-promoter,0.0,0,0,0,0,0
ECK_1926,Non-promoter,0.0,0,0,0,0,0
ECK_1927,Non-promoter,0.0,0,0,0,0,0
ECK_1928,Non-promoter,0.0,0,0,0,0,0
ECK_1929,Non-promoter,0.0,0,0,0,0,0
ECK_1930,Non-promoter,0.0,0,0,0,0,0
ECK_1931,Non-promoter,0.0,0,0,0,0,0
ECK_1932,Non-promoter,0.0,0,0,0,0,0
ECK_1933,Non-promoter,0.0,0,0,0,0,0
ECK_1934,Non-promoter,0.0,0,0,0,0,0
ECK_1935,Non-promoter,0.0,0,0,0,0,0
ECK_1936,Non-promoter,0.0,0,0,0,0,0
ECK_1937,Non-promoter,0.0,0,0,0,0,0
ECK_1938,Non-promoter,0.0,0,0,0,0,0
ECK_1939,Non-promoter,0.0,0,0,0,0,0
ECK_1940,Non-promoter,0.0,0,0,0,0,0
ECK_1941,Non-promoter,0.0,0,0,0,0,0
ECK_1942,Non-promoter,0.0,0,0,0,0,0
ECK_1943,Non-promoter,0.0,0,0,0,0,0
ECK_1944,Non-promoter,0.0,0,0,0,0,0
ECK_1945,Non-promoter,0.0,0,0,0,0,0
ECK_1946,Non-promoter,0.0,0,0,0,0,0
ECK_1947,Non-promoter,0.0,0,0,0,0,0
ECK_1948,Non-promoter,0.0,0,0,0,0,0
ECK_1949,Non-promoter,0.0,0,0,0,0,0
ECK_1950,Non-promoter,0.0,0,0,0,0,0
ECK_1951,Non-promoter,0.0,0,0,0,0,0
ECK_1952,Non-promoter,0.0,0,0,0,0,0
ECK_1953,Non-promoter,0.0,0,0,0,0,0
ECK_1954,Non-promoter,0.0,0,0,0,0,0
ECK_1955,Non-promoter,0.0,0,0,0,0,0
ECK_1956,Non-promoter,0.0,0,0,0,0,0
ECK_1957,Non-promoter,0.0,0,0,0,0,0
ECK_1958,Non-promoter,0.0,0,0,0,0,0
ECK_1959,Non-promoter,0.0,0,0,0,0,0
ECK_1960,Non-promoter,0.0,0,0,0,0,0
ECK_1961,Non-promoter,0.0,0,0,0,0,0
ECK_1962,Non-promoter,0.0,0,0,0,0,0
ECK_1963,Non-promoter,0.0,0,0,0,0,0
ECK_1964,Non-promoter,0.0,0,0,0,0,0
ECK_1966,Non-promoter,0.0,0,0,0,0,0
ECK_1967,Non-promoter,0.0,0,0,0,0,0
ECK_1968,Non-promoter,0.0,0,0,0,0,0
ECK_1969,Non-promoter,0.0,0,0,0,0,0
ECK_1970,Non-promoter,0.0,0,0,0,0,0
ECK_1971,Non-promoter,0.0,0,0,0,0,0
ECK_1972,Non-promoter,0.0,0,0,0,0,0
ECK_1973,Non-promoter,0.0,0,0,0,0,0
ECK_1974,Non-promoter,0.0,0,0,0,0,0
ECK_1975,Non-promoter,0.0,0,0,0,0,0
ECK_1976,Non-promoter,0.0,0,0,0,0,0
ECK_1977,Non-promoter,0.0,0,0,0,0,0
ECK_1978,Non-promoter,0.0,0,0,0,0,0
ECK_1979,Non-promoter,0.0,0,0,0,0,0
ECK_1981,Non-promoter,0.0,0,0,0,0,0
ECK_1982,Non-promoter,0.0,0,0,0,0,0
ECK_1983,Non-promoter,0.0,0,0,0,0,0
ECK_1984,Non-promoter,0.0,0,0,0,0,0
ECK_1985,Non-promoter,0.0,0,0,0,0,0
ECK_1986,Non-promoter,0.0,0,0,0,0,0
ECK_1987,Non-promoter,0.0,0,0,0,0,0
ECK_1988,Non-promoter,0.0,0,0,0,0,0
ECK_1989,Non-promoter,0.0,0,0,0,0,0
ECK_1990,Non-promoter,0.0,0,0,0,0,0
ECK_1991,Non-promoter,0.0,0,0,0,0,0
ECK_1992,Non-promoter,0.0,0,0,0,0,0
ECK_1993,Non-promoter,0.0,0,0,0,0,0
ECK_1994,Non-promoter,0.0,0,0,0,0,0
ECK_1995,Non-promoter,0.0,0,0,0,0,0
ECK_1996,Non-promoter,0.0,0,0,0,0,0
ECK_1997,Non-promoter,0.0,0,0,0,0,0
ECK_1998,Non-promoter,0.0,0,0,0,0,0
ECK_1999,Non-promoter,0.0,0,0,0,0,0
ECK_2000,Non-promoter,0.0,0,0,0,0,0
ECK_2001,Non-promoter,0.0,0,0,0,0,0
ECK_2002,Non-promoter,0.0,0,0,0,0,0
ECK_2003,Non-promoter,0.0,0,0,0,0,0
ECK_2004,Non-promoter,0.0,0,0,0,0,0
ECK_2005,Non-promoter,0.0,0,0,0,0,0
ECK_2006,Non-promoter,0.0,0,0,0,0,0
ECK_2007,Non-promoter,0.0,0,0,0,0,0
ECK_2008,Non-promoter,0.0,0,0,0,0,0
ECK_2009,Non-promoter,0.0,0,0,0,0,0
ECK_2010,Non-promoter,0.0,0,0,0,0,0
ECK_2011,Non-promoter,0.0,0,0,0,0,0
ECK_2012,Non-promoter,0.0,0,0,0,0,0
ECK_2014,Non-promoter,0.0,0,0,0,0,0
ECK_2015,Non-promoter,0.0,0,0,0,0,0
ECK_2016,Non-promoter,0.0,0,0,0,0,0
ECK_2017,Non-promoter,0.0,0,0,0,0,0
ECK_2018,Non-promoter,0.0,0,0,0,0,0
ECK_2019,Non-promoter,0.0,0,0,0,0,0
ECK_2020,Non-promoter,0.0,0,0,0,0,0
ECK_2021,Non-promoter,0.0,0,0,0,0,0
ECK_2022,Non-promoter,0.0,0,0,0,0,0
ECK_2023,Non-promoter,0.0,0,0,0,0,0
ECK_2024,Non-promoter,0.0,0,0,0,0,0
ECK_2025,Non-promoter,0.0,0,0,0,0,0
ECK_2026,Non-promoter,0.0,0,0,0,0,0
ECK_2027,Non-promoter,0.0,0,0,0,0,0
ECK_2028,Non-promoter,0.0,0,0,0,0,0
ECK_2029,Non-promoter,0.0,0,0,0,0,0
ECK_2030,Non-promoter,0.0,0,0,0,0,0
ECK_2031,Non-promoter,0.0,0,0,0,0,0
ECK_2032,Non-promoter,0.0,0,0,0,0,0
ECK_2033,Non-promoter,0.0,0,0,0,0,0
ECK_2034,Non-promoter,0.0,0,0,0,0,0
ECK_2035,Non-promoter,0.0,0,0,0,0,0
ECK_2036,Non-promoter,0.0,0,0,0,0,0
ECK_2037,Non-promoter,0.0,0,0,0,0,0
ECK_2038,Non-promoter,0.0,0,0,0,0,0
ECK_2039,Non-promoter,0.0,0,0,0,0,0
ECK_2040,Non-promoter,0.0,0,0,0,0,0
ECK_2041,Non-promoter,0.0,0,0,0,0,0
ECK_2042,Non-promoter,0.0,0,0,0,0,0
ECK_2043,Non-promoter,0.0,0,0,0,0,0
ECK_2044,Non-promoter,0.0,0,0,0,0,0
ECK_2045,Non-promoter,0.0,0,0,0,0,0
ECK_2046,Non-promoter,0.0,0,0,0,0,0
ECK_2047,Non-promoter,0.0,0,0,0,0,0
ECK_2048,Non-promoter,0.0,0,0,0,0,0
ECK_2049,Non-promoter,0.0,0,0,0,0,0
ECK_2050,Non-promoter,0.0,0,0,0,0,0
ECK_2051,Non-promoter,0.0,0,0,0,0,0
ECK_2052,Non-promoter,0.0,0,0,0,0,0
ECK_2053,Non-promoter,0.0,0,0,0,0,0
ECK_2054,Non-promoter,0.0,0,0,0,0,0
ECK_2055,Non-promoter,0.0,0,0,0,0,0
ECK_2056,Non-promoter,0.0,0,0,0,0,0
ECK_2057,Non-promoter,0.0,0,0,0,0,0
ECK_2058,Non-promoter,0.0,0,0,0,0,0
ECK_2059,Non-promoter,0.0,0,0,0,0,0
ECK_2060,Non-promoter,0.0,0,0,0,0,0
ECK_2061,Non-promoter,0.0,0,0,0,0,0
ECK_2062,Non-promoter,0.0,0,0,0,0,0
ECK_2063,Non-promoter,0.0,0,0,0,0,0
ECK_2064,Non-promoter,0.0,0,0,0,0,0
ECK_2065,Non-promoter,0.0,0,0,0,0,0
ECK_2066,Non-promoter,0.0,0,0,0,0,0
ECK_2067,Non-promoter,0.0,0,0,0,0,0
ECK_2068,Non-promoter,0.0,0,0,0,0,0
ECK_2069,Non-promoter,0.0,0,0,0,0,0
ECK_2070,Non-promoter,0.0,0,0,0,0,0
ECK_2071,Non-promoter,0.0,0,0,0,0,0
ECK_2072,Non-promoter,0.0,0,0,0,0,0
ECK_2073,Non-promoter,0.0,0,0,0,0,0
ECK_2074,Non-promoter,0.0,0,0,0,0,0
ECK_2075,Non-promoter,0.0,0,0,0,0,0
ECK_2076,Non-promoter,0.0,0,0,0,0,0
ECK_2078,Non-promoter,0.0,0,0,0,0,0
ECK_2079,Non-promoter,0.0,0,0,0,0,0
ECK_2080,Non-promoter,0.0,0,0,0,0,0
ECK_2081,Non-promoter,0.0,0,0,0,0,0
ECK_2082,Non-promoter,0.0,0,0,0,0,0
ECK_2083,Non-promoter,0.0,0,0,0,0,0
ECK_2084,Non-promoter,0.0,0,0,0,0,0
ECK_2085,Non-promoter,0.0,0,0,0,0,0
ECK_2086,Non-promoter,0.0,0,0,0,0,0
ECK_2087,Non-promoter,0.0,0,0,0,0,0
ECK_2088,Non-promoter,0.0,0,0,0,0,0
ECK_2089,Non-promoter,0.0,0,0,0,0,0
ECK_2090,Non-promoter,0.0,0,0,0,0,0
ECK_2091,Non-promoter,0.0,0,0,0,0,0
ECK_2092,Non-promoter,0.0,0,0,0,0,0
ECK_2093,Non-promoter,0.0,0,0,0,0,0
ECK_2094,Non-promoter,0.0,0,0,0,0,0
ECK_2095,Non-promoter,0.0,0,0,0,0,0
ECK_2096,Non-promoter,0.0,0,0,0,0,0
ECK_2097,Non-promoter,0.0,0,0,0,0,0
ECK_2099,Non-promoter,0.0,0,0,0,0,0
ECK_2100,Non-promoter,0.0,0,0,0,0,0
ECK_2101,Non-promoter,0.0,0,0,0,0,0
ECK_2102,Non-promoter,0.0,0,0,0,0,0
ECK_2104,Non-promoter,0.0,0,0,0,0,0
ECK_2105,Non-promoter,0.0,0,0,0,0,0
ECK_2106,Non-promoter,0.0,0,0,0,0,0
ECK_2107,Non-promoter,0.0,0,0,0,0,0
ECK_2108,Non-promoter,0.0,0,0,0,0,0
ECK_2109,Non-promoter,0.0,0,0,0,0,0
ECK_2110,Non-promoter,0.0,0,0,0,0,0
ECK_2111,Non-promoter,0.0,0,0,0,0,0
ECK_2112,Non-promoter,0.0,0,0,0,0,0
ECK_2113,Non-promoter,0.0,0,0,0,0,0
ECK_2114,Non-promoter,0.0,0,0,0,0,0
ECK_2115,Non-promoter,0.0,0,0,0,0,0
ECK_2116,Non-promoter,0.0,0,0,0,0,0
ECK_2117,Non-promoter,0.0,0,0,0,0,0
ECK_2118,Non-promoter,0.0,0,0,0,0,0
ECK_2119,Non-promoter,0.0,0,0,0,0,0
ECK_2120,Non-promoter,0.0,0,0,0,0,0
ECK_2121,Non-promoter,0.0,0,0,0,0,0
ECK_2122,Non-promoter,0.0,0,0,0,0,0
ECK_2123,Non-promoter,0.0,0,0,0,0,0
ECK_2124,Non-promoter,0.0,0,0,0,0,0
ECK_2125,Non-promoter,0.0,0,0,0,0,0
ECK_2126,Non-promoter,0.0,0,0,0,0,0
ECK_2127,Non-promoter,0.0,0,0,0,0,0
ECK_2128,Non-promoter,0.0,0,0,0,0,0
ECK_2129,Non-promoter,0.0,0,0,0,0,0
ECK_2130,Non-promoter,0.0,0,0,0,0,0
ECK_2131,Non-promoter,0.0,0,0,0,0,0
ECK_2132,Non-promoter,0.0,0,0,0,0,0
ECK_2133,Non-promoter,0.0,0,0,0,0,0
ECK_2134,Non-promoter,0.0,0,0,0,0,0
ECK_2135,Non-promoter,0.0,0,0,0,0,0
ECK_2136,Non-promoter,0.0,0,0,0,0,0
ECK_2137,Non-promoter,0.0,0,0,0,0,0
ECK_2138,Non-promoter,0.0,0,0,0,0,0
ECK_2139,Non-promoter,0.0,0,0,0,0,0
ECK_2140,Non-promoter,0.0,0,0,0,0,0
ECK_2141,Non-promoter,0.0,0,0,0,0,0
ECK_2142,Non-promoter,0.0,0,0,0,0,0
ECK_2144,Non-promoter,0.0,0,0,0,0,0
ECK_2145,Non-promoter,0.0,0,0,0,0,0
ECK_2146,Non-promoter,0.0,0,0,0,0,0
ECK_2147,Non-promoter,0.0,0,0,0,0,0
ECK_2148,Non-promoter,0.0,0,0,0,0,0
ECK_2149,Non-promoter,0.0,0,0,0,0,0
ECK_2150,Non-promoter,0.0,0,0,0,0,0
ECK_2151,Non-promoter,0.0,0,0,0,0,0
ECK_2152,Non-promoter,0.0,0,0,0,0,0
ECK_2153,Non-promoter,0.0,0,0,0,0,0
ECK_2154,Non-promoter,0.0,0,0,0,0,0
ECK_2155,Non-promoter,0.0,0,0,0,0,0
ECK_2156,Non-promoter,0.0,0,0,0,0,0
ECK_2157,Non-promoter,0.0,0,0,0,0,0
ECK_2158,Non-promoter,0.0,0,0,0,0,0
ECK_2159,Non-promoter,0.0,0,0,0,0,0
ECK_2160,Non-promoter,0.0,0,0,0,0,0
ECK_2161,Non-promoter,0.0,0,0,0,0,0
ECK_2162,Non-promoter,0.0,0,0,0,0,0
ECK_2163,Non-promoter,0.0,0,0,0,0,0
ECK_2164,Non-promoter,0.0,0,0,0,0,0
ECK_2165,Non-promoter,0.0,0,0,0,0,0
ECK_2166,Non-promoter,0.0,0,0,0,0,0
ECK_2167,Non-promoter,0.0,0,0,0,0,0
ECK_2168,Non-promoter,0.0,0,0,0,0,0
ECK_2169,Non-promoter,0.0,0,0,0,0,0
ECK_2170,Non-promoter,0.0,0,0,0,0,0
ECK_2171,Non-promoter,0.0,0,0,0,0,0
ECK_2172,Non-promoter,0.0,0,0,0,0,0
ECK_2173,Non-promoter,0.0,0,0,0,0,0
ECK_2174,Non-promoter,0.0,0,0,0,0,0
ECK_2175,Non-promoter,0.0,0,0,0,0,0
ECK_2176,Non-promoter,0.0,0,0,0,0,0
ECK_2177,Non-promoter,0.0,0,0,0,0,0
ECK_2178,Non-promoter,0.0,0,0,0,0,0
ECK_2179,Non-promoter,0.0,0,0,0,0,0
ECK_2180,Non-promoter,0.0,0,0,0,0,0
ECK_2182,Non-promoter,0.0,0,0,0,0,0
ECK_2183,Non-promoter,0.0,0,0,0,0,0
ECK_2184,Non-promoter,0.0,0,0,0,0,0
ECK_2185,Non-promoter,0.0,0,0,0,0,0
ECK_2186,Non-promoter,0.0,0,0,0,0,0
ECK_2187,Non-promoter,0.0,0,0,0,0,0
ECK_2188,Non-promoter,0.0,0,0,0,0,0
ECK_2189,Non-promoter,0.0,0,0,0,0,0
ECK_2190,Non-promoter,0.0,0,0,0,0,0
ECK_2191,Non-promoter,0.0,0,0,0,0,0
ECK_2192,Non-promoter,0.0,0,0,0,0,0
ECK_2193,Non-promoter,0.0,0,0,0,0,0
ECK_2194,Non-promoter,0.0,0,0,0,0,0
ECK_2195,Non-promoter,0.0,0,0,0,0,0
ECK_2196,Non-promoter,0.0,0,0,0,0,0
ECK_2197,Non-promoter,0.0,0,0,0,0,0
ECK_2198,Non-promoter,0.0,0,0,0,0,0
ECK_2199,Non-promoter,0.0,0,0,0,0,0
ECK_2200,Non-promoter,0.0,0,0,0,0,0
ECK_2201,Non-promoter,0.0,0,0,0,0,0
ECK_2202,Non-promoter,0.0,0,0,0,0,0
ECK_2203,Non-promoter,0.0,0,0,0,0,0
ECK_2204,Non-promoter,0.0,0,0,0,0,0
ECK_2205,Non-promoter,0.0,0,0,0,0,0
ECK_2206,Non-promoter,0.0,0,0,0,0,0
ECK_2207,Non-promoter,0.0,0,0,0,0,0
ECK_2208,Non-promoter,0.0,0,0,0,0,0
ECK_2209,Non-promoter,0.0,0,0,0,0,0
ECK_2210,Non-promoter,0.0,0,0,0,0,0
ECK_2211,Non-promoter,0.0,0,0,0,0,0
ECK_2213,Non-promoter,0.0,0,0,0,0,0
ECK_2214,Non-promoter,0.0,0,0,0,0,0
ECK_2215,Non-promoter,0.0,0,0,0,0,0
ECK_2216,Non-promoter,0.0,0,0,0,0,0
ECK_2217,Non-promoter,0.0,0,0,0,0,0
ECK_2218,Non-promoter,0.0,0,0,0,0,0
ECK_2219,Non-promoter,0.0,0,0,0,0,0
ECK_2221,Non-promoter,0.0,0,0,0,0,0
ECK_2222,Non-promoter,0.0,0,0,0,0,0
ECK_2223,Non-promoter,0.0,0,0,0,0,0
ECK_2224,Non-promoter,0.0,0,0,0,0,0
ECK_2225,Non-promoter,0.0,0,0,0,0,0
ECK_2227,Non-promoter,0.0,0,0,0,0,0
ECK_2229,Non-promoter,0.0,0,0,0,0,0
ECK_2230,Non-promoter,0.0,0,0,0,0,0
ECK_2231,Non-promoter,0.0,0,0,0,0,0
ECK_2232,Non-promoter,0.0,0,0,0,0,0
ECK_2233,Non-promoter,0.0,0,0,0,0,0
ECK_2234,Non-promoter,0.0,0,0,0,0,0
ECK_2235,Non-promoter,0.0,0,0,0,0,0
ECK_2236,Non-promoter,0.0,0,0,0,0,0
ECK_2237,Non-promoter,0.0,0,0,0,0,0
ECK_2238,Non-promoter,0.0,0,0,0,0,0
ECK_2239,Non-promoter,0.0,0,0,0,0,0
ECK_2240,Non-promoter,0.0,0,0,0,0,0
ECK_2241,Non-promoter,0.0,0,0,0,0,0
ECK_2242,Non-promoter,0.0,0,0,0,0,0
ECK_2243,Non-promoter,0.0,0,0,0,0,0
ECK_2244,Non-promoter,0.0,0,0,0,0,0
ECK_2245,Non-promoter,0.0,0,0,0,0,0
ECK_2246,Non-promoter,0.0,0,0,0,0,0
ECK_2247,Non-promoter,0.0,0,0,0,0,0
ECK_2248,Non-promoter,0.0,0,0,0,0,0
ECK_2249,Non-promoter,0.0,0,0,0,0,0
ECK_2252,Non-promoter,0.0,0,0,0,0,0
ECK_2253,Non-promoter,0.0,0,0,0,0,0
ECK_2254,Non-promoter,0.0,0,0,0,0,0
ECK_2255,Non-promoter,0.0,0,0,0,0,0
ECK_2256,Non-promoter,0.0,0,0,0,0,0
ECK_2257,Non-promoter,0.0,0,0,0,0,0
ECK_2258,Non-promoter,0.0,0,0,0,0,0
ECK_2259,Non-promoter,0.0,0,0,0,0,0
ECK_2260,Non-promoter,0.0,0,0,0,0,0
ECK_2261,Non-promoter,0.0,0,0,0,0,0
ECK_2262,Non-promoter,0.0,0,0,0,0,0
ECK_2263,Non-promoter,0.0,0,0,0,0,0
ECK_2264,Non-promoter,0.0,0,0,0,0,0
ECK_2265,Non-promoter,0.0,0,0,0,0,0
ECK_2266,Non-promoter,0.0,0,0,0,0,0
ECK_2267,Non-promoter,0.0,0,0,0,0,0
ECK_2268,Non-promoter,0.0,0,0,0,0,0
ECK_2269,Non-promoter,0.0,0,0,0,0,0
ECK_2270,Non-promoter,0.0,0,0,0,0,0
ECK_2271,Non-promoter,0.0,0,0,0,0,0
ECK_2272,Non-promoter,0.0,0,0,0,0,0
ECK_2273,Non-promoter,0.0,0,0,0,0,0
ECK_2274,Non-promoter,0.0,0,0,0,0,0
ECK_2275,Non-promoter,0.0,0,0,0,0,0
ECK_2276,Non-promoter,0.0,0,0,0,0,0
ECK_2277,Non-promoter,0.0,0,0,0,0,0
ECK_2278,Non-promoter,0.0,0,0,0,0,0
ECK_2279,Non-promoter,0.0,0,0,0,0,0
ECK_2280,Non-promoter,0.0,0,0,0,0,0
ECK_2282,Non-promoter,0.0,0,0,0,0,0
ECK_2283,Non-promoter,0.0,0,0,0,0,0
ECK_2284,Non-promoter,0.0,0,0,0,0,0
ECK_2285,Non-promoter,0.0,0,0,0,0,0
ECK_2286,Non-promoter,0.0,0,0,0,0,0
ECK_2287,Non-promoter,0.0,0,0,0,0,0
ECK_2288,Non-promoter,0.0,0,0,0,0,0
ECK_2289,Non-promoter,0.0,0,0,0,0,0
ECK_2290,Non-promoter,0.0,0,0,0,0,0
ECK_2291,Non-promoter,0.0,0,0,0,0,0
ECK_2292,Non-promoter,0.0,0,0,0,0,0
ECK_2293,Non-promoter,0.0,0,0,0,0,0
ECK_2294,Non-promoter,0.0,0,0,0,0,0
ECK_2295,Non-promoter,0.0,0,0,0,0,0
ECK_2296,Non-promoter,0.0,0,0,0,0,0
ECK_2297,Non-promoter,0.0,0,0,0,0,0
ECK_2299,Non-promoter,0.0,0,0,0,0,0
ECK_2300,Non-promoter,0.0,0,0,0,0,0
ECK_2301,Non-promoter,0.0,0,0,0,0,0
ECK_2302,Non-promoter,0.0,0,0,0,0,0
ECK_2303,Non-promoter,0.0,0,0,0,0,0
ECK_2304,Non-promoter,0.0,0,0,0,0,0
ECK_2305,Non-promoter,0.0,0,0,0,0,0
ECK_2306,Non-promoter,0.0,0,0,0,0,0
ECK_2307,Non-promoter,0.0,0,0,0,0,0
ECK_2308,Non-promoter,0.0,0,0,0,0,0
ECK_2309,Non-promoter,0.0,0,0,0,0,0
ECK_2310,Non-promoter,0.0,0,0,0,0,0
ECK_2311,Non-promoter,0.0,0,0,0,0,0
ECK_2312,Non-promoter,0.0,0,0,0,0,0
ECK_2313,Non-promoter,0.0,0,0,0,0,0
ECK_2314,Non-promoter,0.0,0,0,0,0,0
ECK_2315,Non-promoter,0.0,0,0,0,0,0
ECK_2316,Non-promoter,0.0,0,0,0,0,0
ECK_2317,Non-promoter,0.0,0,0,0,0,0
ECK_2318,Non-promoter,0.0,0,0,0,0,0
ECK_2319,Non-promoter,0.0,0,0,0,0,0
ECK_2320,Non-promoter,0.0,0,0,0,0,0
ECK_2321,Non-promoter,0.0,0,0,0,0,0
ECK_2322,Non-promoter,0.0,0,0,0,0,0
ECK_2323,Non-promoter,0.0,0,0,0,0,0
ECK_2324,Non-promoter,0.0,0,0,0,0,0
ECK_2325,Non-promoter,0.0,0,0,0,0,0
ECK_2326,Non-promoter,0.0,0,0,0,0,0
ECK_2327,Non-promoter,0.0,0,0,0,0,0
ECK_2328,Non-promoter,0.0,0,0,0,0,0
ECK_2329,Non-promoter,0.0,0,0,0,0,0
ECK_2330,Non-promoter,0.0,0,0,0,0,0
ECK_2331,Non-promoter,0.0,0,0,0,0,0
ECK_2332,Non-promoter,0.0,0,0,0,0,0
ECK_2333,Non-promoter,0.0,0,0,0,0,0
ECK_2334,Non-promoter,0.0,0,0,0,0,0
ECK_2336,Non-promoter,0.0,0,0,0,0,0
ECK_2337,Non-promoter,0.0,0,0,0,0,0
ECK_2338,Non-promoter,0.0,0,0,0,0,0
ECK_2339,Non-promoter,0.0,0,0,0,0,0
ECK_2340,Non-promoter,0.0,0,0,0,0,0
ECK_2341,Non-promoter,0.0,0,0,0,0,0
ECK_2342,Non-promoter,0.0,0,0,0,0,0
ECK_2343,Non-promoter,0.0,0,0,0,0,0
ECK_2344,Non-promoter,0.0,0,0,0,0,0
ECK_2345,Non-promoter,0.0,0,0,0,0,0
ECK_2346,Non-promoter,0.0,0,0,0,0,0
ECK_2347,Non-promoter,0.0,0,0,0,0,0
ECK_2348,Non-promoter,0.0,0,0,0,0,0
ECK_2349,Non-promoter,0.0,0,0,0,0,0
ECK_2350,Non-promoter,0.0,0,0,0,0,0
ECK_2351,Non-promoter,0.0,0,0,0,0,0
ECK_2352,Non-promoter,0.0,0,0,0,0,0
ECK_2353,Non-promoter,0.0,0,0,0,0,0
ECK_2354,Non-promoter,0.0,0,0,0,0,0
ECK_2355,Non-promoter,0.0,0,0,0,0,0
ECK_2356,Non-promoter,0.0,0,0,0,0,0
ECK_2357,Non-promoter,0.0,0,0,0,0,0
ECK_2358,Non-promoter,0.0,0,0,0,0,0
ECK_2359,Non-promoter,0.0,0,0,0,0,0
ECK_2360,Non-promoter,0.0,0,0,0,0,0
ECK_2361,Non-promoter,0.0,0,0,0,0,0
ECK_2362,Non-promoter,0.0,0,0,0,0,0
ECK_2363,Non-promoter,0.0,0,0,0,0,0
ECK_2364,Non-promoter,0.0,0,0,0,0,0
ECK_2365,Non-promoter,0.0,0,0,0,0,0
ECK_2366,Non-promoter,0.0,0,0,0,0,0
ECK_2367,Non-promoter,0.0,0,0,0,0,0
ECK_2368,Non-promoter,0.0,0,0,0,0,0
ECK_2369,Non-promoter,0.0,0,0,0,0,0
ECK_2370,Non-promoter,0.0,0,0,0,0,0
ECK_2371,Non-promoter,0.0,0,0,0,0,0
ECK_2372,Non-promoter,0.0,0,0,0,0,0
ECK_2373,Non-promoter,0.0,0,0,0,0,0
ECK_2374,Non-promoter,0.0,0,0,0,0,0
ECK_2375,Non-promoter,0.0,0,0,0,0,0
ECK_2376,Non-promoter,0.0,0,0,0,0,0
ECK_2377,Non-promoter,0.0,0,0,0,0,0
ECK_2378,Non-promoter,0.0,0,0,0,0,0
ECK_2379,Non-promoter,0.0,0,0,0,0,0
ECK_2380,Non-promoter,0.0,0,0,0,0,0
ECK_2382,Non-promoter,0.0,0,0,0,0,0
ECK_2383,Non-promoter,0.0,0,0,0,0,0
ECK_2384,Non-promoter,0.0,0,0,0,0,0
ECK_2385,Non-promoter,0.0,0,0,0,0,0
ECK_2386,Non-promoter,0.0,0,0,0,0,0
ECK_2387,Non-promoter,0.0,0,0,0,0,0
ECK_2388,Non-promoter,0.0,0,0,0,0,0
ECK_2389,Non-promoter,0.0,0,0,0,0,0
ECK_2390,Non-promoter,0.0,0,0,0,0,0
ECK_2391,Non-promoter,0.0,0,0,0,0,0
ECK_2392,Non-promoter,0.0,0,0,0,0,0
ECK_2393,Non-promoter,0.0,0,0,0,0,0
ECK_2394,Non-promoter,0.0,0,0,0,0,0
ECK_2395,Non-promoter,0.0,0,0,0,0,0
ECK_2396,Non-promoter,0.0,0,0,0,0,0
ECK_2397,Non-promoter,0.0,0,0,0,0,0
ECK_2398,Non-promoter,0.0,0,0,0,0,0
ECK_2399,Non-promoter,0.0,0,0,0,0,0
ECK_2400,Non-promoter,0.0,0,0,0,0,0
ECK_2401,Non-promoter,0.0,0,0,0,0,0
ECK_2402,Non-promoter,0.0,0,0,0,0,0
ECK_2403,Non-promoter,0.0,0,0,0,0,0
ECK_2404,Non-promoter,0.0,0,0,0,0,0
ECK_2405,Non-promoter,0.0,0,0,0,0,0
ECK_2406,Non-promoter,0.0,0,0,0,0,0
ECK_2407,Non-promoter,0.0,0,0,0,0,0
ECK_2408,Non-promoter,0.0,0,0,0,0,0
ECK_2409,Non-promoter,0.0,0,0,0,0,0
ECK_2410,Non-promoter,0.0,0,0,0,0,0
ECK_2411,Non-promoter,0.0,0,0,0,0,0
ECK_2412,Non-promoter,0.0,0,0,0,0,0
ECK_2413,Non-promoter,0.0,0,0,0,0,0
ECK_2414,Non-promoter,0.0,0,0,0,0,0
ECK_2415,Non-promoter,0.0,0,0,0,0,0
ECK_2416,Non-promoter,0.0,0,0,0,0,0
ECK_2417,Non-promoter,0.0,0,0,0,0,0
ECK_2418,Non-promoter,0.0,0,0,0,0,0
ECK_2419,Non-promoter,0.0,0,0,0,0,0
ECK_2420,Non-promoter,0.0,0,0,0,0,0
ECK_2421,Non-promoter,0.0,0,0,0,0,0
ECK_2422,Non-promoter,0.0,0,0,0,0,0
ECK_2423,Non-promoter,0.0,0,0,0,0,0
ECK_2424,Non-promoter,0.0,0,0,0,0,0
ECK_2425,Non-promoter,0.0,0,0,0,0,0
ECK_2426,Non-promoter,0.0,0,0,0,0,0
ECK_2427,Non-promoter,0.0,0,0,0,0,0
ECK_2428,Non-promoter,0.0,0,0,0,0,0
ECK_2429,Non-promoter,0.0,0,0,0,0,0
ECK_2430,Non-promoter,0.0,0,0,0,0,0
ECK_2431,Non-promoter,0.0,0,0,0,0,0
ECK_2432,Non-promoter,0.0,0,0,0,0,0
ECK_2433,Non-promoter,0.0,0,0,0,0,0
ECK_2434,Non-promoter,0.0,0,0,0,0,0
ECK_2435,Non-promoter,0.0,0,0,0,0,0
ECK_2436,Non-promoter,0.0,0,0,0,0,0
ECK_2437,Non-promoter,0.0,0,0,0,0,0
ECK_2438,Non-promoter,0.0,0,0,0,0,0
ECK_2439,Non-promoter,0.0,0,0,0,0,0
ECK_2440,Non-promoter,0.0,0,0,0,0,0
ECK_2441,Non-promoter,0.0,0,0,0,0,0
ECK_2442,Non-promoter,0.0,0,0,0,0,0
ECK_2443,Non-promoter,0.0,0,0,0,0,0
ECK_2444,Non-promoter,0.0,0,0,0,0,0
ECK_2445,Non-promoter,0.0,0,0,0,0,0
ECK_2446,Non-promoter,0.0,0,0,0,0,0
ECK_2447,Non-promoter,0.0,0,0,0,0,0
ECK_2448,Non-promoter,0.0,0,0,0,0,0
ECK_2449,Non-promoter,0.0,0,0,0,0,0
ECK_2450,Non-promoter,0.0,0,0,0,0,0
ECK_2451,Non-promoter,0.0,0,0,0,0,0
ECK_2452,Non-promoter,0.0,0,0,0,0,0
ECK_2453,Non-promoter,0.0,0,0,0,0,0
ECK_2454,Non-promoter,0.0,0,0,0,0,0
ECK_2455,Non-promoter,0.0,0,0,0,0,0
ECK_2456,Non-promoter,0.0,0,0,0,0,0
ECK_2457,Non-promoter,0.0,0,0,0,0,0
ECK_2458,Non-promoter,0.0,0,0,0,0,0
ECK_2459,Non-promoter,0.0,0,0,0,0,0
ECK_2460,Non-promoter,0.0,0,0,0,0,0
ECK_2461,Non-promoter,0.0,0,0,0,0,0
ECK_2462,Non-promoter,0.0,0,0,0,0,0
ECK_2463,Non-promoter,0.0,0,0,0,0,0
ECK_2464,Non-promoter,0.0,0,0,0,0,0
ECK_2465,Non-promoter,0.0,0,0,0,0,0
ECK_2466,Non-promoter,0.0,0,0,0,0,0
ECK_2467,Non-promoter,0.0,0,0,0,0,0
ECK_2468,Non-promoter,0.0,0,0,0,0,0
ECK_2469,Non-promoter,0.0,0,0,0,0,0
ECK_2470,Non-promoter,0.0,0,0,0,0,0
ECK_2472,Non-promoter,0.0,0,0,0,0,0
ECK_2473,Non-promoter,0.0,0,0,0,0,0
ECK_2474,Non-promoter,0.0,0,0,0,0,0
ECK_2475,Non-promoter,0.0,0,0,0,0,0
ECK_2476,Non-promoter,0.0,0,0,0,0,0
ECK_2477,Non-promoter,0.0,0,0,0,0,0
ECK_2478,Non-promoter,0.0,0,0,0,0,0
ECK_2479,Non-promoter,0.0,0,0,0,0,0
ECK_2480,Non-promoter,0.0,0,0,0,0,0
ECK_2481,Non-promoter,0.0,0,0,0,0,0
ECK_2482,Non-promoter,0.0,0,0,0,0,0
ECK_2483,Non-promoter,0.0,0,0,0,0,0
ECK_2484,Non-promoter,0.0,0,0,0,0,0
ECK_2485,Non-promoter,0.0,0,0,0,0,0
ECK_2486,Non-promoter,0.0,0,0,0,0,0
ECK_2487,Non-promoter,0.0,0,0,0,0,0
ECK_2488,Non-promoter,0.0,0,0,0,0,0
ECK_2489,Non-promoter,0.0,0,0,0,0,0
ECK_2490,Non-promoter,0.0,0,0,0,0,0
ECK_2491,Non-promoter,0.0,0,0,0,0,0
ECK_2492,Non-promoter,0.0,0,0,0,0,0
ECK_2493,Non-promoter,0.0,0,0,0,0,0
ECK_2495,Non-promoter,0.0,0,0,0,0,0
ECK_2496,Non-promoter,0.0,0,0,0,0,0
ECK_2498,Non-promoter,0.0,0,0,0,0,0
ECK_2499,Non-promoter,0.0,0,0,0,0,0
ECK_2500,Non-promoter,0.0,0,0,0,0,0
ECK_2501,Non-promoter,0.0,0,0,0,0,0
ECK_2502,Non-promoter,0.0,0,0,0,0,0
ECK_2503,Non-promoter,0.0,0,0,0,0,0
ECK_2504,Non-promoter,0.0,0,0,0,0,0
ECK_2505,Non-promoter,0.0,0,0,0,0,0
ECK_2506,Non-promoter,0.0,0,0,0,0,0
ECK_2507,Non-promoter,0.0,0,0,0,0,0
ECK_2508,Non-promoter,0.0,0,0,0,0,0
ECK_2509,Non-promoter,0.0,0,0,0,0,0
ECK_2510,Non-promoter,0.0,0,0,0,0,0
ECK_2511,Non-promoter,0.0,0,0,0,0,0
ECK_2512,Non-promoter,0.0,0,0,0,0,0
ECK_2513,Non-promoter,0.0,0,0,0,0,0
ECK_2514,Non-promoter,0.0,0,0,0,0,0
ECK_2515,Non-promoter,0.0,0,0,0,0,0
ECK_2516,Non-promoter,0.0,0,0,0,0,0
ECK_2517,Non-promoter,0.0,0,0,0,0,0
ECK_2518,Non-promoter,0.0,0,0,0,0,0
ECK_2519,Non-promoter,0.0,0,0,0,0,0
ECK_2520,Non-promoter,0.0,0,0,0,0,0
ECK_2521,Non-promoter,0.0,0,0,0,0,0
ECK_2522,Non-promoter,0.0,0,0,0,0,0
ECK_2523,Non-promoter,0.0,0,0,0,0,0
ECK_2524,Non-promoter,0.0,0,0,0,0,0
ECK_2525,Non-promoter,0.0,0,0,0,0,0
ECK_2526,Non-promoter,0.0,0,0,0,0,0
ECK_2527,Non-promoter,0.0,0,0,0,0,0
ECK_2528,Non-promoter,0.0,0,0,0,0,0
ECK_2529,Non-promoter,0.0,0,0,0,0,0
ECK_2530,Non-promoter,0.0,0,0,0,0,0
ECK_2531,Non-promoter,0.0,0,0,0,0,0
ECK_2532,Non-promoter,0.0,0,0,0,0,0
ECK_2533,Non-promoter,0.0,0,0,0,0,0
ECK_2534,Non-promoter,0.0,0,0,0,0,0
ECK_2535,Non-promoter,0.0,0,0,0,0,0
ECK_2536,Non-promoter,0.0,0,0,0,0,0
ECK_2537,Non-promoter,0.0,0,0,0,0,0
ECK_2538,Non-promoter,0.0,0,0,0,0,0
ECK_2539,Non-promoter,0.0,0,0,0,0,0
ECK_2540,Non-promoter,0.0,0,0,0,0,0
ECK_2541,Non-promoter,0.0,0,0,0,0,0
ECK_2542,Non-promoter,0.0,0,0,0,0,0
ECK_2543,Non-promoter,0.0,0,0,0,0,0
ECK_2544,Non-promoter,0.0,0,0,0,0,0
ECK_2546,Non-promoter,0.0,0,0,0,0,0
ECK_2547,Non-promoter,0.0,0,0,0,0,0
ECK_2548,Non-promoter,0.0,0,0,0,0,0
ECK_2549,Non-promoter,0.0,0,0,0,0,0
ECK_2550,Non-promoter,0.0,0,0,0,0,0
ECK_2551,Non-promoter,0.0,0,0,0,0,0
ECK_2552,Non-promoter,0.0,0,0,0,0,0
ECK_2553,Non-promoter,0.0,0,0,0,0,0
ECK_2554,Non-promoter,0.0,0,0,0,0,0
ECK_2555,Non-promoter,0.0,0,0,0,0,0
ECK_2556,Non-promoter,0.0,0,0,0,0,0
ECK_2557,Non-promoter,0.0,0,0,0,0,0
ECK_2558,Non-promoter,0.0,0,0,0,0,0
ECK_2559,Non-promoter,0.0,0,0,0,0,0
ECK_2560,Non-promoter,0.0,0,0,0,0,0
ECK_2561,Non-promoter,0.0,0,0,0,0,0
ECK_2562,Non-promoter,0.0,0,0,0,0,0
ECK_2563,Non-promoter,0.0,0,0,0,0,0
ECK_2564,Non-promoter,0.0,0,0,0,0,0
ECK_2565,Non-promoter,0.0,0,0,0,0,0
ECK_2566,Non-promoter,0.0,0,0,0,0,0
ECK_2567,Non-promoter,0.0,0,0,0,0,0
ECK_2568,Non-promoter,0.0,0,0,0,0,0
ECK_2569,Non-promoter,0.0,0,0,0,0,0
ECK_2570,Non-promoter,0.0,0,0,0,0,0
ECK_2571,Non-promoter,0.0,0,0,0,0,0
ECK_2572,Non-promoter,0.0,0,0,0,0,0
ECK_2573,Non-promoter,0.0,0,0,0,0,0
ECK_2574,Non-promoter,0.0,0,0,0,0,0
ECK_2575,Non-promoter,0.0,0,0,0,0,0
ECK_2576,Non-promoter,0.0,0,0,0,0,0
ECK_2577,Non-promoter,0.0,0,0,0,0,0
ECK_2578,Non-promoter,0.0,0,0,0,0,0
ECK_2579,Non-promoter,0.0,0,0,0,0,0
ECK_2580,Non-promoter,0.0,0,0,0,0,0
ECK_2581,Non-promoter,0.0,0,0,0,0,0
ECK_2582,Non-promoter,0.0,0,0,0,0,0
ECK_2584,Non-promoter,0.0,0,0,0,0,0
ECK_2585,Non-promoter,0.0,0,0,0,0,0
ECK_2586,Non-promoter,0.0,0,0,0,0,0
ECK_2587,Non-promoter,0.0,0,0,0,0,0
ECK_2588,Non-promoter,0.0,0,0,0,0,0
ECK_2589,Non-promoter,0.0,0,0,0,0,0
ECK_2590,Non-promoter,0.0,0,0,0,0,0
ECK_2591,Non-promoter,0.0,0,0,0,0,0
ECK_2592,Non-promoter,0.0,0,0,0,0,0
ECK_2593,Non-promoter,0.0,0,0,0,0,0
ECK_2594,Non-promoter,0.0,0,0,0,0,0
ECK_2595,Non-promoter,0.0,0,0,0,0,0
ECK_2596,Non-promoter,0.0,0,0,0,0,0
ECK_2597,Non-promoter,0.0,0,0,0,0,0
ECK_2598,Non-promoter,0.0,0,0,0,0,0
ECK_2599,Non-promoter,0.0,0,0,0,0,0
ECK_2600,Non-promoter,0.0,0,0,0,0,0
ECK_2601,Non-promoter,0.0,0,0,0,0,0
ECK_2602,Non-promoter,0.0,0,0,0,0,0
ECK_2603,Non-promoter,0.0,0,0,0,0,0
ECK_2604,Non-promoter,0.0,0,0,0,0,0
ECK_2605,Non-promoter,0.0,0,0,0,0,0
ECK_2606,Non-promoter,0.0,0,0,0,0,0
ECK_2607,Non-promoter,0.0,0,0,0,0,0
ECK_2608,Non-promoter,0.0,0,0,0,0,0
ECK_2610,Non-promoter,0.0,0,0,0,0,0
ECK_2611,Non-promoter,0.0,0,0,0,0,0
ECK_2612,Non-promoter,0.0,0,0,0,0,0
ECK_2613,Non-promoter,0.0,0,0,0,0,0
ECK_2614,Non-promoter,0.0,0,0,0,0,0
ECK_2615,Non-promoter,0.0,0,0,0,0,0
ECK_2616,Non-promoter,0.0,0,0,0,0,0
ECK_2617,Non-promoter,0.0,0,0,0,0,0
ECK_2618,Non-promoter,0.0,0,0,0,0,0
ECK_2619,Non-promoter,0.0,0,0,0,0,0
ECK_2620,Non-promoter,0.0,0,0,0,0,0
ECK_2621,Non-promoter,0.0,0,0,0,0,0
ECK_2622,Non-promoter,0.0,0,0,0,0,0
ECK_2624,Non-promoter,0.0,0,0,0,0,0
ECK_2625,Non-promoter,0.0,0,0,0,0,0
ECK_2626,Non-promoter,0.0,0,0,0,0,0
ECK_2627,Non-promoter,0.0,0,0,0,0,0
ECK_2628,Non-promoter,0.0,0,0,0,0,0
ECK_2629,Non-promoter,0.0,0,0,0,0,0
ECK_2630,Non-promoter,0.0,0,0,0,0,0
ECK_2631,Non-promoter,0.0,0,0,0,0,0
ECK_2632,Non-promoter,0.0,0,0,0,0,0
ECK_2633,Non-promoter,0.0,0,0,0,0,0
promoter_id:55,Non-promoter,0.0,0,0,0,0,0
promoter_id:95,Non-promoter,0.0,0,0,0,0,0
promoter_id:96,Non-promoter,0.0,0,0,0,0,0
promoter_id:97,Non-promoter,0.0,0,0,0,0,0
promoter_id:98,Non-promoter,0.0,0,0,0,0,0
promoter_id:99,Non-promoter,0.0,0,0,0,0,0
promoter_id:100,Non-promoter,0.0,0,0,0,0,0
promoter_id:101,Non-promoter,0.0,0,0,0,0,0
promoter_id:102,Non-promoter,0.0,0,0,0,0,0
promoter_id:103,Non-promoter,0.0,0,0,0,0,0
promoter_id:104,Non-promoter,0.0,0,0,0,0,0
promoter_id:105,Non-promoter,0.0,0,0,0,0,0
promoter_id:106,Non-promoter,0.0,0,0,0,0,0
promoter_id:107,Non-promoter,0.0,0,0,0,0,0
promoter_id:108,Non-promoter,0.0,0,0,0,0,0
promoter_id:109,Non-promoter,0.0,0,0,0,0,0
promoter_id:110,Non-promoter,0.0,0,0,0,0,0
promoter_id:111,Non-promoter,0.0,0,0,0,0,0
promoter_id:112,Non-promoter,0.0,0,0,0,0,0
promoter_id:113,Non-promoter,0.0,0,0,0,0,0
promoter_id:114,Non-promoter,0.0,0,0,0,0,0
promoter_id:115,Non-promoter,0.0,0,0,0,0,0
promoter_id:116,Non-promoter,0.0,0,0,0,0,0
promoter_id:117,Non-promoter,0.0,0,0,0,0,0
promoter_id:118,Non-promoter,0.0,0,0,0,0,0
promoter_id:119,Non-promoter,0.0,0,0,0,0,0
promoter_id:120,Non-promoter,0.0,0,0,0,0,0
promoter_id:121,Non-promoter,0.0,0,0,0,0,0
promoter_id:122,Non-promoter,0.0,0,0,0,0,0
promoter_id:123,Non-promoter,0.0,0,0,0,0,0
promoter_id:124,Non-promoter,0.0,0,0,0,0,0
promoter_id:125,Non-promoter,0.0,0,0,0,0,0
promoter_id:126,Non-promoter,0.0,0,0,0,0,0
promoter_id:127,Non-promoter,0.0,0,0,0,0,0
promoter_id:128,Non-promoter,0.0,0,0,0,0,0
promoter_id:129,Non-promoter,0.0,0,0,0,0,0
promoter_id:130,Non-promoter,0.0,0,0,0,0,0
promoter_id:131,Non-promoter,0.0,0,0,0,0,0
promoter_id:132,Non-promoter,0.0,0,0,0,0,0
promoter_id:133,Non-promoter,0.0,0,0,0,0,0
promoter_id:134,Non-promoter,0.0,0,0,0,0,0
promoter_id:135,Non-promoter,0.0,0,0,0,0,0
promoter_id:136,Non-promoter,0.0,0,0,0,0,0
promoter_id:137,Non-promoter,0.0,0,0,0,0,0
promoter_id:138,Non-promoter,0.0,0,0,0,0,0
promoter_id:140,Non-promoter,0.0,0,0,0,0,0
promoter_id:141,Non-promoter,0.0,0,0,0,0,0
promoter_id:142,Non-promoter,0.0,0,0,0,0,0
promoter_id:143,Non-promoter,0.0,0,0,0,0,0
promoter_id:144,Non-promoter,0.0,0,0,0,0,0
promoter_id:145,Non-promoter,0.0,0,0,0,0,0
promoter_id:146,Non-promoter,0.0,0,0,0,0,0
promoter_id:147,Non-promoter,0.0,0,0,0,0,0
promoter_id:148,Non-promoter,0.0,0,0,0,0,0
promoter_id:149,Non-promoter,0.0,0,0,0,0,0
promoter_id:150,Non-promoter,0.0,0,0,0,0,0
promoter_id:151,Non-promoter,0.0,0,0,0,0,0
promoter_id:152,Non-promoter,0.0,0,0,0,0,0
promoter_id:153,Non-promoter,0.0,0,0,0,0,0
promoter_id:154,Non-promoter,0.0,0,0,0,0,0
promoter_id:155,Non-promoter,0.0,0,0,0,0,0
promoter_id:156,Non-promoter,0.0,0,0,0,0,0
promoter_id:157,Non-promoter,0.0,0,0,0,0,0
promoter_id:158,Non-promoter,0.0,0,0,0,0,0
promoter_id:159,Non-promoter,0.0,0,0,0,0,0
promoter_id:160,Non-promoter,0.0,0,0,0,0,0
promoter_id:161,Non-promoter,0.0,0,0,0,0,0
promoter_id:162,Non-promoter,0.0,0,0,0,0,0
promoter_id:163,Non-promoter,0.0,0,0,0,0,0
promoter_id:164,Non-promoter,0.0,0,0,0,0,0
promoter_id:165,Non-promoter,0.0,0,0,0,0,0
promoter_id:166,Non-promoter,0.0,0,0,0,0,0
promoter_id:167,Non-promoter,0.0,0,0,0,0,0
promoter_id:168,Non-promoter,0.0,0,0,0,0,0
promoter_id:172,Non-promoter,0.0,0,0,0,0,0
promoter_id:174,Non-promoter,0.0,0,0,0,0,0
promoter_id:175,Non-promoter,0.0,0,0,0,0,0
promoter_id:176,Non-promoter,0.0,0,0,0,0,0
promoter_id:177,Non-promoter,0.0,0,0,0,0,0
promoter_id:178,Non-promoter,0.0,0,0,0,0,0
promoter_id:179,Non-promoter,0.0,0,0,0,0,0
promoter_id:180,Non-promoter,0.0,0,0,0,0,0
promoter_id:181,Non-promoter,0.0,0,0,0,0,0
promoter_id:182,Non-promoter,0.0,0,0,0,0,0
promoter_id:183,Non-promoter,0.0,0,0,0,0,0
promoter_id:184,Non-promoter,0.0,0,0,0,0,0
promoter_id:185,Non-promoter,0.0,0,0,0,0,0
promoter_id:186,Non-promoter,0.0,0,0,0,0,0
promoter_id:187,Non-promoter,0.0,0,0,0,0,0
promoter_id:188,Non-promoter,0.0,0,0,0,0,0
promoter_id:189,Non-promoter,0.0,0,0,0,0,0
promoter_id:193,Non-promoter,0.0,0,0,0,0,0
promoter_id:194,Non-promoter,0.0,0,0,0,0,0
promoter_id:195,Non-promoter,0.0,0,0,0,0,0
promoter_id:196,Non-promoter,0.0,0,0,0,0,0
promoter_id:197,Non-promoter,0.0,0,0,0,0,0
promoter_id:198,Non-promoter,0.0,0,0,0,0,0
promoter_id:199,Non-promoter,0.0,0,0,0,0,0
promoter_id:200,Non-promoter,0.0,0,0,0,0,0
promoter_id:201,Non-promoter,0.0,0,0,0,0,0
promoter_id:202,Non-promoter,0.0,0,0,0,0,0
promoter_id:203,Non-promoter,0.0,0,0,0,0,0
promoter_id:204,Non-promoter,0.0,0,0,0,0,0
promoter_id:205,Non-promoter,0.0,0,0,0,0,0
promoter_id:206,Non-promoter,0.0,0,0,0,0,0
promoter_id:207,Non-promoter,0.0,0,0,0,0,0
promoter_id:208,Non-promoter,0.0,0,0,0,0,0
promoter_id:209,Non-promoter,0.0,0,0,0,0,0
chr1:1-1,Non-promoter,0.0,0,0,0,0,0
chr1:1-1,Non-promoter,0.0,0,0,0,0,0
chr1:1-1,Non-promoter,0.0,0,0,0,0,0
chr1:1-1,Non-promoter,0.0,0,0,0,0,0
chr1:1-1,Non-promoter,0.0,0,0,0,0,0
chr1:1-1,Non-promoter,0.0,0,0,0,0,0
chr1:1-1,Non-promoter,0.0,0,0,0,0,0
chr1:1-1,Non-promoter,0.0,0,0,0,0,0
chr1:1-1,Non-promoter,0.0,0,0,0,0,0
chr1:1-1,Non-promoter,0.0,0,0,0,0,0
chr1:1-1,Non-promoter,0.0,0,0,0,0,0
chr1:1-1,Non-promoter,0.0,0,0,0,0,0
chr1:1-1,Non-promoter,0.0,0,0,0,0,0
chr1:1-1,Non-promoter,0.0,0,0,0,0,0
chr1:1-1,Non-promoter,0.0,0,0,0,0,0
chr1:1-1,Non-promoter,0.0,0,0,0,0,0
chr1:1-1,Non-promoter,0.0,0,0,0,0,0
chr1:1-1,Non-promoter,0.0,0,0,0,0,0
chr1:1-1,Non-promoter,0.0,0,0,0,0,0
chr1:1-1,Non-promoter,0.0,0,0,0,0,0
chr1:1-1,Non-promoter,0.0,0,0,0,0,0
chr1:1-1,Non-promoter,0.0,0,0,0,0,0
chr1:1-1,Non-promoter,0.0,0,0,0,0,0
chr1:1-1,Non-promoter,0.0,0,0,0,0,0
chr1:1-1,Non-promoter,0.0,0,0,0,0,0
chr1:1-1,Non-promoter,0.0,0,0,0,0,0
chr1:1-1,Non-promoter,0.0,0,0,0,0,0
chr1:1-1,Non-promoter,0.0,0,0,0,0,0
chr1:1-1,Non-promoter,0.0,0,0,0,0,0
chr1:1-1,Non-promoter,0.0,0,0,0,0,0
chr1:1-1,Non-promoter,0.0,0,0,0,0,0
chr1:1-1,Non-promoter,0.0,0,0,0,0,0
chr1:1-1,Non-promoter,0.0,0,0,0,0,0
chr1:1-1,Non-promoter,0.0,0,0,0,0,0
chr1:1-1,Non-promoter,0.0,0,0,0,0,0
chr1:1-1,Non-promoter,0.0,0,0,0,0,0
chr1:1-1,Non-promoter,0.0,0,0,0,0,0
chr1:1-1,Non-promoter,0.0,0,0,0,0,0
chr1:1-1,Non-promoter,0.0,0,0,0,0,0
chr1:1-1,Non-promoter,0.0,0,0,0,0,0
chr1:1-1,Non-promoter,0.0,0,0,0,0,0
chr1:1-1,Non-promoter,0.0,0,0,0,0,0
chr1:1-1,Non-promoter,0.0,0,0,0,0,0
chr1:1-1,Non-promoter,0.0,0,0,0,0,0
chr1:1-1,Non-promoter,0.0,0,0,0,0,0
chr1:1-1,Non-promoter,0.0,0,0,0,0,0
chr1:1-1,Non-promoter,0.0,0,0,0,0,0
chr1:1-1,Non-promoter,0.0,0,0,0,0,0
chr1:1-1,Non-promoter,0.0,0,0,0,0,0
chr1:1-1,Non-promoter,0.0,0,0,0,0,0
chr1:1-1,Non-promoter,0.0,0,0,0,0,0
chr1:1-1,Non-promoter,0.0,0,0,0,0,0
chr1:1-1,Non-promoter,0.0,0,0,0,0,0
chr1:1-1,Non-promoter,0.0,0,0,0,0,0
chr1:1-1,Non-promoter,0.0,0,0,0,0,0
chr1:1-1,Non-promoter,0.0,0,0,0,0,0
chr1:1-1,Non-promoter,0.0,0,0,0,0,0
chr1:1-1,Non-promoter,0.0,0,0,0,0,0
chr1:1-1,Non-promoter,0.0,0,0,0,0,0
chr1:1-1,Non-promoter,0.0,0,0,0,0,0
chr1:1-1,Non-promoter,0.0,0,0,0,0,0
chr1:1-1,Non-promoter,0.0,0,0,0,0,0
chr1:1-1,Non-promoter,0.0,0,0,0,0,0
chr1:1-1,Non-promoter,0.0,0,0,0,0,0
chr1:1-1,Non-promoter,0.0,0,0,0,0,0
chr1:1-1,Non-promoter,0.0,0,0,0,0,0
chr1:1-1,Non-promoter,0.0,0,0,0,0,0
chr1:1-1,Non-promoter,0.0,0,0,0,0,0
chr1:1-1,Non-promoter,0.0,0,0,0,0,0
chr1:1-1,Non-promoter,0.0,0,0,0,0,0
chr1:1-1,Non-promoter,0.0,0,0,0,0,0
chr1:1-1,Non-promoter,0.0,0,0,0,0,0
chr1:1-1,Non-promoter,0.0,0,0,0,0,0
chr1:1-1,Non-promoter,0.0,0,0,0,0,0
chr1:1-1,Non-promoter,0.0,0,0,0,0,0
chr1:1-1,Non-promoter,0.0,0,0,0,0,0
chr1:1-1,Non-promoter,0.0,0,0,0,0,0
chr1:1-1,Non-promoter,0.0,0,0,0,0,0
chr1:1-1,Non-promoter,0.0,0,0,0,0,0
chr1:1-1,Non-promoter,0.0,0,0,0,0,0
chr1:1-1,Non-promoter,0.0,0,0,0,0,0
chr1:1-1,Non-promoter,0.0,0,0,0,0,0
chr1:1-1,Non-promoter,0.0,0,0,0,0,0
chr1:1-1,Non-promoter,0.0,0,0,0,0,0
chr1:1-1,Non-promoter,0.0,0,0,0,0,0
chr1:1-1,Non-promoter,0.0,0,0,0,0,0
chr1:1-1,Non-promoter,0.0,0,0,0,0,0
chr1:1-1,Non-promoter,0.0,0,0,0,0,0
chr1:1-1,Non-promoter,0.0,0,0,0,0,0
chr1:1-1,Non-promoter,0.0,0,0,0,0,0
chr1:1-1,Non-promoter,0.0,0,0,0,0,0
chr1:1-1,Non-promoter,0.0,0,0,0,0,0
chr1:1-1,Non-promoter,0.0,0,0,0,0,0
chr1:1-1,Non-promoter,0.0,0,0,0,0,0
chr1:1-1,Non-promoter,0.0,0,0,0,0,0
chr1:1-1,Non-promoter,0.0,0,0,0,0,0
chr1:1-1,Non-promoter,0.0,0,0,0,0,0
chr1:1-1,Non-promoter,0.0,0,0,0,0,0
chr1:1-1,Non-promoter,0.0,0,0,0,0,0
chr1:1-1,Non-promoter,0.0,0,0,0,0,0
chr1:1-1,Non-promoter,0.0,0,0,0,0,0
chr1:1-1,Non-promoter,0.0,0,0,0,0,0
chr1:1-1,Non-promoter,0.0,0,0,0,0,0
chr1:1-1,Non-promoter,0.0,0,0,0,0,0
chr1:1-1,Non-promoter,0.0,0,0,0,0,0
chr1:1-1,Non-promoter,0.0,0,0,0,0,0
chr1:1-1,Non-promoter,0.0,0,0,0,0,0
chr1:1-1,Non-promoter,0.0,0,0,0,0,0
chr1:1-1,Non-promoter,0.0,0,0,0,0,0
chr1:1-1,Non-promoter,0.0,0,0,0,0,0
chr1:1-1,Non-promoter,0.0,0,0,0,0,0
chr1:1-1,Non-promoter,0.0,0,0,0,0,0
chr1:1-1,Non-promoter,0.0,0,0,0,0,0
chr1:1-1,Non-promoter,0.0,0,0,0,0,0
chr1:1-1,Non-promoter,0.0,0,0,0,0,0
chr1:1-1,Non-promoter,0.0,0,0,0,0,0
chr1:1-1,Non-promoter,0.0,0,0,0,0,0
chr1:1-1,Non-promoter,0.0,0,0,0,0,0
chr1:1-1,Non-promoter,0.0,0,0,0,0,0
chr1:1-1,Non-promoter,0.0,0,0,0,0,0
chr1:1-1,Non-promoter,0.0,0,0,0,0,0
chr1:1-1,Non-promoter,0.0,0,0,0,0,0
chr1:1-1,Non-promoter,0.0,0,0,0,0,0
chr1:1-1,Non-promoter,0.0,0,0,0,0,0
chr1:1-1,Non-promoter,0.0,0,0,0,0,0
chr1:1-1,Non-promoter,0.0,0,0,0,0,0
chr1:1-1,Non-promoter,0.0,0,0,0,0,0
chr1:1-1,Non-promoter,0.0,0,0,0,0,0
chr1:1-1,Non-promoter,0.0,0,0,0,0,0
chr1:1-1,Non-promoter,0.0,0,0,0,0,0
chr1:1-1,Non-promoter,0.0,0,0,0,0,0
chr1:1-1,Non-promoter,0.0,0,0,0,0,0
chr1:1-1,Non-promoter,0.0,0,0,0,0,0
chr1:1-1,Non-promoter,0.0,0,0,0,0,0
chr1:1-1,Non-promoter,0.0,0,0,0,0,0
chr1:1-1,Non-promoter,0.0,0,0,0,0,0
chr1:1-1,Non-promoter,0.0,0,0,0,0,0
chr1:1-1,Non-promoter,0.0,0,0,0,0,0
chr1:1-1,Non-promoter,0.0,0,0,0,0,0
chr1:1-1,Non-promoter,0.0,0,0,0,0,0
chr1:1-1,Non-promoter,0.0,0,0,0,0,0
chr1:1-1,Non-promoter,0.0,0,0,0,0,0
chr1:1-1,Non-promoter,0.0,0,0,0,0,0
chr1:1-1,Non-promoter,0.0,0,0,0,0,0
chr1:1-1,Non-promoter,0.0,0,0,0,0,0
chr1:1-1,Non-promoter,0.0,0,0,0,0,0
chr1:1-1,Non-promoter,0.0,0,0,0,0,0
chr1:1-1,Non-promoter,0.0,0,0,0,0,0
chr1:1-1,Non-promoter,0.0,0,0,0,0,0
chr1:1-1,Non-promoter,0.0,0,0,0,0,0
chr1:1-1,Non-promoter,0.0,0,0,0,0,0
chr1:1-1,Non-promoter,0.0,0,0,0,0,0
chr1:1-1,Non-promoter,0.0,0,0,0,0,0
chr1:1-1,Non-promoter,0.0,0,0,0,0,0
chr1:1-1,Non-promoter,0.0,0,0,0,0,0
chr1:1-1,Non-promoter,0.0,0,0,0,0,0
chr1:1-1,Non-promoter,0.0,0,0,0,0,0
chr1:1-1,Non-promoter,0.0,0,0,0,0,0
chr1:1-1,Non-promoter,0.0,0,0,0,0,0
chr1:1-1,Non-promoter,0.0,0,0,0,0,0
chr1:1-1,Non-promoter,0.0,0,0,0,0,0
chr1:1-1,Non-promoter,0.0,0,0,0,0,0
chr1:1-1,Non-promoter,0.0,0,0,0,0,0
chr1:1-1,Non-promoter,0.0,0,0,0,0,0
chr1:1-1,Non-promoter,0.0,0,0,0,0,0
chr1:1-1,Non-promoter,0.0,0,0,0,0,0
chr1:1-1,Non-promoter,0.0,0,0,0,0,0
chr1:1-1,Non-promoter,0.0,0,0,0,0,0
chr1:1-1,Non-promoter,0.0,0,0,0,0,0
chr1:1-1,Non-promoter,0.0,0,0,0,0,0
chr1:1-1,Non-promoter,0.0,0,0,0,0,0
chr1:1-1,Non-promoter,0.0,0,0,0,0,0
chr1:1-1,Non-promoter,0.0,0,0,0,0,0
chr1:1-1,Non-promoter,0.0,0,0,0,0,0
chr1:1-1,Non-promoter,0.0,0,0,0,0,0
chr1:1-1,Non-promoter,0.0,0,0,0,0,0
chr1:1-1,Non-promoter,0.0,0,0,0,0,0
chr1:1-1,Non-promoter,0.0,0,0,0,0,0
chr1:1-1,Non-promoter,0.0,0,0,0,0,0
chr1:1-1,Non-promoter,0.0,0,0,0,0,0
chr1:1-1,Non-promoter,0.0,0,0,0,0,0
chr1:1-1,Non-promoter,0.0,0,0,0,0,0
chr1:1-1,Non-promoter,0.0,0,0,0,0,0
chr1:1-1,Non-promoter,0.0,0,0,0,0,0
chr1:1-1,Non-promoter,0.0,0,0,0,0,0
chr1:1-1,Non-promoter,0.0,0,0,0,0,0
chr1:1-1,Non-promoter,0.0,0,0,0,0,0
chr1:1-1,Non-promoter,0.0,0,0,0,0,0
chr1:1-1,Non-promoter,0.0,0,0,0,0,0
chr1:1-1,Non-promoter,0.0,0,0,0,0,0
chr1:1-1,Non-promoter,0.0,0,0,0,0,0
chr1:1-1,Non-promoter,0.0,0,0,0,0,0
chr1:1-1,Non-promoter,0.0,0,0,0,0,0
chr1:1-1,Non-promoter,0.0,0,0,0,0,0
chr1:1-1,Non-promoter,0.0,0,0,0,0,0
chr1:1-1,Non-promoter,0.0,0,0,0,0,0
chr1:1-1,Non-promoter,0.0,0,0,0,0,0
chr1:1-1,Non-promoter,0.0,0,0,0,0,0
chr1:1-1,Non-promoter,0.0,0,0,0,0,0
chr1:1-1,Non-promoter,0.0,0,0,0,0,0
chr1:1-1,Non-promoter,0.0,0,0,0,0,0
chr1:1-1,Non-promoter,0.0,0,0,0,0,0
chr1:1-1,Non-promoter,0.0,0,0,0,0,0
chr1:1-1,Non-promoter,0.0,0,0,0,0,0
chr1:1-1,Non-promoter,0.0,0,0,0,0,0
chr1:1-1,Non-promoter,0.0,0,0,0,0,0
chr1:1-1,Non-promoter,0.0,0,0,0,0,0
chr1:1-1,Non-promoter,0.0,0,0,0,0,0
chr1:1-1,Non-promoter,0.0,0,0,0,0,0
chr1:1-1,Non-promoter,0.0,0,0,0,0,0
chr1:1-1,Non-promoter,0.0,0,0,0,0,0
chr1:1-1,Non-promoter,0.0,0,0,0,0,0
chr1:1-1,Non-promoter,0.0,0,0,0,0,0
chr1:1-1,Non-promoter,0.0,0,0,0,0,0
chr1:1-1,Non-promoter,0.0,0,0,0,0,0
chr1:1-1,Non-promoter,0.0,0,0,0,0,0
chr1:1-1,Non-promoter,0.0,0,0,0,0,0
chr1:1-1,Non-promoter,0.0,0,0,0,0,0
chr1:1-1,Non-promoter,0.0,0,0,0,0,0
chr1:1-1,Non-promoter,0.0,0,0,0,0,0
chr1:1-1,Non-promoter,0.0,0,0,0,0,0
chr1:1-1,Non-promoter,0.0,0,0,0,0,0
chr1:1-1,Non-promoter,0.0,0,0,0,0,0
chr1:1-1,Non-promoter,0.0,0,0,0,0,0
chr1:1-1,Non-promoter,0.0,0,0,0,0,0
chr1:1-1,Non-promoter,0.0,0,0,0,0,0
chr1:1-1,Non-promoter,0.0,0,0,0,0,0
chr1:1-1,Non-promoter,0.0,0,0,0,0,0
chr1:1-1,Non-promoter,0.0,0,0,0,0,0
chr1:1-1,Non-promoter,0.0,0,0,0,0,0
chr1:1-1,Non-promoter,0.0,0,0,0,0,0
chr1:1-1,Non-promoter,0.0,0,0,0,0,0
chr1:1-1,Non-promoter,0.0,0,0,0,0,0
chr1:1-1,Non-promoter,0.0,0,0,0,0,0
chr1:1-1,Non-promoter,0.0,0,0,0,0,0
chr1:1-1,Non-promoter,0.0,0,0,0,0,0
chr1:1-1,Non-promoter,0.0,0,0,0,0,0
chr1:1-1,Non-promoter,0.0,0,0,0,0,0
chr1:1-1,Non-promoter,0.0,0,0,0,0,0
chr1:1-1,Non-promoter,0.0,0,0,0,0,0
chr1:1-1,Non-promoter,0.0,0,0,0,0,0
chr1:1-1,Non-promoter,0.0,0,0,0,0,0
chr1:1-1,Non-promoter,0.0,0,0,0,0,0
chr1:1-1,Non-promoter,0.0,0,0,0,0,0
chr1:1-1,Non-promoter,0.0,0,0,0,0,0
chr1:1-1,Non-promoter,0.0,0,0,0,0,0
chr1:1-1,Non-promoter,0.0,0,0,0,0,0
chr1:1-1,Non-promoter,0.0,0,0,0,0,0
chr1:1-1,Non-promoter,0.0,0,0,0,0,0
chr1:1-1,Non-promoter,0.0,0,0,0,0,0
chr1:1-1,Non-promoter,0.0,0,0,0,0,0
chr1:1-1,Non-promoter,0.0,0,0,0,0,0
chr1:1-1,Non-promoter,0.0,0,0,0,0,0
chr1:1-1,Non-promoter,0.0,0,0,0,0,0
chr1:1-1,Non-promoter,0.0,0,0,0,0,0
chr1:1-1,Non-promoter,0.0,0,0,0,0,0
chr1:1-1,Non-promoter,0.0,0,0,0,0,0
chr1:1-1,Non-promoter,0.0,0,0,0,0,0
chr1:1-1,Non-promoter,0.0,0,0,0,0,0
chr1:1-1,Non-promoter,0.0,0,0,0,0,0
chr1:1-1,Non-promoter,0.0,0,0,0,0,0
chr1:1-1,Non-promoter,0.0,0,0,0,0,0
chr1:1-1,Non-promoter,0.0,0,0,0,0,0
chr1:1-1,Non-promoter,0.0,0,0,0,0,0
chr1:1-1,Non-promoter,0.0,0,0,0,0,0
chr1:1-1,Non-promoter,0.0,0,0,0,0,0
chr1:1-1,Non-promoter,0.0,0,0,0,0,0
chr1:1-1,Non-promoter,0.0,0,0,0,0,0
chr1:1-1,Non-promoter,0.0,0,0,0,0,0
chr1:1-1,Non-promoter,0.0,0,0,0,0,0
chr1:1-1,Non-promoter,0.0,0,0,0,0,0
chr1:1-1,Non-promoter,0.0,0,0,0,0,0
chr1:1-1,Non-promoter,0.0,0,0,0,0,0
chr1:1-1,Non-promoter,0.0,0,0,0,0,0
chr1:1-1,Non-promoter,0.0,0,0,0,0,0
chr1:1-1,Non-promoter,0.0,0,0,0,0,0
chr1:1-1,Non-promoter,0.0,0,0,0,0,0
chr1:1-1,Non-promoter,0.0,0,0,0,0,0
chr1:1-1,Non-promoter,0.0,0,0,0,0,0
chr1:1-1,Non-promoter,0.0,0,0,0,0,0
chr1:1-1,Non-promoter,0.0,0,0,0,0,0
chr1:1-1,Non-promoter,0.0,0,0,0,0,0
chr1:1-1,Non-promoter,0.0,0,0,0,0,0
chr1:1-1,Non-promoter,0.0,0,0,0,0,0
chr1:1-1,Non-promoter,0.0,0,0,0,0,0
chr1:1-1,Non-promoter,0.0,0,0,0,0,0
chr1:1-1,Non-promoter,0.0,0,0,0,0,0
chr1:1-1,Non-promoter,0.0,0,0,0,0,0
chr1:1-1,Non-promoter,0.0,0,0,0,0,0
chr1:1-1,Non-promoter,0.0,0,0,0,0,0
chr1:1-1,Non-promoter,0.0,0,0,0,0,0
chr1:1-1,Non-promoter,0.0,0,0,0,0,0
chr1:1-1,Non-promoter,0.0,0,0,0,0,0
chr1:1-1,Non-promoter,0.0,0,0,0,0,0
chr1:1-1,Non-promoter,0.0,0,0,0,0,0
chr1:1-1,Non-promoter,0.0,0,0,0,0,0
chr1:1-1,Non-promoter,0.0,0,0,0,0,0
chr1:1-1,Non-promoter,0.0,0,0,0,0,0
chr1:1-1,Non-promoter,0.0,0,0,0,0,0
chr1:1-1,Non-promoter,0.0,0,0,0,0,0
chr1:1-1,Non-promoter,0.0,0,0,0,0,0
chr1:1-1,Non-promoter,0.0,0,0,0,0,0
chr1:1-1,Non-promoter,0.0,0,0,0,0,0
chr1:1-1,Non-promoter,0.0,0,0,0,0,0
chr1:1-1,Non-promoter,0.0,0,0,0,0,0
chr1:1-1,Non-promoter,0.0,0,0,0,0,0
chr1:1-1,Non-promoter,0.0,0,0,0,0,0
chr1:1-1,Non-promoter,0.0,0,0,0,0,0
chr1:1-1,Non-promoter,0.0,0,0,0,0,0
chr1:1-1,Non-promoter,0.0,0,0,0,0,0
chr1:1-1,Non-promoter,0.0,0,0,0,0,0
chr1:1-1,Non-promoter,0.0,0,0,0,0,0
chr1:1-1,Non-promoter,0.0,0,0,0,0,0
chr1:1-1,Non-promoter,0.0,0,0,0,0,0
chr1:1-1,Non-promoter,0.0,0,0,0,0,0
chr1:1-1,Non-promoter,0.0,0,0,0,0,0
chr1:1-1,Non-promoter,0.0,0,0,0,0,0
chr1:1-1,Non-promoter,0.0,0,0,0,0,0
chr1:1-1,Non-promoter,0.0,0,0,0,0,0
chr1:1-1,Non-promoter,0.0,0,0,0,0,0
chr1:1-1,Non-promoter,0.0,0,0,0,0,0
chr1:1-1,Non-promoter,0.0,0,0,0,0,0
chr1:1-1,Non-promoter,0.0,0,0,0,0,0
chr1:1-1,Non-promoter,0.0,0,0,0,0,0
chr1:1-1,Non-promoter,0.0,0,0,0,0,0
chr1:1-1,Non-promoter,0.0,0,0,0,0,0
chr1:1-1,Non-promoter,0.0,0,0,0,0,0
chr1:1-1,Non-promoter,0.0,0,0,0,0,0
chr1:1-1,Non-promoter,0.0,0,0,0,0,0
chr1:1-1,Non-promoter,0.0,0,0,0,0,0
chr1:1-1,Non-promoter,0.0,0,0,0,0,0
chr1:1-1,Non-promoter,0.0,0,0,0,0,0
chr1:1-1,Non-promoter,0.0,0,0,0,0,0
chr1:1-1,Non-promoter,0.0,0,0,0,0,0
chr1:1-1,Non-promoter,0.0,0,0,0,0,0
chr1:1-1,Non-promoter,0.0,0,0,0,0,0
chr1:1-1,Non-promoter,0.0,0,0,0,0,0
chr1:1-1,Non-promoter,0.0,0,0,0,0,0
chr1:1-1,Non-promoter,0.0,0,0,0,0,0
chr1:1-1,Non-promoter,0.0,0,0,0,0,0
chr1:1-1,Non-promoter,0.0,0,0,0,0,0
chr1:1-1,Non-promoter,0.0,0,0,0,0,0
chr1:1-1,Non-promoter,0.0,0,0,0,0,0
chr1:1-1,Non-promoter,0.0,0,0,0,0,0
chr1:1-1,Non-promoter,0.0,0,0,0,0,0
chr1:1-1,Non-promoter,0.0,0,0,0,0,0
chr1:1-1,Non-promoter,0.0,0,0,0,0,0
chr1:1-1,Non-promoter,0.0,0,0,0,0,0
chr1:1-1,Non-promoter,0.0,0,0,0,0,0
chr1:1-1,Non-promoter,0.0,0,0,0,0,0
chr1:1-1,Non-promoter,0.0,0,0,0,0,0
chr1:1-1,Non-promoter,0.0,0,0,0,0,0
chr1:1-1,Non-promoter,0.0,0,0,0,0,0
chr1:1-1,Non-promoter,0.0,0,0,0,0,0
chr1:1-1,Non-promoter,0.0,0,0,0,0,0
chr1:1-1,Non-promoter,0.0,0,0,0,0,0
chr1:1-1,Non-promoter,0.0,0,0,0,0,0
chr1:1-1,Non-promoter,0.0,0,0,0,0,0
chr1:1-1,Non-promoter,0.0,0,0,0,0,0
chr1:1-1,Non-promoter,0.0,0,0,0,0,0
chr1:1-1,Non-promoter,0.0,0,0,0,0,0
chr1:1-1,Non-promoter,0.0,0,0,0,0,0
chr1:1-1,Non-promoter,0.0,0,0,0,0,0
chr1:1-1,Non-promoter,0.0,0,0,0,0,0
chr1:1-1,Non-promoter,0.0,0,0,0,0,0
chr1:1-1,Non-promoter,0.0,0,0,0,0,0
chr1:1-1,Non-promoter,0.0,0,0,0,0,0
chr1:1-1,Non-promoter,0.0,0,0,0,0,0
chr1:1-1,Non-promoter,0.0,0,0,0,0,0
chr1:1-1,Non-promoter,0.0,0,0,0,0,0
chr1:1-1,Non-promoter,0.0,0,0,0,0,0
chr1:1-1,Non-promoter,0.0,0,0,0,0,0
chr1:1-1,Non-promoter,0.0,0,0,0,0,0
chr1:1-1,Non-promoter,0.0,0,0,0,0,0
chr1:1-1,Non-promoter,0.0,0,0,0,0,0
chr1:1-1,Non-promoter,0.0,0,0,0,0,0
chr1:1-1,Non-promoter,0.0,0,0,0,0,0
chr1:1-1,Non-promoter,0.0,0,0,0,0,0
chr1:1-1,Non-promoter,0.0,0,0,0,0,0
chr1:1-1,Non-promoter,0.0,0,0,0,0,0
chr1:1-1,Non-promoter,0.0,0,0,0,0,0
chr1:1-1,Non-promoter,0.0,0,0,0,0,0
chr1:1-1,Non-promoter,0.0,0,0,0,0,0
chr1:1-1,Non-promoter,0.0,0,0,0,0,0
chr1:1-1,Non-promoter,0.0,0,0,0,0,0
chr1:1-1,Non-promoter,0.0,0,0,0,0,0
chr1:1-1,Non-promoter,0.0,0,0,0,0,0
chr1:1-1,Non-promoter,0.0,0,0,0,0,0
chr1:1-1,Non-promoter,0.0,0,0,0,0,0
chr1:1-1,Non-promoter,0.0,0,0,0,0,0
chr1:1-1,Non-promoter,0.0,0,0,0,0,0
chr1:1-1,Non-promoter,0.0,0,0,0,0,0
chr1:1-1,Non-promoter,0.0,0,0,0,0,0
chr1:1-1,Non-promoter,0.0,0,0,0,0,0
chr1:1-1,Non-promoter,0.0,0,0,0,0,0
chr1:1-1,Non-promoter,0.0,0,0,0,0,0
chr1:1-1,Non-promoter,0.0,0,0,0,0,0
chr1:1-1,Non-promoter,0.0,0,0,0,0,0
chr1:1-1,Non-promoter,0.0,0,0,0,0,0
chr1:1-1,Non-promoter,0.0,0,0,0,0,0
chr1:1-1,Non-promoter,0.0,0,0,0,0,0
chr1:1-1,Non-promoter,0.0,0,0,0,0,0
chr1:1-1,Non-promoter,0.0,0,0,0,0,0
chr1:1-1,Non-promoter,0.0,0,0,0,0,0
chr1:1-1,Non-promoter,0.0,0,0,0,0,0
chr1:1-1,Non-promoter,0.0,0,0,0,0,0
chr1:1-1,Non-promoter,0.0,0,0,0,0,0
chr1:1-1,Non-promoter,0.0,0,0,0,0,0
chr1:1-1,Non-promoter,0.0,0,0,0,0,0
chr1:1-1,Non-promoter,0.0,0,0,0,0,0
chr1:1-1,Non-promoter,0.0,0,0,0,0,0
chr1:1-1,Non-promoter,0.0,0,0,0,0,0
chr1:1-1,Non-promoter,0.0,0,0,0,0,0
chr1:1-1,Non-promoter,0.0,0,0,0,0,0
chr1:1-1,Non-promoter,0.0,0,0,0,0,0
chr1:1-1,Non-promoter,0.0,0,0,0,0,0
chr1:1-1,Non-promoter,0.0,0,0,0,0,0
chr1:1-1,Non-promoter,0.0,0,0,0,0,0
chr1:1-1,Non-promoter,0.0,0,0,0,0,0
chr1:1-1,Non-promoter,0.0,0,0,0,0,0
chr1:1-1,Non-promoter,0.0,0,0,0,0,0
chr1:1-1,Non-promoter,0.0,0,0,0,0,0
chr1:1-1,Non-promoter,0.0,0,0,0,0,0
chr1:1-1,Non-promoter,0.0,0,0,0,0,0
chr1:1-1,Non-promoter,0.0,0,0,0,0,0
chr1:1-1,Non-promoter,0.0,0,0,0,0,0
chr1:1-1,Non-promoter,0.0,0,0,0,0,0
chr1:1-1,Non-promoter,0.0,0,0,0,0,0
chr1:1-1,Non-promoter,0.0,0,0,0,0,0
chr1:1-1,Non-promoter,0.0,0,0,0,0,0
chr1:1-1,Non-promoter,0.0,0,0,0,0,0
chr1:1-1,Non-promoter,0.0,0,0,0,0,0
chr1:1-1,Non-promoter,0.0,0,0,0,0,0
chr1:1-1,Non-promoter,0.0,0,0,0,0,0
chr1:1-1,Non-promoter,0.0,0,0,0,0,0
chr1:1-1,Non-promoter,0.0,0,0,0,0,0
chr1:1-1,Non-promoter,0.0,0,0,0,0,0
chr1:1-1,Non-promoter,0.0,0,0,0,0,0
chr1:1-1,Non-promoter,0.0,0,0,0,0,0
chr1:1-1,Non-promoter,0.0,0,0,0,0,0
chr1:1-1,Non-promoter,0.0,0,0,0,0,0
chr1:1-1,Non-promoter,0.0,0,0,0,0,0
chr1:1-1,Non-promoter,0.0,0,0,0,0,0
chr1:1-1,Non-promoter,0.0,0,0,0,0,0
chr1:1-1,Non-promoter,0.0,0,0,0,0,0
chr1:1-1,Non-promoter,0.0,0,0,0,0,0
chr1:1-1,Non-promoter,0.0,0,0,0,0,0
chr1:1-1,Non-promoter,0.0,0,0,0,0,0
chr1:1-1,Non-promoter,0.0,0,0,0,0,0
chr1:1-1,Non-promoter,0.0,0,0,0,0,0
chr1:1-1,Non-promoter,0.0,0,0,0,0,0
chr1:1-1,Non-promoter,0.0,0,0,0,0,0
chr1:1-1,Non-promoter,0.0,0,0,0,0,0
chr1:1-1,Non-promoter,0.0,0,0,0,0,0
chr1:1-1,Non-promoter,0.0,0,0,0,0,0
chr1:1-1,Non-promoter,0.0,0,0,0,0,0
chr1:1-1,Non-promoter,0.0,0,0,0,0,0
chr1:1-1,Non-promoter,0.0,0,0,0,0,0
chr1:1-1,Non-promoter,0.0,0,0,0,0,0
chr1:1-1,Non-promoter,0.0,0,0,0,0,0
chr1:1-1,Non-promoter,0.0,0,0,0,0,0
chr1:1-1,Non-promoter,0.0,0,0,0,0,0
chr1:1-1,Non-promoter,0.0,0,0,0,0,0
chr1:1-1,Non-promoter,0.0,0,0,0,0,0
chr1:1-1,Non-promoter,0.0,0,0,0,0,0
chr1:1-1,Non-promoter,0.0,0,0,0,0,0
chr1:1-1,Non-promoter,0.0,0,0,0,0,0
chr1:1-1,Non-promoter,0.0,0,0,0,0,0
chr1:1-1,Non-promoter,0.0,0,0,0,0,0
chr1:1-1,Non-promoter,0.0,0,0,0,0,0
chr1:1-1,Non-promoter,0.0,0,0,0,0,0
chr1:1-1,Non-promoter,0.0,0,0,0,0,0
chr1:1-1,Non-promoter,0.0,0,0,0,0,0
chr1:1-1,Non-promoter,0.0,0,0,0,0,0
chr1:1-1,Non-promoter,0.0,0,0,0,0,0
chr1:1-1,Non-promoter,0.0,0,0,0,0,0
chr1:1-1,Non-promoter,0.0,0,0,0,0,0
chr1:1-1,Non-promoter,0.0,0,0,0,0,0
chr1:1-1,Non-promoter,0.0,0,0,0,0,0
chr1:1-1,Non-promoter,0.0,0,0,0,0,0
chr1:1-1,Non-promoter,0.0,0,0,0,0,0
chr1:1-1,Non-promoter,0.0,0,0,0,0,0
chr1:1-1,Non-promoter,0.0,0,0,0,0,0
chr1:1-1,Non-promoter,0.0,0,0,0,0,0
chr1:1-1,Non-promoter,0.0,0,0,0,0,0
chr1:1-1,Non-promoter,0.0,0,0,0,0,0
chr1:1-1,Non-promoter,0.0,0,0,0,0,0
chr1:1-1,Non-promoter,0.0,0,0,0,0,0
chr1:1-1,Non-promoter,0.0,0,0,0,0,0
chr1:1-1,Non-promoter,0.0,0,0,0,0,0
chr1:1-1,Non-promoter,0.0,0,0,0,0,0
chr1:1-1,Non-promoter,0.0,0,0,0,0,0
chr1:1-1,Non-promoter,0.0,0,0,0,0,0
chr1:1-1,Non-promoter,0.0,0,0,0,0,0
chr1:1-1,Non-promoter,0.0,0,0,0,0,0
chr1:1-1,Non-promoter,0.0,0,0,0,0,0
chr1:1-1,Non-promoter,0.0,0,0,0,0,0
chr1:1-1,Non-promoter,0.0,0,0,0,0,0
chr1:1-1,Non-promoter,0.0,0,0,0,0,0
chr1:1-1,Non-promoter,0.0,0,0,0,0,0
chr1:1-1,Non-promoter,0.0,0,0,0,0,0
chr1:1-1,Non-promoter,0.0,0,0,0,0,0
chr1:1-1,Non-promoter,0.0,0,0,0,0,0
chr1:1-1,Non-promoter,0.0,0,0,0,0,0
chr1:1-1,Non-promoter,0.0,0,0,0,0,0
chr1:1-1,Non-promoter,0.0,0,0,0,0,0
chr1:1-1,Non-promoter,0.0,0,0,0,0,0
chr1:1-1,Non-promoter,0.0,0,0,0,0,0
chr1:1-1,Non-promoter,0.0,0,0,0,0,0
chr1:1-1,Non-promoter,0.0,0,0,0,0,0
chr1:1-1,Non-promoter,0.0,0,0,0,0,0
chr1:1-1,Non-promoter,0.0,0,0,0,0,0
chr1:1-1,Non-promoter,0.0,0,0,0,0,0
chr1:1-1,Non-promoter,0.0,0,0,0,0,0
chr1:1-1,Non-promoter,0.0,0,0,0,0,0
chr1:1-1,Non-promoter,0.0,0,0,0,0,0
chr1:1-1,Non-promoter,0.0,0,0,0,0,0
chr1:1-1,Non-promoter,0.0,0,0,0,0,0
chr1:1-1,Non-promoter,0.0,0,0,0,0,0
chr1:1-1,Non-promoter,0.0,0,0,0,0,0
chr1:1-1,Non-promoter,0.0,0,0,0,0,0
chr1:1-1,Non-promoter,0.0,0,0,0,0,0
chr1:1-1,Non-promoter,0.0,0,0,0,0,0
chr1:1-1,Non-promoter,0.0,0,0,0,0,0
chr1:1-1,Non-promoter,0.0,0,0,0,0,0
chr1:1-1,Non-promoter,0.0,0,0,0,0,0
chr1:1-1,Non-promoter,0.0,0,0,0,0,0
chr1:1-1,Non-promoter,0.0,0,0,0,0,0
chr1:1-1,Non-promoter,0.0,0,0,0,0,0
chr1:1-1,Non-promoter,0.0,0,0,0,0,0
chr1:1-1,Non-promoter,0.0,0,0,0,0,0
chr1:1-1,Non-promoter,0.0,0,0,0,0,0
chr1:1-1,Non-promoter,0.0,0,0,0,0,0
chr1:1-1,Non-promoter,0.0,0,0,0,0,0
chr1:1-1,Non-promoter,0.0,0,0,0,0,0
chr1:1-1,Non-promoter,0.0,0,0,0,0,0
chr1:1-1,Non-promoter,0.0,0,0,0,0,0
chr1:1-1,Non-promoter,0.0,0,0,0,0,0
chr1:1-1,Non-promoter,0.0,0,0,0,0,0
chr1:1-1,Non-promoter,0.0,0,0,0,0,0
chr1:1-1,Non-promoter,0.0,0,0,0,0,0
chr1:1-1,Non-promoter,0.0,0,0,0,0,0
chr1:1-1,Non-promoter,0.0,0,0,0,0,0
chr1:1-1,Non-promoter,0.0,0,0,0,0,0
chr1:1-1,Non-promoter,0.0,0,0,0,0,0
chr1:1-1,Non-promoter,0.0,0,0,0,0,0
chr1:1-1,Non-promoter,0.0,0,0,0,0,0
chr1:1-1,Non-promoter,0.0,0,0,0,0,0
chr1:1-1,Non-promoter,0.0,0,0,0,0,0
chr1:1-1,Non-promoter,0.0,0,0,0,0,0
chr1:1-1,Non-promoter,0.0,0,0,0,0,0
chr1:1-1,Non-promoter,0.0,0,0,0,0,0
chr1:1-1,Non-promoter,0.0,0,0,0,0,0
chr1:1-1,Non-promoter,0.0,0,0,0,0,0
chr1:1-1,Non-promoter,0.0,0,0,0,0,0
chr1:1-1,Non-promoter,0.0,0,0,0,0,0
chr1:1-1,Non-promoter,0.0,0,0,0,0,0
chr1:1-1,Non-promoter,0.0,0,0,0,0,0
chr1:1-1,Non-promoter,0.0,0,0,0,0,0
chr1:1-1,Non-promoter,0.0,0,0,0,0,0
chr1:1-1,Non-promoter,0.0,0,0,0,0,0
chr1:1-1,Non-promoter,0.0,0,0,0,0,0
chr1:1-1,Non-promoter,0.0,0,0,0,0,0
chr1:1-1,Non-promoter,0.0,0,0,0,0,0
chr1:1-1,Non-promoter,0.0,0,0,0,0,0
chr1:1-1,Non-promoter,0.0,0,0,0,0,0
chr1:1-1,Non-promoter,0.0,0,0,0,0,0
chr1:1-1,Non-promoter,0.0,0,0,0,0,0
chr1:1-1,Non-promoter,0.0,0,0,0,0,0
chr1:1-1,Non-promoter,0.0,0,0,0,0,0
chr1:1-1,Non-promoter,0.0,0,0,0,0,0
chr1:1-1,Non-promoter,0.0,0,0,0,0,0
chr1:1-1,Non-promoter,0.0,0,0,0,0,0
chr1:1-1,Non-promoter,0.0,0,0,0,0,0
chr1:1-1,Non-promoter,0.0,0,0,0,0,0
chr1:1-1,Non-promoter,0.0,0,0,0,0,0
chr1:1-1,Non-promoter,0.0,0,0,0,0,0
chr1:1-1,Non-promoter,0.0,0,0,0,0,0
chr1:1-1,Non-promoter,0.0,0,0,0,0,0
chr1:1-1,Non-promoter,0.0,0,0,0,0,0
chr1:1-1,Non-promoter,0.0,0,0,0,0,0
chr1:1-1,Non-promoter,0.0,0,0,0,0,0
chr1:1-1,Non-promoter,0.0,0,0,0,0,0
chr1:1-1,Non-promoter,0.0,0,0,0,0,0
chr1:1-1,Non-promoter,0.0,0,0,0,0,0
chr1:1-1,Non-promoter,0.0,0,0,0,0,0
chr1:1-1,Non-promoter,0.0,0,0,0,0,0
chr1:1-1,Non-promoter,0.0,0,0,0,0,0
chr1:1-1,Non-promoter,0.0,0,0,0,0,0
chr1:1-1,Non-promoter,0.0,0,0,0,0,0
chr1:1-1,Non-promoter,0.0,0,0,0,0,0
chr1:1-1,Non-promoter,0.0,0,0,0,0,0
chr1:1-1,Non-promoter,0.0,0,0,0,0,0
chr1:1-1,Non-promoter,0.0,0,0,0,0,0
chr1:1-1,Non-promoter,0.0,0,0,0,0,0
chr1:1-1,Non-promoter,0.0,0,0,0,0,0
chr1:1-1,Non-promoter,0.0,0,0,0,0,0
chr1:1-1,Non-promoter,0.0,0,0,0,0,0
chr1:1-1,Non-promoter,0.0,0,0,0,0,0
chr1:1-1,Non-promoter,0.0,0,0,0,0,0
chr1:1-1,Non-promoter,0.0,0,0,0,0,0
chr1:1-1,Non-promoter,0.0,0,0,0,0,0
chr1:1-1,Non-promoter,0.0,0,0,0,0,0
chr1:1-1,Non-promoter,0.0,0,0,0,0,0
chr1:1-1,Non-promoter,0.0,0,0,0,0,0
chr1:1-1,Non-promoter,0.0,0,0,0,0,0
chr1:1-1,Non-promoter,0.0,0,0,0,0,0
chr1:1-1,Non-promoter,0.0,0,0,0,0,0
chr1:1-1,Non-promoter,0.0,0,0,0,0,0
chr1:1-1,Non-promoter,0.0,0,0,0,0,0
chr1:1-1,Non-promoter,0.0,0,0,0,0,0
chr1:1-1,Non-promoter,0.0,0,0,0,0,0
chr1:1-1,Non-promoter,0.0,0,0,0,0,0
chr1:1-1,Non-promoter,0.0,0,0,0,0,0
chr1:1-1,Non-promoter,0.0,0,0,0,0,0
chr1:1-1,Non-promoter,0.0,0,0,0,0,0
chr1:1-1,Non-promoter,0.0,0,0,0,0,0
chr1:1-1,Non-promoter,0.0,0,0,0,0,0
chr1:1-1,Non-promoter,0.0,0,0,0,0,0
chr1:1-1,Non-promoter,0.0,0,0,0,0,0
chr1:1-1,Non-promoter,0.0,0,0,0,0,0
chr1:1-1,Non-promoter,0.0,0,0,0,0,0
chr1:1-1,Non-promoter,0.0,0,0,0,0,0
chr1:1-1,Non-promoter,0.0,0,0,0,0,0
chr1:1-1,Non-promoter,0.0,0,0,0,0,0
chr1:1-1,Non-promoter,0.0,0,0,0,0,0
chr1:1-1,Non-promoter,0.0,0,0,0,0,0
chr1:1-1,Non-promoter,0.0,0,0,0,0,0
chr1:1-1,Non-promoter,0.0,0,0,0,0,0
chr1:1-1,Non-promoter,0.0,0,0,0,0,0
chr1:1-1,Non-promoter,0.0,0,0,0,0,0
chr1:1-1,Non-promoter,0.0,0,0,0,0,0
chr1:1-1,Non-promoter,0.0,0,0,0,0,0
chr1:1-1,Non-promoter,0.0,0,0,0,0,0
chr1:1-1,Non-promoter,0.0,0,0,0,0,0
chr1:1-1,Non-promoter,0.0,0,0,0,0,0
chr1:1-1,Non-promoter,0.0,0,0,0,0,0
chr1:1-1,Non-promoter,0.0,0,0,0,0,0
chr1:1-1,Non-promoter,0.0,0,0,0,0,0
chr1:1-1,Non-promoter,0.0,0,0,0,0,0
chr1:1-1,Non-promoter,0.0,0,0,0,0,0
chr1:1-1,Non-promoter,0.0,0,0,0,0,0
chr1:1-1,Non-promoter,0.0,0,0,0,0,0
chr1:1-1,Non-promoter,0.0,0,0,0,0,0
chr1:1-1,Non-promoter,0.0,0,0,0,0,0
chr1:1-1,Non-promoter,0.0,0,0,0,0,0
chr1:1-1,Non-promoter,0.0,0,0,0,0,0
chr1:1-1,Non-promoter,0.0,0,0,0,0,0
chr1:1-1,Non-promoter,0.0,0,0,0,0,0
chr1:1-1,Non-promoter,0.0,0,0,0,0,0
chr1:1-1,Non-promoter,0.0,0,0,0,0,0
chr1:1-1,Non-promoter,0.0,0,0,0,0,0
chr1:1-1,Non-promoter,0.0,0,0,0,0,0
chr1:1-1,Non-promoter,0.0,0,0,0,0,0
chr1:1-1,Non-promoter,0.0,0,0,0,0,0
chr1:1-1,Non-promoter,0.0,0,0,0,0,0
chr1:1-1,Non-promoter,0.0,0,0,0,0,0
chr1:1-1,Non-promoter,0.0,0,0,0,0,0
chr1:1-1,Non-promoter,0.0,0,0,0,0,0
chr1:1-1,Non-promoter,0.0,0,0,0,0,0
chr1:1-1,Non-promoter,0.0,0,0,0,0,0
chr1:1-1,Non-promoter,0.0,0,0,0,0,0
chr1:1-1,Non-promoter,0.0,0,0,0,0,0
chr1:1-1,Non-promoter,0.0,0,0,0,0,0
chr1:1-1,Non-promoter,0.0,0,0,0,0,0
chr1:1-1,Non-promoter,0.0,0,0,0,0,0
chr1:1-1,Non-promoter,0.0,0,0,0,0,0
chr1:1-1,Non-promoter,0.0,0,0,0,0,0
chr1:1-1,Non-promoter,0.0,0,0,0,0,0
chr1:1-1,Non-promoter,0.0,0,0,0,0,0
chr1:1-1,Non-promoter,0.0,0,0,0,0,0
chr1:1-1,Non-promoter,0.0,0,0,0,0,0
chr1:1-1,Non-promoter,0.0,0,0,0,0,0
chr1:1-1,Non-promoter,0.0,0,0,0,0,0
chr1:1-1,Non-promoter,0.0,0,0,0,0,0
chr1:1-1,Non-promoter,0.0,0,0,0,0,0
chr1:1-1,Non-promoter,0.0,0,0,0,0,0
chr1:1-1,Non-promoter,0.0,0,0,0,0,0
chr1:1-1,Non-promoter,0.0,0,0,0,0,0
chr1:1-1,Non-promoter,0.0,0,0,0,0,0
chr1:1-1,Non-promoter,0.0,0,0,0,0,0
chr1:1-1,Non-promoter,0.0,0,0,0,0,0
chr1:1-1,Non-promoter,0.0,0,0,0,0,0
chr1:1-1,Non-promoter,0.0,0,0,0,0,0
chr1:1-1,Non-promoter,0.0,0,0,0,0,0
chr1:1-1,Non-promoter,0.0,0,0,0,0,0
chr1:1-1,Non-promoter,0.0,0,0,0,0,0
chr1:1-1,Non-promoter,0.0,0,0,0,0,0
chr1:1-1,Non-promoter,0.0,0,0,0,0,0
chr1:1-1,Non-promoter,0.0,0,0,0,0,0
chr1:1-1,Non-promoter,0.0,0,0,0,0,0
chr1:1-1,Non-promoter,0.0,0,0,0,0,0
chr1:1-1,Non-promoter,0.0,0,0,0,0,0
chr1:1-1,Non-promoter,0.0,0,0,0,0,0
chr1:1-1,Non-promoter,0.0,0,0,0,0,0
chr1:1-1,Non-promoter,0.0,0,0,0,0,0
chr1:1-1,Non-promoter,0.0,0,0,0,0,0
chr1:1-1,Non-promoter,0.0,0,0,0,0,0
chr1:1-1,Non-promoter,0.0,0,0,0,0,0
chr1:1-1,Non-promoter,0.0,0,0,0,0,0
chr1:1-1,Non-promoter,0.0,0,0,0,0,0
chr1:1-1,Non-promoter,0.0,0,0,0,0,0
chr1:1-1,Non-promoter,0.0,0,0,0,0,0
chr1:1-1,Non-promoter,0.0,0,0,0,0,0
chr1:1-1,Non-promoter,0.0,0,0,0,0,0
chr1:1-1,Non-promoter,0.0,0,0,0,0,0
chr1:1-1,Non-promoter,0.0,0,0,0,0,0
chr1:1-1,Non-promoter,0.0,0,0,0,0,0
chr1:1-1,Non-promoter,0.0,0,0,0,0,0
chr1:1-1,Non-promoter,0.0,0,0,0,0,0
chr1:1-1,Non-promoter,0.0,0,0,0,0,0
chr1:1-1,Non-promoter,0.0,0,0,0,0,0
chr1:1-1,Non-promoter,0.0,0,0,0,0,0
chr1:1-1,Non-promoter,0.0,0,0,0,0,0
chr1:1-1,Non-promoter,0.0,0,0,0,0,0
chr1:1-1,Non-promoter,0.0,0,0,0,0,0
chr1:1-1,Non-promoter,0.0,0,0,0,0,0
chr1:1-1,Non-promoter,0.0,0,0,0,0,0
chr1:1-1,Non-promoter,0.0,0,0,0,0,0
chr1:1-1,Non-promoter,0.0,0,0,0,0,0
chr1:1-1,Non-promoter,0.0,0,0,0,0,0
chr1:1-1,Non-promoter,0.0,0,0,0,0,0
chr1:1-1,Non-promoter,0.0,0,0,0,0,0
chr1:1-1,Non-promoter,0.0,0,0,0,0,0
chr1:1-1,Non-promoter,0.0,0,0,0,0,0
chr1:1-1,Non-promoter,0.0,0,0,0,0,0
chr1:1-1,Non-promoter,0.0,0,0,0,0,0
chr1:1-1,Non-promoter,0.0,0,0,0,0,0
chr1:1-1,Non-promoter,0.0,0,0,0,0,0
chr1:1-1,Non-promoter,0.0,0,0,0,0,0
chr1:1-1,Non-promoter,0.0,0,0,0,0,0
chr1:1-1,Non-promoter,0.0,0,0,0,0,0
chr1:1-1,Non-promoter,0.0,0,0,0,0,0
chr1:1-1,Non-promoter,0.0,0,0,0,0,0
chr1:1-1,Non-promoter,0.0,0,0,0,0,0
chr1:1-1,Non-promoter,0.0,0,0,0,0,0
chr1:1-1,Non-promoter,0.0,0,0,0,0,0
chr1:1-1,Non-promoter,0.0,0,0,0,0,0
chr1:1-1,Non-promoter,0.0,0,0,0,0,0
chr1:1-1,Non-promoter,0.0,0,0,0,0,0
chr1:1-1,Non-promoter,0.0,0,0,0,0,0
chr1:1-1,Non-promoter,0.0,0,0,0,0,0
chr1:1-1,Non-promoter,0.0,0,0,0,0,0
chr1:1-1,Non-promoter,0.0,0,0,0,0,0
chr1:1-1,Non-promoter,0.0,0,0,0,0,0
chr1:1-1,Non-promoter,0.0,0,0,0,0,0
chr1:1-1,Non-promoter,0.0,0,0,0,0,0
chr1:1-1,Non-promoter,0.0,0,0,0,0,0
chr1:1-1,Non-promoter,0.0,0,0,0,0,0
chr1:1-1,Non-promoter,0.0,0,0,0,0,0
chr1:1-1,Non-promoter,0.0,0,0,0,0,0
chr1:1-1,Non-promoter,0.0,0,0,0,0,0
chr1:1-1,Non-promoter,0.0,0,0,0,0,0
chr1:1-1,Non-promoter,0.0,0,0,0,0,0
chr1:1-1,Non-promoter,0.0,0,0,0,0,0
chr1:1-1,Non-promoter,0.0,0,0,0,0,0
chr1:1-1,Non-promoter,0.0,0,0,0,0,0
chr1:1-1,Non-promoter,0.0,0,0,0,0,0
chr1:1-1,Non-promoter,0.0,0,0,0,0,0
chr1:1-1,Non-promoter,0.0,0,0,0,0,0
chr1:1-1,Non-promoter,0.0,0,0,0,0,0
chr1:1-1,Non-promoter,0.0,0,0,0,0,0
chr1:1-1,Non-promoter,0.0,0,0,0,0,0
chr1:1-1,Non-promoter,0.0,0,0,0,0,0
chr1:1-1,Non-promoter,0.0,0,0,0,0,0
chr1:1-1,Non-promoter,0.0,0,0,0,0,0
chr1:1-1,Non-promoter,0.0,0,0,0,0,0
chr1:1-1,Non-promoter,0.0,0,0,0,0,0
chr1:1-1,Non-promoter,0.0,0,0,0,0,0
chr1:1-1,Non-promoter,0.0,0,0,0,0,0
chr1:1-1,Non-promoter,0.0,0,0,0,0,0
chr1:1-1,Non-promoter,0.0,0,0,0,0,0
chr1:1-1,Non-promoter,0.0,0,0,0,0,0
chr1:1-1,Non-promoter,0.0,0,0,0,0,0
chr1:1-1,Non-promoter,0.0,0,0,0,0,0
chr1:1-1,Non-promoter,0.0,0,0,0,0,0
chr1:1-1,Non-promoter,0.0,0,0,0,0,0
chr1:1-1,Non-promoter,0.0,0,0,0,0,0
chr1:1-1,Non-promoter,0.0,0,0,0,0,0
chr1:1-1,Non-promoter,0.0,0,0,0,0,0
chr1:1-1,Non-promoter,0.0,0,0,0,0,0
chr1:1-1,Non-promoter,0.0,0,0,0,0,0
chr1:1-1,Non-promoter,0.0,0,0,0,0,0
chr1:1-1,Non-promoter,0.0,0,0,0,0,0
chr1:1-1,Non-promoter,0.0,0,0,0,0,0
chr1:1-1,Non-promoter,0.0,0,0,0,0,0
chr1:1-1,Non-promoter,0.0,0,0,0,0,0
chr1:1-1,Non-promoter,0.0,0,0,0,0,0
chr1:1-1,Non-promoter,0.0,0,0,0,0,0
chr1:1-1,Non-promoter,0.0,0,0,0,0,0
chr1:1-1,Non-promoter,0.0,0,0,0,0,0
chr1:1-1,Non-promoter,0.0,0,0,0,0,0
chr1:1-1,Non-promoter,0.0,0,0,0,0,0
chr1:1-1,Non-promoter,0.0,0,0,0,0,0
chr1:1-1,Non-promoter,0.0,0,0,0,0,0
chr1:1-1,Non-promoter,0.0,0,0,0,0,0
chr1:1-1,Non-promoter,0.0,0,0,0,0,0
chr1:1-1,Non-promoter,0.0,0,0,0,0,0
chr1:1-1,Non-promoter,0.0,0,0,0,0,0
chr1:1-1,Non-promoter,0.0,0,0,0,0,0
chr1:1-1,Non-promoter,0.0,0,0,0,0,0
chr1:1-1,Non-promoter,0.0,0,0,0,0,0
chr1:1-1,Non-promoter,0.0,0,0,0,0,0
chr1:1-1,Non-promoter,0.0,0,0,0,0,0
chr1:1-1,Non-promoter,0.0,0,0,0,0,0
chr1:1-1,Non-promoter,0.0,0,0,0,0,0
chr1:1-1,Non-promoter,0.0,0,0,0,0,0
chr1:1-1,Non-promoter,0.0,0,0,0,0,0
chr1:1-1,Non-promoter,0.0,0,0,0,0,0
chr1:1-1,Non-promoter,0.0,0,0,0,0,0
chr1:1-1,Non-promoter,0.0,0,0,0,0,0
chr1:1-1,Non-promoter,0.0,0,0,0,0,0
chr1:1-1,Non-promoter,0.0,0,0,0,0,0
chr1:1-1,Non-promoter,0.0,0,0,0,0,0
chr1:1-1,Non-promoter,0.0,0,0,0,0,0
chr1:1-1,Non-promoter,0.0,0,0,0,0,0
chr1:1-1,Non-promoter,0.0,0,0,0,0,0
chr1:1-1,Non-promoter,0.0,0,0,0,0,0
chr1:1-1,Non-promoter,0.0,0,0,0,0,0
chr1:1-1,Non-promoter,0.0,0,0,0,0,0
chr1:1-1,Non-promoter,0.0,0,0,0,0,0
chr1:1-1,Non-promoter,0.0,0,0,0,0,0
chr1:1-1,Non-promoter,0.0,0,0,0,0,0
chr1:1-1,Non-promoter,0.0,0,0,0,0,0
chr1:1-1,Non-promoter,0.0,0,0,0,0,0
chr1:1-1,Non-promoter,0.0,0,0,0,0,0
chr1:1-1,Non-promoter,0.0,0,0,0,0,0
chr1:1-1,Non-promoter,0.0,0,0,0,0,0
chr1:1-1,Non-promoter,0.0,0,0,0,0,0
chr1:1-1,Non-promoter,0.0,0,0,0,0,0
chr1:1-1,Non-promoter,0.0,0,0,0,0,0
chr1:1-1,Non-promoter,0.0,0,0,0,0,0
chr1:1-1,Non-promoter,0.0,0,0,0,0,0
chr1:1-1,Non-promoter,0.0,0,0,0,0,0
chr1:1-1,Non-promoter,0.0,0,0,0,0,0
chr1:1-1,Non-promoter,0.0,0,0,0,0,0
chr1:1-1,Non-promoter,0.0,0,0,0,0,0
chr1:1-1,Non-promoter,0.0,0,0,0,0,0
chr1:1-1,Non-promoter,0.0,0,0,0,0,0
chr1:1-1,Non-promoter,0.0,0,0,0,0,0
chr1:1-1,Non-promoter,0.0,0,0,0,0,0
chr1:1-1,Non-promoter,0.0,0,0,0,0,0
chr1:1-1,Non-promoter,0.0,0,0,0,0,0
chr1:1-1,Non-promoter,0.0,0,0,0,0,0
chr1:1-1,Non-promoter,0.0,0,0,0,0,0
chr1:1-1,Non-promoter,0.0,0,0,0,0,0
chr1:1-1,Non-promoter,0.0,0,0,0,0,0
chr1:1-1,Non-promoter,0.0,0,0,0,0,0
chr1:1-1,Non-promoter,0.0,0,0,0,0,0
chr1:1-1,Non-promoter,0.0,0,0,0,0,0
chr1:1-1,Non-promoter,0.0,0,0,0,0,0
chr1:1-1,Non-promoter,0.0,0,0,0,0,0
chr1:1-1,Non-promoter,0.0,0,0,0,0,0
chr1:1-1,Non-promoter,0.0,0,0,0,0,0
chr1:1-1,Non-promoter,0.0,0,0,0,0,0
chr1:1-1,Non-promoter,0.0,0,0,0,0,0
chr1:1-1,Non-promoter,0.0,0,0,0,0,0
chr1:1-1,Non-promoter,0.0,0,0,0,0,0
chr1:1-1,Non-promoter,0.0,0,0,0,0,0
chr1:1-1,Non-promoter,0.0,0,0,0,0,0
chr1:1-1,Non-promoter,0.0,0,0,0,0,0
chr1:1-1,Non-promoter,0.0,0,0,0,0,0
chr1:1-1,Non-promoter,0.0,0,0,0,0,0
chr1:1-1,Non-promoter,0.0,0,0,0,0,0
chr1:1-1,Non-promoter,0.0,0,0,0,0,0
chr1:1-1,Non-promoter,0.0,0,0,0,0,0
chr1:1-1,Non-promoter,0.0,0,0,0,0,0
chr1:1-1,Non-promoter,0.0,0,0,0,0,0
chr1:1-1,Non-promoter,0.0,0,0,0,0,0
chr1:1-1,Non-promoter,0.0,0,0,0,0,0
chr1:1-1,Non-promoter,0.0,0,0,0,0,0
chr1:1-1,Non-promoter,0.0,0,0,0,0,0
chr1:1-1,Non-promoter,0.0,0,0,0,0,0
chr1:1-1,Non-promoter,0.0,0,0,0,0,0
chr1:1-1,Non-promoter,0.0,0,0,0,0,0
chr1:1-1,Non-promoter,0.0,0,0,0,0,0
chr1:1-1,Non-promoter,0.0,0,0,0,0,0
chr1:1-1,Non-promoter,0.0,0,0,0,0,0
chr1:1-1,Non-promoter,0.0,0,0,0,0,0
chr1:1-1,Non-promoter,0.0,0,0,0,0,0
chr1:1-1,Non-promoter,0.0,0,0,0,0,0
chr1:1-1,Non-promoter,0.0,0,0,0,0,0
chr1:1-1,Non-promoter,0.0,0,0,0,0,0
chr1:1-1,Non-promoter,0.0,0,0,0,0,0
chr1:1-1,Non-promoter,0.0,0,0,0,0,0
chr1:1-1,Non-promoter,0.0,0,0,0,0,0
chr1:1-1,Non-promoter,0.0,0,0,0,0,0
chr1:1-1,Non-promoter,0.0,0,0,0,0,0
chr1:1-1,Non-promoter,0.0,0,0,0,0,0
chr1:1-1,Non-promoter,0.0,0,0,0,0,0
chr1:1-1,Non-promoter,0.0,0,0,0,0,0
chr1:1-1,Non-promoter,0.0,0,0,0,0,0
chr1:1-1,Non-promoter,0.0,0,0,0,0,0
chr1:1-1,Non-promoter,0.0,0,0,0,0,0
chr1:1-1,Non-promoter,0.0,0,0,0,0,0
chr1:1-1,Non-promoter,0.0,0,0,0,0,0
chr1:1-1,Non-promoter,0.0,0,0,0,0,0
chr1:1-1,Non-promoter,0.0,0,0,0,0,0
chr1:1-1,Non-promoter,0.0,0,0,0,0,0
chr1:1-1,Non-promoter,0.0,0,0,0,0,0
chr1:1-1,Non-promoter,0.0,0,0,0,0,0
chr1:1-1,Non-promoter,0.0,0,0,0,0,0
chr1:1-1,Non-promoter,0.0,0,0,0,0,0
chr1:1-1,Non-promoter,0.0,0,0,0,0,0
chr1:1-1,Non-promoter,0.0,0,0,0,0,0
chr1:1-1,Non-promoter,0.0,0,0,0,0,0
chr1:1-1,Non-promoter,0.0,0,0,0,0,0
chr1:1-1,Non-promoter,0.0,0,0,0,0,0
chr1:1-1,Non-promoter,0.0,0,0,0,0,0
chr1:1-1,Non-promoter,0.0,0,0,0,0,0
chr1:1-1,Non-promoter,0.0,0,0,0,0,0
chr1:1-1,Non-promoter,0.0,0,0,0,0,0
chr1:1-1,Non-promoter,0.0,0,0,0,0,0
chr1:1-1,Non-promoter,0.0,0,0,0,0,0
chr1:1-1,Non-promoter,0.0,0,0,0,0,0
chr1:1-1,Non-promoter,0.0,0,0,0,0,0
chr1:1-1,Non-promoter,0.0,0,0,0,0,0
chr1:1-1,Non-promoter,0.0,0,0,0,0,0
chr1:1-1,Non-promoter,0.0,0,0,0,0,0
chr1:1-1,Non-promoter,0.0,0,0,0,0,0
chr1:1-1,Non-promoter,0.0,0,0,0,0,0
chr1:1-1,Non-promoter,0.0,0,0,0,0,0
chr1:1-1,Non-promoter,0.0,0,0,0,0,0
chr1:1-1,Non-promoter,0.0,0,0,0,0,0
chr1:1-1,Non-promoter,0.0,0,0,0,0,0
chr1:1-1,Non-promoter,0.0,0,0,0,0,0
chr1:1-1,Non-promoter,0.0,0,0,0,0,0
chr1:1-1,Non-promoter,0.0,0,0,0,0,0
chr1:1-1,Non-promoter,0.0,0,0,0,0,0
chr1:1-1,Non-promoter,0.0,0,0,0,0,0
chr1:1-1,Non-promoter,0.0,0,0,0,0,0
chr1:1-1,Non-promoter,0.0,0,0,0,0,0
chr1:1-1,Non-promoter,0.0,0,0,0,0,0
chr1:1-1,Non-promoter,0.0,0,0,0,0,0
chr1:1-1,Non-promoter,0.0,0,0,0,0,0
chr1:1-1,Non-promoter,0.0,0,0,0,0,0
chr1:1-1,Non-promoter,0.0,0,0,0,0,0
chr1:1-1,Non-promoter,0.0,0,0,0,0,0
chr1:1-1,Non-promoter,0.0,0,0,0,0,0
chr1:1-1,Non-promoter,0.0,0,0,0,0,0
chr1:1-1,Non-promoter,0.0,0,0,0,0,0
chr1:1-1,Non-promoter,0.0,0,0,0,0,0
chr1:1-1,Non-promoter,0.0,0,0,0,0,0
chr1:1-1,Non-promoter,0.0,0,0,0,0,0
chr1:1-1,Non-promoter,0.0,0,0,0,0,0
chr1:1-1,Non-promoter,0.0,0,0,0,0,0
chr1:1-1,Non-promoter,0.0,0,0,0,0,0
chr1:1-1,Non-promoter,0.0,0,0,0,0,0
chr1:1-1,Non-promoter,0.0,0,0,0,0,0
chr1:1-1,Non-promoter,0.0,0,0,0,0,0
chr1:1-1,Non-promoter,0.0,0,0,0,0,0
chr1:1-1,Non-promoter,0.0,0,0,0,0,0
chr1:1-1,Non-promoter,0.0,0,0,0,0,0
chr1:1-1,Non-promoter,0.0,0,0,0,0,0
chr1:1-1,Non-promoter,0.0,0,0,0,0,0
chr1:1-1,Non-promoter,0.0,0,0,0,0,0
chr1:1-1,Non-promoter,0.0,0,0,0,0,0
chr1:1-1,Non-promoter,0.0,0,0,0,0,0
chr1:1-1,Non-promoter,0.0,0,0,0,0,0
chr1:1-1,Non-promoter,0.0,0,0,0,0,0
chr1:1-1,Non-promoter,0.0,0,0,0,0,0
chr1:1-1,Non-promoter,0.0,0,0,0,0,0
chr1:1-1,Non-promoter,0.0,0,0,0,0,0
chr1:1-1,Non-promoter,0.0,0,0,0,0,0
chr1:1-1,Non-promoter,0.0,0,0,0,0,0
chr1:1-1,Non-promoter,0.0,0,0,0,0,0
chr1:1-1,Non-promoter,0.0,0,0,0,0,0
chr1:1-1,Non-promoter,0.0,0,0,0,0,0
chr1:1-1,Non-promoter,0.0,0,0,0,0,0
chr1:1-1,Non-promoter,0.0,0,0,0,0,0
chr1:1-1,Non-promoter,0.0,0,0,0,0,0
chr1:1-1,Non-promoter,0.0,0,0,0,0,0
chr1:1-1,Non-promoter,0.0,0,0,0,0,0
chr1:1-1,Non-promoter,0.0,0,0,0,0,0
chr1:1-1,Non-promoter,0.0,0,0,0,0,0
chr1:1-1,Non-promoter,0.0,0,0,0,0,0
chr1:1-1,Non-promoter,0.0,0,0,0,0,0
chr1:1-1,Non-promoter,0.0,0,0,0,0,0
chr1:1-1,Non-promoter,0.0,0,0,0,0,0
chr1:1-1,Non-promoter,0.0,0,0,0,0,0
chr1:1-1,Non-promoter,0.0,0,0,0,0,0
chr1:1-1,Non-promoter,0.0,0,0,0,0,0
chr1:1-1,Non-promoter,0.0,0,0,0,0,0
chr1:1-1,Non-promoter,0.0,0,0,0,0,0
chr1:1-1,Non-promoter,0.0,0,0,0,0,0
chr1:1-1,Non-promoter,0.0,0,0,0,0,0
chr1:1-1,Non-promoter,0.0,0,0,0,0,0
chr1:1-1,Non-promoter,0.0,0,0,0,0,0
chr1:1-1,Non-promoter,0.0,0,0,0,0,0
chr1:1-1,Non-promoter,0.0,0,0,0,0,0
chr1:1-1,Non-promoter,0.0,0,0,0,0,0
chr1:1-1,Non-promoter,0.0,0,0,0,0,0
chr1:1-1,Non-promoter,0.0,0,0,0,0,0
chr1:1-1,Non-promoter,0.0,0,0,0,0,0
chr1:1-1,Non-promoter,0.0,0,0,0,0,0
chr1:1-1,Non-promoter,0.0,0,0,0,0,0
chr1:1-1,Non-promoter,0.0,0,0,0,0,0
chr1:1-1,Non-promoter,0.0,0,0,0,0,0
chr1:1-1,Non-promoter,0.0,0,0,0,0,0
chr1:1-1,Non-promoter,0.0,0,0,0,0,0
chr1:1-1,Non-promoter,0.0,0,0,0,0,0
chr1:1-1,Non-promoter,0.0,0,0,0,0,0
chr1:1-1,Non-promoter,0.0,0,0,0,0,0
chr1:1-1,Non-promoter,0.0,0,0,0,0,0
chr1:1-1,Non-promoter,0.0,0,0,0,0,0
chr1:1-1,Non-promoter,0.0,0,0,0,0,0
chr1:1-1,Non-promoter,0.0,0,0,0,0,0
chr1:1-1,Non-promoter,0.0,0,0,0,0,0
chr1:1-1,Non-promoter,0.0,0,0,0,0,0
chr1:1-1,Non-promoter,0.0,0,0,0,0,0
chr1:1-1,Non-promoter,0.0,0,0,0,0,0
chr1:1-1,Non-promoter,0.0,0,0,0,0,0
chr1:1-1,Non-promoter,0.0,0,0,0,0,0
chr1:1-1,Non-promoter,0.0,0,0,0,0,0
chr1:1-1,Non-promoter,0.0,0,0,0,0,0
chr1:1-1,Non-promoter,0.0,0,0,0,0,0
chr1:1-1,Non-promoter,0.0,0,0,0,0,0
chr1:1-1,Non-promoter,0.0,0,0,0,0,0
chr1:1-1,Non-promoter,0.0,0,0,0,0,0
chr1:1-1,Non-promoter,0.0,0,0,0,0,0
chr1:1-1,Non-promoter,0.0,0,0,0,0,0
chr1:1-1,Non-promoter,0.0,0,0,0,0,0
chr1:1-1,Non-promoter,0.0,0,0,0,0,0
chr1:1-1,Non-promoter,0.0,0,0,0,0,0
chr1:1-1,Non-promoter,0.0,0,0,0,0,0
chr1:1-1,Non-promoter,0.0,0,0,0,0,0
chr1:1-1,Non-promoter,0.0,0,0,0,0,0
chr1:1-1,Non-promoter,0.0,0,0,0,0,0
chr1:1-1,Non-promoter,0.0,0,0,0,0,0
chr1:1-1,Non-promoter,0.0,0,0,0,0,0
chr1:1-1,Non-promoter,0.0,0,0,0,0,0
chr1:1-1,Non-promoter,0.0,0,0,0,0,0
chr1:1-1,Non-promoter,0.0,0,0,0,0,0
chr1:1-1,Non-promoter,0.0,0,0,0,0,0
chr1:1-1,Non-promoter,0.0,0,0,0,0,0
chr1:1-1,Non-promoter,0.0,0,0,0,0,0
chr1:1-1,Non-promoter,0.0,0,0,0,0,0
chr1:1-1,Non-promoter,0.0,0,0,0,0,0
chr1:1-1,Non-promoter,0.0,0,0,0,0,0
chr1:1-1,Non-promoter,0.0,0,0,0,0,0
chr1:1-1,Non-promoter,0.0,0,0,0,0,0
chr1:1-1,Non-promoter,0.0,0,0,0,0,0
chr1:1-1,Non-promoter,0.0,0,0,0,0,0
chr1:1-1,Non-promoter,0.0,0,0,0,0,0
chr1:1-1,Non-promoter,0.0,0,0,0,0,0
chr1:1-1,Non-promoter,0.0,0,0,0,0,0
chr1:1-1,Non-promoter,0.0,0,0,0,0,0
chr1:1-1,Non-promoter,0.0,0,0,0,0,0
chr1:1-1,Non-promoter,0.0,0,0,0,0,0
chr1:1-1,Non-promoter,0.0,0,0,0,0,0
chr1:1-1,Non-promoter,0.0,0,0,0,0,0
chr1:1-1,Non-promoter,0.0,0,0,0,0,0
chr1:1-1,Non-promoter,0.0,0,0,0,0,0
chr1:1-1,Non-promoter,0.0,0,0,0,0,0
chr1:1-1,Non-promoter,0.0,0,0,0,0,0
chr1:1-1,Non-promoter,0.0,0,0,0,0,0
chr1:1-1,Non-promoter,0.0,0,0,0,0,0
chr1:1-1,Non-promoter,0.0,0,0,0,0,0
chr1:1-1,Non-promoter,0.0,0,0,0,0,0
chr1:1-1,Non-promoter,0.0,0,0,0,0,0
chr1:1-1,Non-promoter,0.0,0,0,0,0,0
chr1:1-1,Non-promoter,0.0,0,0,0,0,0
chr1:1-1,Non-promoter,0.0,0,0,0,0,0
chr1:1-1,Non-promoter,0.0,0,0,0,0,0
chr1:1-1,Non-promoter,0.0,0,0,0,0,0
chr1:1-1,Non-promoter,0.0,0,0,0,0,0
chr1:1-1,Non-promoter,0.0,0,0,0,0,0
chr1:1-1,Non-promoter,0.0,0,0,0,0,0
chr1:1-1,Non-promoter,0.0,0,0,0,0,0
chr1:1-1,Non-promoter,0.0,0,0,0,0,0
chr1:1-1,Non-promoter,0.0,0,0,0,0,0
chr1:1-1,Non-promoter,0.0,0,0,0,0,0
chr1:1-1,Non-promoter,0.0,0,0,0,0,0
chr1:1-1,Non-promoter,0.0,0,0,0,0,0
chr1:1-1,Non-promoter,0.0,0,0,0,0,0
chr1:1-1,Non-promoter,0.0,0,0,0,0,0
chr1:1-1,Non-promoter,0.0,0,0,0,0,0
chr1:1-1,Non-promoter,0.0,0,0,0,0,0
chr1:1-1,Non-promoter,0.0,0,0,0,0,0
chr1:1-1,Non-promoter,0.0,0,0,0,0,0
chr1:1-1,Non-promoter,0.0,0,0,0,0,0
chr1:1-1,Non-promoter,0.0,0,0,0,0,0
chr1:1-1,Non-promoter,0.0,0,0,0,0,0
chr1:1-1,Non-promoter,0.0,0,0,0,0,0
chr1:1-1,Non-promoter,0.0,0,0,0,0,0
chr1:1-1,Non-promoter,0.0,0,0,0,0,0
chr1:1-1,Non-promoter,0.0,0,0,0,0,0
chr1:1-1,Non-promoter,0.0,0,0,0,0,0
chr1:1-1,Non-promoter,0.0,0,0,0,0,0
chr1:1-1,Non-promoter,0.0,0,0,0,0,0
chr1:1-1,Non-promoter,0.0,0,0,0,0,0
chr1:1-1,Non-promoter,0.0,0,0,0,0,0
chr1:1-1,Non-promoter,0.0,0,0,0,0,0
chr1:1-1,Non-promoter,0.0,0,0,0,0,0
chr1:1-1,Non-promoter,0.0,0,0,0,0,0
chr1:1-1,Non-promoter,0.0,0,0,0,0,0
chr1:1-1,Non-promoter,0.0,0,0,0,0,0
chr1:1-1,Non-promoter,0.0,0,0,0,0,0
chr1:1-1,Non-promoter,0.0,0,0,0,0,0
chr1:1-1,Non-promoter,0.0,0,0,0,0,0
chr1:1-1,Non-promoter,0.0,0,0,0,0,0
chr1:1-1,Non-promoter,0.0,0,0,0,0,0
chr1:1-1,Non-promoter,0.0,0,0,0,0,0
chr1:1-1,Non-promoter,0.0,0,0,0,0,0
chr1:1-1,Non-promoter,0.0,0,0,0,0,0
chr1:1-1,Non-promoter,0.0,0,0,0,0,0
chr1:1-1,Non-promoter,0.0,0,0,0,0,0
chr1:1-1,Non-promoter,0.0,0,0,0,0,0
chr1:1-1,Non-promoter,0.0,0,0,0,0,0
chr1:1-1,Non-promoter,0.0,0,0,0,0,0
chr1:1-1,Non-promoter,0.0,0,0,0,0,0
chr1:1-1,Non-promoter,0.0,0,0,0,0,0
chr1:1-1,Non-promoter,0.0,0,0,0,0,0
chr1:1-1,Non-promoter,0.0,0,0,0,0,0
chr1:1-1,Non-promoter,0.0,0,0,0,0,0
chr1:1-1,Non-promoter,0.0,0,0,0,0,0
chr1:1-1,Non-promoter,0.0,0,0,0,0,0
chr1:1-1,Non-promoter,0.0,0,0,0,0,0
chr1:1-1,Non-promoter,0.0,0,0,0,0,0
chr1:1-1,Non-promoter,0.0,0,0,0,0,0
chr1:1-1,Non-promoter,0.0,0,0,0,0,0
chr1:1-1,Non-promoter,0.0,0,0,0,0,0
chr1:1-1,Non-promoter,0.0,0,0,0,0,0
chr1:1-1,Non-promoter,0.0,0,0,0,0,0
chr1:1-1,Non-promoter,0.0,0,0,0,0,0
chr1:1-1,Non-promoter,0.0,0,0,0,0,0
chr1:1-1,Non-promoter,0.0,0,0,0,0,0
chr1:1-1,Non-promoter,0.0,0,0,0,0,0
chr1:1-1,Non-promoter,0.0,0,0,0,0,0
chr1:1-1,Non-promoter,0.0,0,0,0,0,0
chr1:1-1,Non-promoter,0.0,0,0,0,0,0
chr1:1-1,Non-promoter,0.0,0,0,0,0,0
chr1:1-1,Non-promoter,0.0,0,0,0,0,0
chr1:1-1,Non-promoter,0.0,0,0,0,0,0
chr1:1-1,Non-promoter,0.0,0,0,0,0,0
chr1:1-1,Non-promoter,0.0,0,0,0,0,0
chr1:1-1,Non-promoter,0.0,0,0,0,0,0
chr1:1-1,Non-promoter,0.0,0,0,0,0,0
chr1:1-1,Non-promoter,0.0,0,0,0,0,0
chr1:1-1,Non-promoter,0.0,0,0,0,0,0
chr1:1-1,Non-promoter,0.0,0,0,0,0,0
chr1:1-1,Non-promoter,0.0,0,0,0,0,0
chr1:1-1,Non-promoter,0.0,0,0,0,0,0
chr1:1-1,Non-promoter,0.0,0,0,0,0,0
chr1:1-1,Non-promoter,0.0,0,0,0,0,0
chr1:1-1,Non-promoter,0.0,0,0,0,0,0
chr1:1-1,Non-promoter,0.0,0,0,0,0,0
chr1:1-1,Non-promoter,0.0,0,0,0,0,0
chr1:1-1,Non-promoter,0.0,0,0,0,0,0
chr1:1-1,Non-promoter,0.0,0,0,0,0,0
chr1:1-1,Non-promoter,0.0,0,0,0,0,0
chr1:1-1,Non-promoter,0.0,0,0,0,0,0
chr1:1-1,Non-promoter,0.0,0,0,0,0,0
chr1:1-1,Non-promoter,0.0,0,0,0,0,0
chr1:1-1,Non-promoter,0.0,0,0,0,0,0
chr1:1-1,Non-promoter,0.0,0,0,0,0,0
chr1:1-1,Non-promoter,0.0,0,0,0,0,0
chr1:1-1,Non-promoter,0.0,0,0,0,0,0
chr1:1-1,Non-promoter,0.0,0,0,0,0,0
chr1:1-1,Non-promoter,0.0,0,0,0,0,0
chr1:1-1,Non-promoter,0.0,0,0,0,0,0
chr1:1-1,Non-promoter,0.0,0,0,0,0,0
chr1:1-1,Non-promoter,0.0,0,0,0,0,0
chr1:1-1,Non-promoter,0.0,0,0,0,0,0
chr1:1-1,Non-promoter,0.0,0,0,0,0,0
chr1:1-1,Non-promoter,0.0,0,0,0,0,0
chr1:1-1,Non-promoter,0.0,0,0,0,0,0
chr1:1-1,Non-promoter,0.0,0,0,0,0,0
chr1:1-1,Non-promoter,0.0,0,0,0,0,0
chr1:1-1,Non-promoter,0.0,0,0,0,0,0
chr1:1-1,Non-promoter,0.0,0,0,0,0,0
chr1:1-1,Non-promoter,0.0,0,0,0,0,0
chr1:1-1,Non-promoter,0.0,0,0,0,0,0
chr1:1-1,Non-promoter,0.0,0,0,0,0,0
chr1:1-1,Non-promoter,0.0,0,0,0,0,0
chr1:1-1,Non-promoter,0.0,0,0,0,0,0
chr1:1-1,Non-promoter,0.0,0,0,0,0,0
chr1:1-1,Non-promoter,0.0,0,0,0,0,0
chr1:1-1,Non-promoter,0.0,0,0,0,0,0
chr1:1-1,Non-promoter,0.0,0,0,0,0,0
chr1:1-1,Non-promoter,0.0,0,0,0,0,0
chr1:1-1,Non-promoter,0.0,0,0,0,0,0
chr1:1-1,Non-promoter,0.0,0,0,0,0,0
chr1:1-1,Non-promoter,0.0,0,0,0,0,0
chr1:1-1,Non-promoter,0.0,0,0,0,0,0
chr1:1-1,Non-promoter,0.0,0,0,0,0,0
chr1:1-1,Non-promoter,0.0,0,0,0,0,0
chr1:1-1,Non-promoter,0.0,0,0,0,0,0
chr1:1-1,Non-promoter,0.0,0,0,0,0,0
chr1:1-1,Non-promoter,0.0,0,0,0,0,0
chr1:1-1,Non-promoter,0.0,0,0,0,0,0
chr1:1-1,Non-promoter,0.0,0,0,0,0,0
chr1:1-1,Non-promoter,0.0,0,0,0,0,0
chr1:1-1,Non-promoter,0.0,0,0,0,0,0
chr1:1-1,Non-promoter,0.0,0,0,0,0,0
chr1:1-1,Non-promoter,0.0,0,0,0,0,0
chr1:1-1,Non-promoter,0.0,0,0,0,0,0
chr1:1-1,Non-promoter,0.0,0,0,0,0,0
chr1:1-1,Non-promoter,0.0,0,0,0,0,0
chr1:1-1,Non-promoter,0.0,0,0,0,0,0
chr1:1-1,Non-promoter,0.0,0,0,0,0,0
chr1:1-1,Non-promoter,0.0,0,0,0,0,0
chr1:1-1,Non-promoter,0.0,0,0,0,0,0
chr1:1-1,Non-promoter,0.0,0,0,0,0,0
chr1:1-1,Non-promoter,0.0,0,0,0,0,0
chr1:1-1,Non-promoter,0.0,0,0,0,0,0
chr1:1-1,Non-promoter,0.0,0,0,0,0,0
chr1:1-1,Non-promoter,0.0,0,0,0,0,0
chr1:1-1,Non-promoter,0.0,0,0,0,0,0
chr1:1-1,Non-promoter,0.0,0,0,0,0,0
chr1:1-1,Non-promoter,0.0,0,0,0,0,0
chr1:1-1,Non-promoter,0.0,0,0,0,0,0
chr1:1-1,Non-promoter,0.0,0,0,0,0,0
chr1:1-1,Non-promoter,0.0,0,0,0,0,0
chr1:1-1,Non-promoter,0.0,0,0,0,0,0
chr1:1-1,Non-promoter,0.0,0,0,0,0,0
chr1:1-1,Non-promoter,0.0,0,0,0,0,0
chr1:1-1,Non-promoter,0.0,0,0,0,0,0
chr1:1-1,Non-promoter,0.0,0,0,0,0,0
chr1:1-1,Non-promoter,0.0,0,0,0,0,0
chr1:1-1,Non-promoter,0.0,0,0,0,0,0
chr1:1-1,Non-promoter,0.0,0,0,0,0,0
chr1:1-1,Non-promoter,0.0,0,0,0,0,0
chr1:1-1,Non-promoter,0.0,0,0,0,0,0
chr1:1-1,Non-promoter,0.0,0,0,0,0,0
chr1:1-1,Non-promoter,0.0,0,0,0,0,0
chr1:1-1,Non-promoter,0.0,0,0,0,0,0
chr1:1-1,Non-promoter,0.0,0,0,0,0,0
chr1:1-1,Non-promoter,0.0,0,0,0,0,0
chr1:1-1,Non-promoter,0.0,0,0,0,0,0
chr1:1-1,Non-promoter,0.0,0,0,0,0,0
chr1:1-1,Non-promoter,0.0,0,0,0,0,0
chr1:1-1,Non-promoter,0.0,0,0,0,0,0
chr1:1-1,Non-promoter,0.0,0,0,0,0,0
chr1:1-1,Non-promoter,0.0,0,0,0,0,0
chr1:1-1,Non-promoter,0.0,0,0,0,0,0
chr1:1-1,Non-promoter,0.0,0,0,0,0,0
chr1:1-1,Non-promoter,0.0,0,0,0,0,0
chr1:1-1,Non-promoter,0.0,0,0,0,0,0
chr1:1-1,Non-promoter,0.0,0,0,0,0,0
chr1:1-1,Non-promoter,0.0,0,0,0,0,0
chr1:1-1,Non-promoter,0.0,0,0,0,0,0
chr1:1-1,Non-promoter,0.0,0,0,0,0,0
chr1:1-1,Non-promoter,0.0,0,0,0,0,0
chr1:1-1,Non-promoter,0.0,0,0,0,0,0
chr1:1-1,Non-promoter,0.0,0,0,0,0,0
chr1:1-1,Non-promoter,0.0,0,0,0,0,0
chr1:1-1,Non-promoter,0.0,0,0,0,0,0
chr1:1-1,Non-promoter,0.0,0,0,0,0,0
chr1:1-1,Non-promoter,0.0,0,0,0,0,0
chr1:1-1,Non-promoter,0.0,0,0,0,0,0
chr1:1-1,Non-promoter,0.0,0,0,0,0,0
chr1:1-1,Non-promoter,0.0,0,0,0,0,0
chr1:1-1,Non-promoter,0.0,0,0,0,0,0
chr1:1-1,Non-promoter,0.0,0,0,0,0,0
chr1:1-1,Non-promoter,0.0,0,0,0,0,0
chr1:1-1,Non-promoter,0.0,0,0,0,0,0
chr1:1-1,Non-promoter,0.0,0,0,0,0,0
chr1:1-1,Non-promoter,0.0,0,0,0,0,0
chr1:1-1,Non-promoter,0.0,0,0,0,0,0
chr1:1-1,Non-promoter,0.0,0,0,0,0,0
chr1:1-1,Non-promoter,0.0,0,0,0,0,0
chr1:1-1,Non-promoter,0.0,0,0,0,0,0
chr1:1-1,Non-promoter,0.0,0,0,0,0,0
chr1:1-1,Non-promoter,0.0,0,0,0,0,0
chr1:1-1,Non-promoter,0.0,0,0,0,0,0
chr1:1-1,Non-promoter,0.0,0,0,0,0,0
chr1:1-1,Non-promoter,0.0,0,0,0,0,0
chr1:1-1,Non-promoter,0.0,0,0,0,0,0
chr1:1-1,Non-promoter,0.0,0,0,0,0,0
chr1:1-1,Non-promoter,0.0,0,0,0,0,0
chr1:1-1,Non-promoter,0.0,0,0,0,0,0
chr1:1-1,Non-promoter,0.0,0,0,0,0,0
chr1:1-1,Non-promoter,0.0,0,0,0,0,0
chr1:1-1,Non-promoter,0.0,0,0,0,0,0
chr1:1-1,Non-promoter,0.0,0,0,0,0,0
chr1:1-1,Non-promoter,0.0,0,0,0,0,0
chr1:1-1,Non-promoter,0.0,0,0,0,0,0
chr1:1-1,Non-promoter,0.0,0,0,0,0,0
chr1:1-1,Non-promoter,0.0,0,0,0,0,0
chr1:1-1,Non-promoter,0.0,0,0,0,0,0
chr1:1-1,Non-promoter,0.0,0,0,0,0,0
chr1:1-1,Non-promoter,0.0,0,0,0,0,0
chr1:1-1,Non-promoter,0.0,0,0,0,0,0
chr1:1-1,Non-promoter,0.0,0,0,0,0,0
chr1:1-1,Non-promoter,0.0,0,0,0,0,0
chr1:1-1,Non-promoter,0.0,0,0,0,0,0
chr1:1-1,Non-promoter,0.0,0,0,0,0,0
chr1:1-1,Non-promoter,0.0,0,0,0,0,0
chr1:1-1,Non-promoter,0.0,0,0,0,0,0
chr1:1-1,Non-promoter,0.0,0,0,0,0,0
chr1:1-1,Non-promoter,0.0,0,0,0,0,0
chr1:1-1,Non-promoter,0.0,0,0,0,0,0
chr1:1-1,Non-promoter,0.0,0,0,0,0,0
chr1:1-1,Non-promoter,0.0,0,0,0,0,0
chr1:1-1,Non-promoter,0.0,0,0,0,0,0
chr1:1-1,Non-promoter,0.0,0,0,0,0,0
chr1:1-1,Non-promoter,0.0,0,0,0,0,0
chr1:1-1,Non-promoter,0.0,0,0,0,0,0
chr1:1-1,Non-promoter,0.0,0,0,0,0,0
chr1:1-1,Non-promoter,0.0,0,0,0,0,0
chr1:1-1,Non-promoter,0.0,0,0,0,0,0
chr1:1-1,Non-promoter,0.0,0,0,0,0,0
chr1:1-1,Non-promoter,0.0,0,0,0,0,0
chr1:1-1,Non-promoter,0.0,0,0,0,0,0
chr1:1-1,Non-promoter,0.0,0,0,0,0,0
chr1:1-1,Non-promoter,0.0,0,0,0,0,0
chr1:1-1,Non-promoter,0.0,0,0,0,0,0
chr1:1-1,Non-promoter,0.0,0,0,0,0,0
chr1:1-1,Non-promoter,0.0,0,0,0,0,0
chr1:1-1,Non-promoter,0.0,0,0,0,0,0
chr1:1-1,Non-promoter,0.0,0,0,0,0,0
chr1:1-1,Non-promoter,0.0,0,0,0,0,0
chr1:1-1,Non-promoter,0.0,0,0,0,0,0
chr1:1-1,Non-promoter,0.0,0,0,0,0,0
chr1:1-1,Non-promoter,0.0,0,0,0,0,0
chr1:1-1,Non-promoter,0.0,0,0,0,0,0
chr1:1-1,Non-promoter,0.0,0,0,0,0,0
chr1:1-1,Non-promoter,0.0,0,0,0,0,0
chr1:1-1,Non-promoter,0.0,0,0,0,0,0
chr1:1-1,Non-promoter,0.0,0,0,0,0,0
chr1:1-1,Non-promoter,0.0,0,0,0,0,0
chr1:1-1,Non-promoter,0.0,0,0,0,0,0
chr1:1-1,Non-promoter,0.0,0,0,0,0,0
chr1:1-1,Non-promoter,0.0,0,0,0,0,0
chr1:1-1,Non-promoter,0.0,0,0,0,0,0
chr1:1-1,Non-promoter,0.0,0,0,0,0,0
chr1:1-1,Non-promoter,0.0,0,0,0,0,0
chr1:1-1,Non-promoter,0.0,0,0,0,0,0
chr1:1-1,Non-promoter,0.0,0,0,0,0,0
chr1:1-1,Non-promoter,0.0,0,0,0,0,0
chr1:1-1,Non-promoter,0.0,0,0,0,0,0
chr1:1-1,Non-promoter,0.0,0,0,0,0,0
chr1:1-1,Non-promoter,0.0,0,0,0,0,0
chr1:1-1,Non-promoter,0.0,0,0,0,0,0
chr1:1-1,Non-promoter,0.0,0,0,0,0,0
chr1:1-1,Non-promoter,0.0,0,0,0,0,0
chr1:1-1,Non-promoter,0.0,0,0,0,0,0
chr1:1-1,Non-promoter,0.0,0,0,0,0,0
chr1:1-1,Non-promoter,0.0,0,0,0,0,0
chr1:1-1,Non-promoter,0.0,0,0,0,0,0
chr1:1-1,Non-promoter,0.0,0,0,0,0,0
chr1:1-1,Non-promoter,0.0,0,0,0,0,0
chr1:1-1,Non-promoter,0.0,0,0,0,0,0
chr1:1-1,Non-promoter,0.0,0,0,0,0,0
chr1:1-1,Non-promoter,0.0,0,0,0,0,0
chr1:1-1,Non-promoter,0.0,0,0,0,0,0
chr1:1-1,Non-promoter,0.0,0,0,0,0,0
chr1:1-1,Non-promoter,0.0,0,0,0,0,0
chr1:1-1,Non-promoter,0.0,0,0,0,0,0
chr1:1-1,Non-promoter,0.0,0,0,0,0,0
chr1:1-1,Non-promoter,0.0,0,0,0,0,0
chr1:1-1,Non-promoter,0.0,0,0,0,0,0
chr1:1-1,Non-promoter,0.0,0,0,0,0,0
chr1:1-1,Non-promoter,0.0,0,0,0,0,0
chr1:1-1,Non-promoter,0.0,0,0,0,0,0
chr1:1-1,Non-promoter,0.0,0,0,0,0,0
chr1:1-1,Non-promoter,0.0,0,0,0,0,0
chr1:1-1,Non-promoter,0.0,0,0,0,0,0
chr1:1-1,Non-promoter,0.0,0,0,0,0,0
chr1:1-1,Non-promoter,0.0,0,0,0,0,0
chr1:1-1,Non-promoter,0.0,0,0,0,0,0
chr1:1-1,Non-promoter,0.0,0,0,0,0,0
chr1:1-1,Non-promoter,0.0,0,0,0,0,0
chr1:1-1,Non-promoter,0.0,0,0,0,0,0
chr1:1-1,Non-promoter,0.0,0,0,0,0,0
chr1:1-1,Non-promoter,0.0,0,0,0,0,0
chr1:1-1,Non-promoter,0.0,0,0,0,0,0
chr1:1-1,Non-promoter,0.0,0,0,0,0,0
chr1:1-1,Non-promoter,0.0,0,0,0,0,0
chr1:1-1,Non-promoter,0.0,0,0,0,0,0
chr1:1-1,Non-promoter,0.0,0,0,0,0,0
chr1:1-1,Non-promoter,0.0,0,0,0,0,0
chr1:1-1,Non-promoter,0.0,0,0,0,0,0
chr1:1-1,Non-promoter,0.0,0,0,0,0,0
chr1:1-1,Non-promoter,0.0,0,0,0,0,0
chr1:1-1,Non-promoter,0.0,0,0,0,0,0
chr1:1-1,Non-promoter,0.0,0,0,0,0,0
chr1:1-1,Non-promoter,0.0,0,0,0,0,0
chr1:1-1,Non-promoter,0.0,0,0,0,0,0
chr1:1-1,Non-promoter,0.0,0,0,0,0,0
chr1:1-1,Non-promoter,0.0,0,0,0,0,0
chr1:1-1,Non-promoter,0.0,0,0,0,0,0
chr1:1-1,Non-promoter,0.0,0,0,0,0,0
chr1:1-1,Non-promoter,0.0,0,0,0,0,0
chr1:1-1,Non-promoter,0.0,0,0,0,0,0
chr1:1-1,Non-promoter,0.0,0,0,0,0,0
chr1:1-1,Non-promoter,0.0,0,0,0,0,0
chr1:1-1,Non-promoter,0.0,0,0,0,0,0
chr1:1-1,Non-promoter,0.0,0,0,0,0,0
chr1:1-1,Non-promoter,0.0,0,0,0,0,0
chr1:1-1,Non-promoter,0.0,0,0,0,0,0
chr1:1-1,Non-promoter,0.0,0,0,0,0,0
chr1:1-1,Non-promoter,0.0,0,0,0,0,0
chr1:1-1,Non-promoter,0.0,0,0,0,0,0
chr1:1-1,Non-promoter,0.0,0,0,0,0,0
chr1:1-1,Non-promoter,0.0,0,0,0,0,0
chr1:1-1,Non-promoter,0.0,0,0,0,0,0
chr1:1-1,Non-promoter,0.0,0,0,0,0,0
chr1:1-1,Non-promoter,0.0,0,0,0,0,0
chr1:1-1,Non-promoter,0.0,0,0,0,0,0
chr1:1-1,Non-promoter,0.0,0,0,0,0,0
chr1:1-1,Non-promoter,0.0,0,0,0,0,0
chr1:1-1,Non-promoter,0.0,0,0,0,0,0
chr1:1-1,Non-promoter,0.0,0,0,0,0,0
chr1:1-1,Non-promoter,0.0,0,0,0,0,0
chr1:1-1,Non-promoter,0.0,0,0,0,0,0
chr1:1-1,Non-promoter,0.0,0,0,0,0,0
chr1:1-1,Non-promoter,0.0,0,0,0,0,0
chr1:1-1,Non-promoter,0.0,0,0,0,0,0
chr1:1-1,Non-promoter,0.0,0,0,0,0,0
chr1:1-1,Non-promoter,0.0,0,0,0,0,0
chr1:1-1,Non-promoter,0.0,0,0,0,0,0
chr1:1-1,Non-promoter,0.0,0,0,0,0,0
chr1:1-1,Non-promoter,0.0,0,0,0,0,0
chr1:1-1,Non-promoter,0.0,0,0,0,0,0
chr1:1-1,Non-promoter,0.0,0,0,0,0,0
chr1:1-1,Non-promoter,0.0,0,0,0,0,0
chr1:1-1,Non-promoter,0.0,0,0,0,0,0
chr1:1-1,Non-promoter,0.0,0,0,0,0,0
chr1:1-1,Non-promoter,0.0,0,0,0,0,0
chr1:1-1,Non-promoter,0.0,0,0,0,0,0
chr1:1-1,Non-promoter,0.0,0,0,0,0,0
chr1:1-1,Non-promoter,0.0,0,0,0,0,0
chr1:1-1,Non-promoter,0.0,0,0,0,0,0
chr1:1-1,Non-promoter,0.0,0,0,0,0,0
chr1:1-1,Non-promoter,0.0,0,0,0,0,0
chr1:1-1,Non-promoter,0.0,0,0,0,0,0
chr1:1-1,Non-promoter,0.0,0,0,0,0,0
chr1:1-1,Non-promoter,0.0,0,0,0,0,0
chr1:1-1,Non-promoter,0.0,0,0,0,0,0
chr1:1-1,Non-promoter,0.0,0,0,0,0,0
chr1:1-1,Non-promoter,0.0,0,0,0,0,0
chr1:1-1,Non-promoter,0.0,0,0,0,0,0
chr1:1-1,Non-promoter,0.0,0,0,0,0,0
chr1:1-1,Non-promoter,0.0,0,0,0,0,0
chr1:1-1,Non-promoter,0.0,0,0,0,0,0
chr1:1-1,Non-promoter,0.0,0,0,0,0,0
chr1:1-1,Non-promoter,0.0,0,0,0,0,0
chr1:1-1,Non-promoter,0.0,0,0,0,0,0
chr1:1-1,Non-promoter,0.0,0,0,0,0,0
chr1:1-1,Non-promoter,0.0,0,0,0,0,0
chr1:1-1,Non-promoter,0.0,0,0,0,0,0
chr1:1-1,Non-promoter,0.0,0,0,0,0,0
chr1:1-1,Non-promoter,0.0,0,0,0,0,0
chr1:1-1,Non-promoter,0.0,0,0,0,0,0
chr1:1-1,Non-promoter,0.0,0,0,0,0,0
chr1:1-1,Non-promoter,0.0,0,0,0,0,0
chr1:1-1,Non-promoter,0.0,0,0,0,0,0
chr1:1-1,Non-promoter,0.0,0,0,0,0,0
chr1:1-1,Non-promoter,0.0,0,0,0,0,0
chr1:1-1,Non-promoter,0.0,0,0,0,0,0
chr1:1-1,Non-promoter,0.0,0,0,0,0,0
chr1:1-1,Non-promoter,0.0,0,0,0,0,0
chr1:1-1,Non-promoter,0.0,0,0,0,0,0
chr1:1-1,Non-promoter,0.0,0,0,0,0,0
chr1:1-1,Non-promoter,0.0,0,0,0,0,0
chr1:1-1,Non-promoter,0.0,0,0,0,0,0
chr1:1-1,Non-promoter,0.0,0,0,0,0,0
chr1:1-1,Non-promoter,0.0,0,0,0,0,0
chr1:1-1,Non-promoter,0.0,0,0,0,0,0
chr1:1-1,Non-promoter,0.0,0,0,0,0,0
chr1:1-1,Non-promoter,0.0,0,0,0,0,0
chr1:1-1,Non-promoter,0.0,0,0,0,0,0
chr1:1-1,Non-promoter,0.0,0,0,0,0,0
chr1:1-1,Non-promoter,0.0,0,0,0,0,0
chr1:1-1,Non-promoter,0.0,0,0,0,0,0
chr1:1-1,Non-promoter,0.0,0,0,0,0,0
chr1:1-1,Non-promoter,0.0,0,0,0,0,0
chr1:1-1,Non-promoter,0.0,0,0,0,0,0
chr1:1-1,Non-promoter,0.0,0,0,0,0,0
chr1:1-1,Non-promoter,0.0,0,0,0,0,0
chr1:1-1,Non-promoter,0.0,0,0,0,0,0
chr1:1-1,Non-promoter,0.0,0,0,0,0,0
chr1:1-1,Non-promoter,0.0,0,0,0,0,0
chr1:1-1,Non-promoter,0.0,0,0,0,0,0
chr1:1-1,Non-promoter,0.0,0,0,0,0,0
chr1:1-1,Non-promoter,0.0,0,0,0,0,0
chr1:1-1,Non-promoter,0.0,0,0,0,0,0
chr1:1-1,Non-promoter,0.0,0,0,0,0,0
chr1:1-1,Non-promoter,0.0,0,0,0,0,0
chr1:1-1,Non-promoter,0.0,0,0,0,0,0
chr1:1-1,Non-promoter,0.0,0,0,0,0,0
chr1:1-1,Non-promoter,0.0,0,0,0,0,0
chr1:1-1,Non-promoter,0.0,0,0,0,0,0
chr1:1-1,Non-promoter,0.0,0,0,0,0,0
chr1:1-1,Non-promoter,0.0,0,0,0,0,0
chr1:1-1,Non-promoter,0.0,0,0,0,0,0
chr1:1-1,Non-promoter,0.0,0,0,0,0,0
chr1:1-1,Non-promoter,0.0,0,0,0,0,0
chr1:1-1,Non-promoter,0.0,0,0,0,0,0
chr1:1-1,Non-promoter,0.0,0,0,0,0,0
chr1:1-1,Non-promoter,0.0,0,0,0,0,0
chr1:1-1,Non-promoter,0.0,0,0,0,0,0
chr1:1-1,Non-promoter,0.0,0,0,0,0,0
chr1:1-1,Non-promoter,0.0,0,0,0,0,0
chr1:1-1,Non-promoter,0.0,0,0,0,0,0
chr1:1-1,Non-promoter,0.0,0,0,0,0,0
chr1:1-1,Non-promoter,0.0,0,0,0,0,0
chr1:1-1,Non-promoter,0.0,0,0,0,0,0
chr1:1-1,Non-promoter,0.0,0,0,0,0,0
chr1:1-1,Non-promoter,0.0,0,0,0,0,0
chr1:1-1,Non-promoter,0.0,0,0,0,0,0
chr1:1-1,Non-promoter,0.0,0,0,0,0,0
chr1:1-1,Non-promoter,0.0,0,0,0,0,0
chr1:1-1,Non-promoter,0.0,0,0,0,0,0
chr1:1-1,Non-promoter,0.0,0,0,0,0,0
chr1:1-1,Non-promoter,0.0,0,0,0,0,0
chr1:1-1,Non-promoter,0.0,0,0,0,0,0
chr1:1-1,Non-promoter,0.0,0,0,0,0,0
chr1:1-1,Non-promoter,0.0,0,0,0,0,0
chr1:1-1,Non-promoter,0.0,0,0,0,0,0
chr1:1-1,Non-promoter,0.0,0,0,0,0,0
chr1:1-1,Non-promoter,0.0,0,0,0,0,0
chr1:1-1,Non-promoter,0.0,0,0,0,0,0
chr1:1-1,Non-promoter,0.0,0,0,0,0,0
chr1:1-1,Non-promoter,0.0,0,0,0,0,0
chr1:1-1,Non-promoter,0.0,0,0,0,0,0
chr1:1-1,Non-promoter,0.0,0,0,0,0,0
chr1:1-1,Non-promoter,0.0,0,0,0,0,0
chr1:1-1,Non-promoter,0.0,0,0,0,0,0
chr1:1-1,Non-promoter,0.0,0,0,0,0,0
chr1:1-1,Non-promoter,0.0,0,0,0,0,0
chr1:1-1,Non-promoter,0.0,0,0,0,0,0
chr1:1-1,Non-promoter,0.0,0,0,0,0,0
chr1:1-1,Non-promoter,0.0,0,0,0,0,0
chr1:1-1,Non-promoter,0.0,0,0,0,0,0
chr1:1-1,Non-promoter,0.0,0,0,0,0,0
chr1:1-1,Non-promoter,0.0,0,0,0,0,0
chr1:1-1,Non-promoter,0.0,0,0,0,0,0
chr1:1-1,Non-promoter,0.0,0,0,0,0,0
chr1:1-1,Non-promoter,0.0,0,0,0,0,0
chr1:1-1,Non-promoter,0.0,0,0,0,0,0
chr1:1-1,Non-promoter,0.0,0,0,0,0,0
chr1:1-1,Non-promoter,0.0,0,0,0,0,0
chr1:1-1,Non-promoter,0.0,0,0,0,0,0
chr1:1-1,Non-promoter,0.0,0,0,0,0,0
chr1:1-1,Non-promoter,0.0,0,0,0,0,0
chr1:1-1,Non-promoter,0.0,0,0,0,0,0
chr1:1-1,Non-promoter,0.0,0,0,0,0,0
chr1:1-1,Non-promoter,0.0,0,0,0,0,0
chr1:1-1,Non-promoter,0.0,0,0,0,0,0
chr1:1-1,Non-promoter,0.0,0,0,0,0,0
chr1:1-1,Non-promoter,0.0,0,0,0,0,0
chr1:1-1,Non-promoter,0.0,0,0,0,0,0
chr1:1-1,Non-promoter,0.0,0,0,0,0,0
chr1:1-1,Non-promoter,0.0,0,0,0,0,0
chr1:1-1,Non-promoter,0.0,0,0,0,0,0
chr1:1-1,Non-promoter,0.0,0,0,0,0,0
chr1:1-1,Non-promoter,0.0,0,0,0,0,0
chr1:1-1,Non-promoter,0.0,0,0,0,0,0
chr1:1-1,Non-promoter,0.0,0,0,0,0,0
chr1:1-1,Non-promoter,0.0,0,0,0,0,0
chr1:1-1,Non-promoter,0.0,0,0,0,0,0
chr1:1-1,Non-promoter,0.0,0,0,0,0,0
chr1:1-1,Non-promoter,0.0,0,0,0,0,0
chr1:1-1,Non-promoter,0.0,0,0,0,0,0
chr1:1-1,Non-promoter,0.0,0,0,0,0,0
chr1:1-1,Non-promoter,0.0,0,0,0,0,0
chr1:1-1,Non-promoter,0.0,0,0,0,0,0
chr1:1-1,Non-promoter,0.0,0,0,0,0,0
chr1:1-1,Non-promoter,0.0,0,0,0,0,0
chr1:1-1,Non-promoter,0.0,0,0,0,0,0
chr1:1-1,Non-promoter,0.0,0,0,0,0,0
chr1:1-1,Non-promoter,0.0,0,0,0,0,0
chr1:1-1,Non-promoter,0.0,0,0,0,0,0
chr1:1-1,Non-promoter,0.0,0,0,0,0,0
chr1:1-1,Non-promoter,0.0,0,0,0,0,0
chr1:1-1,Non-promoter,0.0,0,0,0,0,0
chr1:1-1,Non-promoter,0.0,0,0,0,0,0
chr1:1-1,Non-promoter,0.0,0,0,0,0,0
chr1:1-1,Non-promoter,0.0,0,0,0,0,0
chr1:1-1,Non-promoter,0.0,0,0,0,0,0
chr1:1-1,Non-promoter,0.0,0,0,0,0,0
chr1:1-1,Non-promoter,0.0,0,0,0,0,0
chr1:1-1,Non-promoter,0.0,0,0,0,0,0
chr1:1-1,Non-promoter,0.0,0,0,0,0,0
chr1:1-1,Non-promoter,0.0,0,0,0,0,0
chr1:1-1,Non-promoter,0.0,0,0,0,0,0
chr1:1-1,Non-promoter,0.0,0,0,0,0,0
chr1:1-1,Non-promoter,0.0,0,0,0,0,0
chr1:1-1,Non-promoter,0.0,0,0,0,0,0
chr1:1-1,Non-promoter,0.0,0,0,0,0,0
chr1:1-1,Non-promoter,0.0,0,0,0,0,0
chr1:1-1,Non-promoter,0.0,0,0,0,0,0
chr1:1-1,Non-promoter,0.0,0,0,0,0,0
chr1:1-1,Non-promoter,0.0,0,0,0,0,0
chr1:1-1,Non-promoter,0.0,0,0,0,0,0
chr1:1-1,Non-promoter,0.0,0,0,0,0,0
chr1:1-1,Non-promoter,0.0,0,0,0,0,0
chr1:1-1,Non-promoter,0.0,0,0,0,0,0
chr1:1-1,Non-promoter,0.0,0,0,0,0,0
chr1:1-1,Non-promoter,0.0,0,0,0,0,0
chr1:1-1,Non-promoter,0.0,0,0,0,0,0
chr1:1-1,Non-promoter,0.0,0,0,0,0,0
chr1:1-1,Non-promoter,0.0,0,0,0,0,0
chr1:1-1,Non-promoter,0.0,0,0,0,0,0
chr1:1-1,Non-promoter,0.0,0,0,0,0,0
chr1:1-1,Non-promoter,0.0,0,0,0,0,0
chr1:1-1,Non-promoter,0.0,0,0,0,0,0
chr1:1-1,Non-promoter,0.0,0,0,0,0,0
chr1:1-1,Non-promoter,0.0,0,0,0,0,0
chr1:1-1,Non-promoter,0.0,0,0,0,0,0
chr1:1-1,Non-promoter,0.0,0,0,0,0,0
chr1:1-1,Non-promoter,0.0,0,0,0,0,0
chr1:1-1,Non-promoter,0.0,0,0,0,0,0
chr1:1-1,Non-promoter,0.0,0,0,0,0,0
chr1:1-1,Non-promoter,0.0,0,0,0,0,0
chr1:1-1,Non-promoter,0.0,0,0,0,0,0
chr1:1-1,Non-promoter,0.0,0,0,0,0,0
chr1:1-1,Non-promoter,0.0,0,0,0,0,0
chr1:1-1,Non-promoter,0.0,0,0,0,0,0
chr1:1-1,Non-promoter,0.0,0,0,0,0,0
chr1:1-1,Non-promoter,0.0,0,0,0,0,0
chr1:1-1,Non-promoter,0.0,0,0,0,0,0
chr1:1-1,Non-promoter,0.0,0,0,0,0,0
chr1:1-1,Non-promoter,0.0,0,0,0,0,0
chr1:1-1,Non-promoter,0.0,0,0,0,0,0
chr1:1-1,Non-promoter,0.0,0,0,0,0,0
chr1:1-1,Non-promoter,0.0,0,0,0,0,0
chr1:1-1,Non-promoter,0.0,0,0,0,0,0
chr1:1-1,Non-promoter,0.0,0,0,0,0,0
chr1:1-1,Non-promoter,0.0,0,0,0,0,0
chr1:1-1,Non-promoter,0.0,0,0,0,0,0
chr1:1-1,Non-promoter,0.0,0,0,0,0,0
chr1:1-1,Non-promoter,0.0,0,0,0,0,0
chr1:1-1,Non-promoter,0.0,0,0,0,0,0
chr1:1-1,Non-promoter,0.0,0,0,0,0,0
chr1:1-1,Non-promoter,0.0,0,0,0,0,0
chr1:1-1,Non-promoter,0.0,0,0,0,0,0
chr1:1-1,Non-promoter,0.0,0,0,0,0,0
chr1:1-1,Non-promoter,0.0,0,0,0,0,0
chr1:1-1,Non-promoter,0.0,0,0,0,0,0
chr1:1-1,Non-promoter,0.0,0,0,0,0,0
chr1:1-1,Non-promoter,0.0,0,0,0,0,0
chr1:1-1,Non-promoter,0.0,0,0,0,0,0
chr1:1-1,Non-promoter,0.0,0,0,0,0,0
chr1:1-1,Non-promoter,0.0,0,0,0,0,0
chr1:1-1,Non-promoter,0.0,0,0,0,0,0
chr1:1-1,Non-promoter,0.0,0,0,0,0,0
chr1:1-1,Non-promoter,0.0,0,0,0,0,0
chr1:1-1,Non-promoter,0.0,0,0,0,0,0
chr1:1-1,Non-promoter,0.0,0,0,0,0,0
chr1:1-1,Non-promoter,0.0,0,0,0,0,0
chr1:1-1,Non-promoter,0.0,0,0,0,0,0
chr1:1-1,Non-promoter,0.0,0,0,0,0,0
chr1:1-1,Non-promoter,0.0,0,0,0,0,0
chr1:1-1,Non-promoter,0.0,0,0,0,0,0
chr1:1-1,Non-promoter,0.0,0,0,0,0,0
chr1:1-1,Non-promoter,0.0,0,0,0,0,0
chr1:1-1,Non-promoter,0.0,0,0,0,0,0
chr1:1-1,Non-promoter,0.0,0,0,0,0,0
chr1:1-1,Non-promoter,0.0,0,0,0,0,0
chr1:1-1,Non-promoter,0.0,0,0,0,0,0
chr1:1-1,Non-promoter,0.0,0,0,0,0,0
chr1:1-1,Non-promoter,0.0,0,0,0,0,0
chr1:1-1,Non-promoter,0.0,0,0,0,0,0
chr1:1-1,Non-promoter,0.0,0,0,0,0,0
chr1:1-1,Non-promoter,0.0,0,0,0,0,0
chr1:1-1,Non-promoter,0.0,0,0,0,0,0
chr1:1-1,Non-promoter,0.0,0,0,0,0,0
chr1:1-1,Non-promoter,0.0,0,0,0,0,0
chr1:1-1,Non-promoter,0.0,0,0,0,0,0
chr1:1-1,Non-promoter,0.0,0,0,0,0,0
chr1:1-1,Non-promoter,0.0,0,0,0,0,0
chr1:1-1,Non-promoter,0.0,0,0,0,0,0
chr1:1-1,Non-promoter,0.0,0,0,0,0,0
chr1:1-1,Non-promoter,0.0,0,0,0,0,0
chr1:1-1,Non-promoter,0.0,0,0,0,0,0
chr1:1-1,Non-promoter,0.0,0,0,0,0,0
chr1:1-1,Non-promoter,0.0,0,0,0,0,0
chr1:1-1,Non-promoter,0.0,0,0,0,0,0
chr1:1-1,Non-promoter,0.0,0,0,0,0,0
chr1:1-1,Non-promoter,0.0,0,0,0,0,0
chr1:1-1,Non-promoter,0.0,0,0,0,0,0
chr1:1-1,Non-promoter,0.0,0,0,0,0,0
chr1:1-1,Non-promoter,0.0,0,0,0,0,0
chr1:1-1,Non-promoter,0.0,0,0,0,0,0
chr1:1-1,Non-promoter,0.0,0,0,0,0,0
chr1:1-1,Non-promoter,0.0,0,0,0,0,0
chr1:1-1,Non-promoter,0.0,0,0,0,0,0
chr1:1-1,Non-promoter,0.0,0,0,0,0,0
chr1:1-1,Non-promoter,0.0,0,0,0,0,0
chr1:1-1,Non-promoter,0.0,0,0,0,0,0
chr1:1-1,Non-promoter,0.0,0,0,0,0,0
chr1:1-1,Non-promoter,0.0,0,0,0,0,0
chr1:1-1,Non-promoter,0.0,0,0,0,0,0
chr1:1-1,Non-promoter,0.0,0,0,0,0,0
chr1:1-1,Non-promoter,0.0,0,0,0,0,0
chr1:1-1,Non-promoter,0.0,0,0,0,0,0
chr1:1-1,Non-promoter,0.0,0,0,0,0,0
chr1:1-1,Non-promoter,0.0,0,0,0,0,0
chr1:1-1,Non-promoter,0.0,0,0,0,0,0
chr1:1-1,Non-promoter,0.0,0,0,0,0,0
chr1:1-1,Non-promoter,0.0,0,0,0,0,0
chr1:1-1,Non-promoter,0.0,0,0,0,0,0
chr1:1-1,Non-promoter,0.0,0,0,0,0,0
chr1:1-1,Non-promoter,0.0,0,0,0,0,0
chr1:1-1,Non-promoter,0.0,0,0,0,0,0
chr1:1-1,Non-promoter,0.0,0,0,0,0,0
chr1:1-1,Non-promoter,0.0,0,0,0,0,0
chr1:1-1,Non-promoter,0.0,0,0,0,0,0
chr1:1-1,Non-promoter,0.0,0,0,0,0,0
chr1:1-1,Non-promoter,0.0,0,0,0,0,0
chr1:1-1,Non-promoter,0.0,0,0,0,0,0
chr1:1-1,Non-promoter,0.0,0,0,0,0,0
chr1:1-1,Non-promoter,0.0,0,0,0,0,0
chr1:1-1,Non-promoter,0.0,0,0,0,0,0
chr1:1-1,Non-promoter,0.0,0,0,0,0,0
chr1:1-1,Non-promoter,0.0,0,0,0,0,0
chr1:1-1,Non-promoter,0.0,0,0,0,0,0
chr1:1-1,Non-promoter,0.0,0,0,0,0,0
chr1:1-1,Non-promoter,0.0,0,0,0,0,0
chr1:1-1,Non-promoter,0.0,0,0,0,0,0
chr1:1-1,Non-promoter,0.0,0,0,0,0,0
chr1:1-1,Non-promoter,0.0,0,0,0,0,0
chr1:1-1,Non-promoter,0.0,0,0,0,0,0
chr1:1-1,Non-promoter,0.0,0,0,0,0,0
chr1:1-1,Non-promoter,0.0,0,0,0,0,0
chr1:1-1,Non-promoter,0.0,0,0,0,0,0
chr1:1-1,Non-promoter,0.0,0,0,0,0,0
chr1:1-1,Non-promoter,0.0,0,0,0,0,0
chr1:1-1,Non-promoter,0.0,0,0,0,0,0
chr1:1-1,Non-promoter,0.0,0,0,0,0,0
chr1:1-1,Non-promoter,0.0,0,0,0,0,0
chr1:1-1,Non-promoter,0.0,0,0,0,0,0
chr1:1-1,Non-promoter,0.0,0,0,0,0,0
chr1:1-1,Non-promoter,0.0,0,0,0,0,0
chr1:1-1,Non-promoter,0.0,0,0,0,0,0
chr1:1-1,Non-promoter,0.0,0,0,0,0,0
chr1:1-1,Non-promoter,0.0,0,0,0,0,0
chr1:1-1,Non-promoter,0.0,0,0,0,0,0
chr1:1-1,Non-promoter,0.0,0,0,0,0,0
chr1:1-1,Non-promoter,0.0,0,0,0,0,0
chr1:1-1,Non-promoter,0.0,0,0,0,0,0
chr1:1-1,Non-promoter,0.0,0,0,0,0,0
chr1:1-1,Non-promoter,0.0,0,0,0,0,0
chr1:1-1,Non-promoter,0.0,0,0,0,0,0
chr1:1-1,Non-promoter,0.0,0,0,0,0,0
chr1:1-1,Non-promoter,0.0,0,0,0,0,0
chr1:1-1,Non-promoter,0.0,0,0,0,0,0
chr1:1-1,Non-promoter,0.0,0,0,0,0,0
chr1:1-1,Non-promoter,0.0,0,0,0,0,0
chr1:1-1,Non-promoter,0.0,0,0,0,0,0
chr1:1-1,Non-promoter,0.0,0,0,0,0,0
chr1:1-1,Non-promoter,0.0,0,0,0,0,0
chr1:1-1,Non-promoter,0.0,0,0,0,0,0
chr1:1-1,Non-promoter,0.0,0,0,0,0,0
chr1:1-1,Non-promoter,0.0,0,0,0,0,0
chr1:1-1,Non-promoter,0.0,0,0,0,0,0
chr1:1-1,Non-promoter,0.0,0,0,0,0,0
chr1:1-1,Non-promoter,0.0,0,0,0,0,0
chr1:1-1,Non-promoter,0.0,0,0,0,0,0
chr1:1-1,Non-promoter,0.0,0,0,0,0,0
chr1:1-1,Non-promoter,0.0,0,0,0,0,0
chr1:1-1,Non-promoter,0.0,0,0,0,0,0
chr1:1-1,Non-promoter,0.0,0,0,0,0,0
chr1:1-1,Non-promoter,0.0,0,0,0,0,0
chr1:1-1,Non-promoter,0.0,0,0,0,0,0
chr1:1-1,Non-promoter,0.0,0,0,0,0,0
chr1:1-1,Non-promoter,0.0,0,0,0,0,0
chr1:1-1,Non-promoter,0.0,0,0,0,0,0
chr1:1-1,Non-promoter,0.0,0,0,0,0,0
chr1:1-1,Non-promoter,0.0,0,0,0,0,0
chr1:1-1,Non-promoter,0.0,0,0,0,0,0
chr1:1-1,Non-promoter,0.0,0,0,0,0,0
chr1:1-1,Non-promoter,0.0,0,0,0,0,0
chr1:1-1,Non-promoter,0.0,0,0,0,0,0
chr1:1-1,Non-promoter,0.0,0,0,0,0,0
chr1:1-1,Non-promoter,0.0,0,0,0,0,0
chr1:1-1,Non-promoter,0.0,0,0,0,0,0
chr1:1-1,Non-promoter,0.0,0,0,0,0,0
chr1:1-1,Non-promoter,0.0,0,0,0,0,0
chr1:1-1,Non-promoter,0.0,0,0,0,0,0
chr1:1-1,Non-promoter,0.0,0,0,0,0,0
chr1:1-1,Non-promoter,0.0,0,0,0,0,0
chr1:1-1,Non-promoter,0.0,0,0,0,0,0
chr1:1-1,Non-promoter,0.0,0,0,0,0,0
chr1:1-1,Non-promoter,0.0,0,0,0,0,0
chr1:1-1,Non-promoter,0.0,0,0,0,0,0
chr1:1-1,Non-promoter,0.0,0,0,0,0,0
chr1:1-1,Non-promoter,0.0,0,0,0,0,0
chr1:1-1,Non-promoter,0.0,0,0,0,0,0
chr1:1-1,Non-promoter,0.0,0,0,0,0,0
chr1:1-1,Non-promoter,0.0,0,0,0,0,0
chr1:1-1,Non-promoter,0.0,0,0,0,0,0
chr1:1-1,Non-promoter,0.0,0,0,0,0,0
chr1:1-1,Non-promoter,0.0,0,0,0,0,0
chr1:1-1,Non-promoter,0.0,0,0,0,0,0
chr1:1-1,Non-promoter,0.0,0,0,0,0,0
chr1:1-1,Non-promoter,0.0,0,0,0,0,0
chr1:1-1,Non-promoter,0.0,0,0,0,0,0
chr1:1-1,Non-promoter,0.0,0,0,0,0,0
chr1:1-1,Non-promoter,0.0,0,0,0,0,0
chr1:1-1,Non-promoter,0.0,0,0,0,0,0
chr1:1-1,Non-promoter,0.0,0,0,0,0,0
chr1:1-1,Non-promoter,0.0,0,0,0,0,0
chr1:1-1,Non-promoter,0.0,0,0,0,0,0
chr1:1-1,Non-promoter,0.0,0,0,0,0,0
chr1:1-1,Non-promoter,0.0,0,0,0,0,0
chr1:1-1,Non-promoter,0.0,0,0,0,0,0
chr1:1-1,Non-promoter,0.0,0,0,0,0,0
chr1:1-1,Non-promoter,0.0,0,0,0,0,0
chr1:1-1,Non-promoter,0.0,0,0,0,0,0
chr1:1-1,Non-promoter,0.0,0,0,0,0,0
chr1:1-1,Non-promoter,0.0,0,0,0,0,0
chr1:1-1,Non-promoter,0.0,0,0,0,0,0
chr1:1-1,Non-promoter,0.0,0,0,0,0,0
chr1:1-1,Non-promoter,0.0,0,0,0,0,0
chr1:1-1,Non-promoter,0.0,0,0,0,0,0
chr1:1-1,Non-promoter,0.0,0,0,0,0,0
chr1:1-1,Non-promoter,0.0,0,0,0,0,0
chr1:1-1,Non-promoter,0.0,0,0,0,0,0
chr1:1-1,Non-promoter,0.0,0,0,0,0,0
chr1:1-1,Non-promoter,0.0,0,0,0,0,0
chr1:1-1,Non-promoter,0.0,0,0,0,0,0
chr1:1-1,Non-promoter,0.0,0,0,0,0,0
chr1:1-1,Non-promoter,0.0,0,0,0,0,0
chr1:1-1,Non-promoter,0.0,0,0,0,0,0
chr1:1-1,Non-promoter,0.0,0,0,0,0,0
chr1:1-1,Non-promoter,0.0,0,0,0,0,0
chr1:1-1,Non-promoter,0.0,0,0,0,0,0
chr1:1-1,Non-promoter,0.0,0,0,0,0,0
chr1:1-1,Non-promoter,0.0,0,0,0,0,0
chr1:1-1,Non-promoter,0.0,0,0,0,0,0
chr1:1-1,Non-promoter,0.0,0,0,0,0,0
chr1:1-1,Non-promoter,0.0,0,0,0,0,0
chr1:1-1,Non-promoter,0.0,0,0,0,0,0
chr1:1-1,Non-promoter,0.0,0,0,0,0,0
chr1:1-1,Non-promoter,0.0,0,0,0,0,0
chr1:1-1,Non-promoter,0.0,0,0,0,0,0
chr1:1-1,Non-promoter,0.0,0,0,0,0,0
chr1:1-1,Non-promoter,0.0,0,0,0,0,0
chr1:1-1,Non-promoter,0.0,0,0,0,0,0
chr1:1-1,Non-promoter,0.0,0,0,0,0,0
chr1:1-1,Non-promoter,0.0,0,0,0,0,0
chr1:1-1,Non-promoter,0.0,0,0,0,0,0
chr1:1-1,Non-promoter,0.0,0,0,0,0,0
chr1:1-1,Non-promoter,0.0,0,0,0,0,0
chr1:1-1,Non-promoter,0.0,0,0,0,0,0
chr1:1-1,Non-promoter,0.0,0,0,0,0,0
chr1:1-1,Non-promoter,0.0,0,0,0,0,0
chr1:1-1,Non-promoter,0.0,0,0,0,0,0
chr1:1-1,Non-promoter,0.0,0,0,0,0,0
chr1:1-1,Non-promoter,0.0,0,0,0,0,0
chr1:1-1,Non-promoter,0.0,0,0,0,0,0
chr1:1-1,Non-promoter,0.0,0,0,0,0,0
chr1:1-1,Non-promoter,0.0,0,0,0,0,0
chr1:1-1,Non-promoter,0.0,0,0,0,0,0
chr1:1-1,Non-promoter,0.0,0,0,0,0,0
chr1:1-1,Non-promoter,0.0,0,0,0,0,0
chr1:1-1,Non-promoter,0.0,0,0,0,0,0
chr1:1-1,Non-promoter,0.0,0,0,0,0,0
chr1:1-1,Non-promoter,0.0,0,0,0,0,0
chr1:1-1,Non-promoter,0.0,0,0,0,0,0
chr1:1-1,Non-promoter,0.0,0,0,0,0,0
chr1:1-1,Non-promoter,0.0,0,0,0,0,0
chr1:1-1,Non-promoter,0.0,0,0,0,0,0
chr1:1-1,Non-promoter,0.0,0,0,0,0,0
chr1:1-1,Non-promoter,0.0,0,0,0,0,0
chr1:1-1,Non-promoter,0.0,0,0,0,0,0
chr1:1-1,Non-promoter,0.0,0,0,0,0,0
chr1:1-1,Non-promoter,0.0,0,0,0,0,0
chr1:1-1,Non-promoter,0.0,0,0,0,0,0
chr1:1-1,Non-promoter,0.0,0,0,0,0,0
chr1:1-1,Non-promoter,0.0,0,0,0,0,0
chr1:1-1,Non-promoter,0.0,0,0,0,0,0
chr1:1-1,Non-promoter,0.0,0,0,0,0,0
chr1:1-1,Non-promoter,0.0,0,0,0,0,0
chr1:1-1,Non-promoter,0.0,0,0,0,0,0
chr1:1-1,Non-promoter,0.0,0,0,0,0,0
chr1:1-1,Non-promoter,0.0,0,0,0,0,0
chr1:1-1,Non-promoter,0.0,0,0,0,0,0
chr1:1-1,Non-promoter,0.0,0,0,0,0,0
chr1:1-1,Non-promoter,0.0,0,0,0,0,0
chr1:1-1,Non-promoter,0.0,0,0,0,0,0
chr1:1-1,Non-promoter,0.0,0,0,0,0,0
chr1:1-1,Non-promoter,0.0,0,0,0,0,0
chr1:1-1,Non-promoter,0.0,0,0,0,0,0
chr1:1-1,Non-promoter,0.0,0,0,0,0,0
chr1:1-1,Non-promoter,0.0,0,0,0,0,0
chr1:1-1,Non-promoter,0.0,0,0,0,0,0
chr1:1-1,Non-promoter,0.0,0,0,0,0,0
chr1:1-1,Non-promoter,0.0,0,0,0,0,0
chr1:1-1,Non-promoter,0.0,0,0,0,0,0
chr1:1-1,Non-promoter,0.0,0,0,0,0,0
chr1:1-1,Non-promoter,0.0,0,0,0,0,0
chr1:1-1,Non-promoter,0.0,0,0,0,0,0
chr1:1-1,Non-promoter,0.0,0,0,0,0,0
chr1:1-1,Non-promoter,0.0,0,0,0,0,0
chr1:1-1,Non-promoter,0.0,0,0,0,0,0
chr1:1-1,Non-promoter,0.0,0,0,0,0,0
chr1:1-1,Non-promoter,0.0,0,0,0,0,0
chr1:1-1,Non-promoter,0.0,0,0,0,0,0
chr1:1-1,Non-promoter,0.0,0,0,0,0,0
chr1:1-1,Non-promoter,0.0,0,0,0,0,0
chr1:1-1,Non-promoter,0.0,0,0,0,0,0
chr1:1-1,Non-promoter,0.0,0,0,0,0,0
chr1:1-1,Non-promoter,0.0,0,0,0,0,0
chr1:1-1,Non-promoter,0.0,0,0,0,0,0
chr1:1-1,Non-promoter,0.0,0,0,0,0,0
chr1:1-1,Non-promoter,0.0,0,0,0,0,0
chr1:1-1,Non-promoter,0.0,0,0,0,0,0
chr1:1-1,Non-promoter,0.0,0,0,0,0,0
chr1:1-1,Non-promoter,0.0,0,0,0,0,0
chr1:1-1,Non-promoter,0.0,0,0,0,0,0
chr1:1-1,Non-promoter,0.0,0,0,0,0,0
chr1:1-1,Non-promoter,0.0,0,0,0,0,0
chr1:1-1,Non-promoter,0.0,0,0,0,0,0
chr1:1-1,Non-promoter,0.0,0,0,0,0,0
chr1:1-1,Non-promoter,0.0,0,0,0,0,0
chr1:1-1,Non-promoter,0.0,0,0,0,0,0
chr1:1-1,Non-promoter,0.0,0,0,0,0,0
chr1:1-1,Non-promoter,0.0,0,0,0,0,0
chr1:1-1,Non-promoter,0.0,0,0,0,0,0
chr1:1-1,Non-promoter,0.0,0,0,0,0,0
chr1:1-1,Non-promoter,0.0,0,0,0,0,0
chr1:1-1,Non-promoter,0.0,0,0,0,0,0
chr1:1-1,Non-promoter,0.0,0,0,0,0,0
chr1:1-1,Non-promoter,0.0,0,0,0,0,0
chr1:1-1,Non-promoter,0.0,0,0,0,0,0
chr1:1-1,Non-promoter,0.0,0,0,0,0,0
chr1:1-1,Non-promoter,0.0,0,0,0,0,0
chr1:1-1,Non-promoter,0.0,0,0,0,0,0
chr1:1-1,Non-promoter,0.0,0,0,0,0,0
chr1:1-1,Non-promoter,0.0,0,0,0,0,0
chr1:1-1,Non-promoter,0.0,0,0,0,0,0
chr1:1-1,Non-promoter,0.0,0,0,0,0,0
chr1:1-1,Non-promoter,0.0,0,0,0,0,0
chr1:1-1,Non-promoter,0.0,0,0,0,0,0
chr1:1-1,Non-promoter,0.0,0,0,0,0,0
chr1:1-1,Non-promoter,0.0,0,0,0,0,0
chr1:1-1,Non-promoter,0.0,0,0,0,0,0
chr1:1-1,Non-promoter,0.0,0,0,0,0,0
chr1:1-1,Non-promoter,0.0,0,0,0,0,0
chr1:1-1,Non-promoter,0.0,0,0,0,0,0
chr1:1-1,Non-promoter,0.0,0,0,0,0,0
chr1:1-1,Non-promoter,0.0,0,0,0,0,0
chr1:1-1,Non-promoter,0.0,0,0,0,0,0
chr1:1-1,Non-promoter,0.0,0,0,0,0,0
chr1:1-1,Non-promoter,0.0,0,0,0,0,0
chr1:1-1,Non-promoter,0.0,0,0,0,0,0
chr1:1-1,Non-promoter,0.0,0,0,0,0,0
chr1:1-1,Non-promoter,0.0,0,0,0,0,0
chr1:1-1,Non-promoter,0.0,0,0,0,0,0
chr1:1-1,Non-promoter,0.0,0,0,0,0,0
chr1:1-1,Non-promoter,0.0,0,0,0,0,0
chr1:1-1,Non-promoter,0.0,0,0,0,0,0
chr1:1-1,Non-promoter,0.0,0,0,0,0,0
chr1:1-1,Non-promoter,0.0,0,0,0,0,0
chr1:1-1,Non-promoter,0.0,0,0,0,0,0
chr1:1-1,Non-promoter,0.0,0,0,0,0,0
chr1:1-1,Non-promoter,0.0,0,0,0,0,0
chr1:1-1,Non-promoter,0.0,0,0,0,0,0
chr1:1-1,Non-promoter,0.0,0,0,0,0,0
chr1:1-1,Non-promoter,0.0,0,0,0,0,0
chr1:1-1,Non-promoter,0.0,0,0,0,0,0
chr1:1-1,Non-promoter,0.0,0,0,0,0,0
chr1:1-1,Non-promoter,0.0,0,0,0,0,0
chr1:1-1,Non-promoter,0.0,0,0,0,0,0
chr1:1-1,Non-promoter,0.0,0,0,0,0,0
chr1:1-1,Non-promoter,0.0,0,0,0,0,0
chr1:1-1,Non-promoter,0.0,0,0,0,0,0
chr1:1-1,Non-promoter,0.0,0,0,0,0,0
chr1:1-1,Non-promoter,0.0,0,0,0,0,0
chr1:1-1,Non-promoter,0.0,0,0,0,0,0
chr1:1-1,Non-promoter,0.0,0,0,0,0,0
chr1:1-1,Non-promoter,0.0,0,0,0,0,0
chr1:1-1,Non-promoter,0.0,0,0,0,0,0
chr1:1-1,Non-promoter,0.0,0,0,0,0,0
chr1:1-1,Non-promoter,0.0,0,0,0,0,0
chr1:1-1,Non-promoter,0.0,0,0,0,0,0
chr1:1-1,Non-promoter,0.0,0,0,0,0,0
chr1:1-1,Non-promoter,0.0,0,0,0,0,0
chr1:1-1,Non-promoter,0.0,0,0,0,0,0
chr1:1-1,Non-promoter,0.0,0,0,0,0,0
chr1:1-1,Non-promoter,0.0,0,0,0,0,0
chr1:1-1,Non-promoter,0.0,0,0,0,0,0
chr1:1-1,Non-promoter,0.0,0,0,0,0,0
chr1:1-1,Non-promoter,0.0,0,0,0,0,0
chr1:1-1,Non-promoter,0.0,0,0,0,0,0
chr1:1-1,Non-promoter,0.0,0,0,0,0,0
chr1:1-1,Non-promoter,0.0,0,0,0,0,0
chr1:1-1,Non-promoter,0.0,0,0,0,0,0
chr1:1-1,Non-promoter,0.0,0,0,0,0,0
chr1:1-1,Non-promoter,0.0,0,0,0,0,0
chr1:1-1,Non-promoter,0.0,0,0,0,0,0
chr1:1-1,Non-promoter,0.0,0,0,0,0,0
chr1:1-1,Non-promoter,0.0,0,0,0,0,0
chr1:1-1,Non-promoter,0.0,0,0,0,0,0
chr1:1-1,Non-promoter,0.0,0,0,0,0,0
chr1:1-1,Non-promoter,0.0,0,0,0,0,0
chr1:1-1,Non-promoter,0.0,0,0,0,0,0
chr1:1-1,Non-promoter,0.0,0,0,0,0,0
chr1:1-1,Non-promoter,0.0,0,0,0,0,0
chr1:1-1,Non-promoter,0.0,0,0,0,0,0
chr1:1-1,Non-promoter,0.0,0,0,0,0,0
chr1:1-1,Non-promoter,0.0,0,0,0,0,0
chr1:1-1,Non-promoter,0.0,0,0,0,0,0
chr1:1-1,Non-promoter,0.0,0,0,0,0,0
chr1:1-1,Non-promoter,0.0,0,0,0,0,0
chr1:1-1,Non-promoter,0.0,0,0,0,0,0
chr1:1-1,Non-promoter,0.0,0,0,0,0,0
chr1:1-1,Non-promoter,0.0,0,0,0,0,0
chr1:1-1,Non-promoter,0.0,0,0,0,0,0
chr1:1-1,Non-promoter,0.0,0,0,0,0,0
chr1:1-1,Non-promoter,0.0,0,0,0,0,0
chr1:1-1,Non-promoter,0.0,0,0,0,0,0
chr1:1-1,Non-promoter,0.0,0,0,0,0,0
chr1:1-1,Non-promoter,0.0,0,0,0,0,0
chr1:1-1,Non-promoter,0.0,0,0,0,0,0
chr1:1-1,Non-promoter,0.0,0,0,0,0,0
chr1:1-1,Non-promoter,0.0,0,0,0,0,0
chr1:1-1,Non-promoter,0.0,0,0,0,0,0
chr1:1-1,Non-promoter,0.0,0,0,0,0,0
chr1:1-1,Non-promoter,0.0,0,0,0,0,0
chr1:1-1,Non-promoter,0.0,0,0,0,0,0
chr1:1-1,Non-promoter,0.0,0,0,0,0,0
chr1:1-1,Non-promoter,0.0,0,0,0,0,0
chr1:1-1,Non-promoter,0.0,0,0,0,0,0
chr1:1-1,Non-promoter,0.0,0,0,0,0,0
chr1:1-1,Non-promoter,0.0,0,0,0,0,0
chr1:1-1,Non-promoter,0.0,0,0,0,0,0
chr1:1-1,Non-promoter,0.0,0,0,0,0,0
chr1:1-1,Non-promoter,0.0,0,0,0,0,0
chr1:1-1,Non-promoter,0.0,0,0,0,0,0
chr1:1-1,Non-promoter,0.0,0,0,0,0,0
chr1:1-1,Non-promoter,0.0,0,0,0,0,0
chr1:1-1,Non-promoter,0.0,0,0,0,0,0
chr1:1-1,Non-promoter,0.0,0,0,0,0,0
chr1:1-1,Non-promoter,0.0,0,0,0,0,0
chr1:1-1,Non-promoter,0.0,0,0,0,0,0
chr1:1-1,Non-promoter,0.0,0,0,0,0,0
chr1:1-1,Non-promoter,0.0,0,0,0,0,0
chr1:1-1,Non-promoter,0.0,0,0,0,0,0
chr1:1-1,Non-promoter,0.0,0,0,0,0,0
chr1:1-1,Non-promoter,0.0,0,0,0,0,0
chr1:1-1,Non-promoter,0.0,0,0,0,0,0
chr1:1-1,Non-promoter,0.0,0,0,0,0,0
chr1:1-1,Non-promoter,0.0,0,0,0,0,0
chr1:1-1,Non-promoter,0.0,0,0,0,0,0
chr1:1-1,Non-promoter,0.0,0,0,0,0,0
chr1:1-1,Non-promoter,0.0,0,0,0,0,0
chr1:1-1,Non-promoter,0.0,0,0,0,0,0
chr1:1-1,Non-promoter,0.0,0,0,0,0,0
chr1:1-1,Non-promoter,0.0,0,0,0,0,0
chr1:1-1,Non-promoter,0.0,0,0,0,0,0
chr1:1-1,Non-promoter,0.0,0,0,0,0,0
chr1:1-1,Non-promoter,0.0,0,0,0,0,0
chr1:1-1,Non-promoter,0.0,0,0,0,0,0
chr1:1-1,Non-promoter,0.0,0,0,0,0,0
chr1:1-1,Non-promoter,0.0,0,0,0,0,0
chr1:1-1,Non-promoter,0.0,0,0,0,0,0
chr1:1-1,Non-promoter,0.0,0,0,0,0,0
chr1:1-1,Non-promoter,0.0,0,0,0,0,0
chr1:1-1,Non-promoter,0.0,0,0,0,0,0
chr1:1-1,Non-promoter,0.0,0,0,0,0,0
chr1:1-1,Non-promoter,0.0,0,0,0,0,0
chr1:1-1,Non-promoter,0.0,0,0,0,0,0
chr1:1-1,Non-promoter,0.0,0,0,0,0,0
chr1:1-1,Non-promoter,0.0,0,0,0,0,0
chr1:1-1,Non-promoter,0.0,0,0,0,0,0
chr1:1-1,Non-promoter,0.0,0,0,0,0,0
chr1:1-1,Non-promoter,0.0,0,0,0,0,0
chr1:1-1,Non-promoter,0.0,0,0,0,0,0
chr1:1-1,Non-promoter,0.0,0,0,0,0,0
chr1:1-1,Non-promoter,0.0,0,0,0,0,0
chr1:1-1,Non-promoter,0.0,0,0,0,0,0
chr1:1-1,Non-promoter,0.0,0,0,0,0,0
chr1:1-1,Non-promoter,0.0,0,0,0,0,0
chr1:1-1,Non-promoter,0.0,0,0,0,0,0
chr1:1-1,Non-promoter,0.0,0,0,0,0,0
chr1:1-1,Non-promoter,0.0,0,0,0,0,0
chr1:1-1,Non-promoter,0.0,0,0,0,0,0
chr1:1-1,Non-promoter,0.0,0,0,0,0,0
chr1:1-1,Non-promoter,0.0,0,0,0,0,0
chr1:1-1,Non-promoter,0.0,0,0,0,0,0
chr1:1-1,Non-promoter,0.0,0,0,0,0,0
chr1:1-1,Non-promoter,0.0,0,0,0,0,0
chr1:1-1,Non-promoter,0.0,0,0,0,0,0
chr1:1-1,Non-promoter,0.0,0,0,0,0,0
chr1:1-1,Non-promoter,0.0,0,0,0,0,0
chr1:1-1,Non-promoter,0.0,0,0,0,0,0
chr1:1-1,Non-promoter,0.0,0,0,0,0,0
chr1:1-1,Non-promoter,0.0,0,0,0,0,0
chr1:1-1,Non-promoter,0.0,0,0,0,0,0
chr1:1-1,Non-promoter,0.0,0,0,0,0,0
chr1:1-1,Non-promoter,0.0,0,0,0,0,0
chr1:1-1,Non-promoter,0.0,0,0,0,0,0
chr1:1-1,Non-promoter,0.0,0,0,0,0,0
chr1:1-1,Non-promoter,0.0,0,0,0,0,0
chr1:1-1,Non-promoter,0.0,0,0,0,0,0
chr1:1-1,Non-promoter,0.0,0,0,0,0,0
chr1:1-1,Non-promoter,0.0,0,0,0,0,0
chr1:1-1,Non-promoter,0.0,0,0,0,0,0
chr1:1-1,Non-promoter,0.0,0,0,0,0,0
chr1:1-1,Non-promoter,0.0,0,0,0,0,0
chr1:1-1,Non-promoter,0.0,0,0,0,0,0
chr1:1-1,Non-promoter,0.0,0,0,0,0,0
chr1:1-1,Non-promoter,0.0,0,0,0,0,0
chr1:1-1,Non-promoter,0.0,0,0,0,0,0
chr1:1-1,Non-promoter,0.0,0,0,0,0,0
chr1:1-1,Non-promoter,0.0,0,0,0,0,0
chr1:1-1,Non-promoter,0.0,0,0,0,0,0
chr1:1-1,Non-promoter,0.0,0,0,0,0,0
chr1:1-1,Non-promoter,0.0,0,0,0,0,0
chr1:1-1,Non-promoter,0.0,0,0,0,0,0
chr1:1-1,Non-promoter,0.0,0,0,0,0,0
chr1:1-1,Non-promoter,0.0,0,0,0,0,0
chr1:1-1,Non-promoter,0.0,0,0,0,0,0
chr1:1-1,Non-promoter,0.0,0,0,0,0,0
chr1:1-1,Non-promoter,0.0,0,0,0,0,0
chr1:1-1,Non-promoter,0.0,0,0,0,0,0
chr1:1-1,Non-promoter,0.0,0,0,0,0,0
chr1:1-1,Non-promoter,0.0,0,0,0,0,0
chr1:1-1,Non-promoter,0.0,0,0,0,0,0
chr1:1-1,Non-promoter,0.0,0,0,0,0,0
chr1:1-1,Non-promoter,0.0,0,0,0,0,0
chr1:1-1,Non-promoter,0.0,0,0,0,0,0
chr1:1-1,Non-promoter,0.0,0,0,0,0,0
chr1:1-1,Non-promoter,0.0,0,0,0,0,0
chr1:1-1,Non-promoter,0.0,0,0,0,0,0
chr1:1-1,Non-promoter,0.0,0,0,0,0,0
chr1:1-1,Non-promoter,0.0,0,0,0,0,0
chr1:1-1,Non-promoter,0.0,0,0,0,0,0
chr1:1-1,Non-promoter,0.0,0,0,0,0,0
chr1:1-1,Non-promoter,0.0,0,0,0,0,0
chr1:1-1,Non-promoter,0.0,0,0,0,0,0
chr1:1-1,Non-promoter,0.0,0,0,0,0,0
chr1:1-1,Non-promoter,0.0,0,0,0,0,0
chr1:1-1,Non-promoter,0.0,0,0,0,0,0
chr1:1-1,Non-promoter,0.0,0,0,0,0,0
chr1:1-1,Non-promoter,0.0,0,0,0,0,0
chr1:1-1,Non-promoter,0.0,0,0,0,0,0
chr1:1-1,Non-promoter,0.0,0,0,0,0,0
chr1:1-1,Non-promoter,0.0,0,0,0,0,0
chr1:1-1,Non-promoter,0.0,0,0,0,0,0
chr1:1-1,Non-promoter,0.0,0,0,0,0,0
chr1:1-1,Non-promoter,0.0,0,0,0,0,0
chr1:1-1,Non-promoter,0.0,0,0,0,0,0
chr1:1-1,Non-promoter,0.0,0,0,0,0,0
chr1:1-1,Non-promoter,0.0,0,0,0,0,0
chr1:1-1,Non-promoter,0.0,0,0,0,0,0
chr1:1-1,Non-promoter,0.0,0,0,0,0,0
chr1:1-1,Non-promoter,0.0,0,0,0,0,0
chr1:1-1,Non-promoter,0.0,0,0,0,0,0
chr1:1-1,Non-promoter,0.0,0,0,0,0,0
chr1:1-1,Non-promoter,0.0,0,0,0,0,0
chr1:1-1,Non-promoter,0.0,0,0,0,0,0
chr1:1-1,Non-promoter,0.0,0,0,0,0,0
chr1:1-1,Non-promoter,0.0,0,0,0,0,0
chr1:1-1,Non-promoter,0.0,0,0,0,0,0
chr1:1-1,Non-promoter,0.0,0,0,0,0,0
chr1:1-1,Non-promoter,0.0,0,0,0,0,0
chr1:1-1,Non-promoter,0.0,0,0,0,0,0
chr1:1-1,Non-promoter,0.0,0,0,0,0,0
chr1:1-1,Non-promoter,0.0,0,0,0,0,0
chr1:1-1,Non-promoter,0.0,0,0,0,0,0
chr1:1-1,Non-promoter,0.0,0,0,0,0,0
chr1:1-1,Non-promoter,0.0,0,0,0,0,0
chr1:1-1,Non-promoter,0.0,0,0,0,0,0
chr1:1-1,Non-promoter,0.0,0,0,0,0,0
chr1:1-1,Non-promoter,0.0,0,0,0,0,0
chr1:1-1,Non-promoter,0.0,0,0,0,0,0
chr1:1-1,Non-promoter,0.0,0,0,0,0,0
chr1:1-1,Non-promoter,0.0,0,0,0,0,0
chr1:1-1,Non-promoter,0.0,0,0,0,0,0
chr1:1-1,Non-promoter,0.0,0,0,0,0,0
chr1:1-1,Non-promoter,0.0,0,0,0,0,0
chr1:1-1,Non-promoter,0.0,0,0,0,0,0
chr1:1-1,Non-promoter,0.0,0,0,0,0,0
chr1:1-1,Non-promoter,0.0,0,0,0,0,0
chr1:1-1,Non-promoter,0.0,0,0,0,0,0
chr1:1-1,Non-promoter,0.0,0,0,0,0,0
chr1:1-1,Non-promoter,0.0,0,0,0,0,0
chr1:1-1,Non-promoter,0.0,0,0,0,0,0
chr1:1-1,Non-promoter,0.0,0,0,0,0,0
chr1:1-1,Non-promoter,0.0,0,0,0,0,0
chr1:1-1,Non-promoter,0.0,0,0,0,0,0
chr1:1-1,Non-promoter,0.0,0,0,0,0,0
chr1:1-1,Non-promoter,0.0,0,0,0,0,0
chr1:1-1,Non-promoter,0.0,0,0,0,0,0
chr1:1-1,Non-promoter,0.0,0,0,0,0,0
chr1:1-1,Non-promoter,0.0,0,0,0,0,0
chr1:1-1,Non-promoter,0.0,0,0,0,0,0
chr1:1-1,Non-promoter,0.0,0,0,0,0,0
chr1:1-1,Non-promoter,0.0,0,0,0,0,0
chr1:1-1,Non-promoter,0.0,0,0,0,0,0
chr1:1-1,Non-promoter,0.0,0,0,0,0,0
chr1:1-1,Non-promoter,0.0,0,0,0,0,0
chr1:1-1,Non-promoter,0.0,0,0,0,0,0
chr1:1-1,Non-promoter,0.0,0,0,0,0,0
chr1:1-1,Non-promoter,0.0,0,0,0,0,0
chr1:1-1,Non-promoter,0.0,0,0,0,0,0
chr1:1-1,Non-promoter,0.0,0,0,0,0,0
chr1:1-1,Non-promoter,0.0,0,0,0,0,0
chr1:1-1,Non-promoter,0.0,0,0,0,0,0
chr1:1-1,Non-promoter,0.0,0,0,0,0,0
chr1:1-1,Non-promoter,0.0,0,0,0,0,0
chr1:1-1,Non-promoter,0.0,0,0,0,0,0
chr1:1-1,Non-promoter,0.0,0,0,0,0,0
chr1:1-1,Non-promoter,0.0,0,0,0,0,0
chr1:1-1,Non-promoter,0.0,0,0,0,0,0
chr1:1-1,Non-promoter,0.0,0,0,0,0,0
chr1:1-1,Non-promoter,0.0,0,0,0,0,0
chr1:1-1,Non-promoter,0.0,0,0,0,0,0
chr1:1-1,Non-promoter,0.0,0,0,0,0,0
chr1:1-1,Non-promoter,0.0,0,0,0,0,0
chr1:1-1,Non-promoter,0.0,0,0,0,0,0
chr1:1-1,Non-promoter,0.0,0,0,0,0,0
chr1:1-1,Non-promoter,0.0,0,0,0,0,0
chr1:1-1,Non-promoter,0.0,0,0,0,0,0
chr1:1-1,Non-promoter,0.0,0,0,0,0,0
chr1:1-1,Non-promoter,0.0,0,0,0,0,0
chr1:1-1,Non-promoter,0.0,0,0,0,0,0
chr1:1-1,Non-promoter,0.0,0,0,0,0,0
chr1:1-1,Non-promoter,0.0,0,0,0,0,0
chr1:1-1,Non-promoter,0.0,0,0,0,0,0
chr1:1-1,Non-promoter,0.0,0,0,0,0,0
chr1:1-1,Non-promoter,0.0,0,0,0,0,0
chr1:1-1,Non-promoter,0.0,0,0,0,0,0
chr1:1-1,Non-promoter,0.0,0,0,0,0,0
chr1:1-1,Non-promoter,0.0,0,0,0,0,0
chr1:1-1,Non-promoter,0.0,0,0,0,0,0
chr1:1-1,Non-promoter,0.0,0,0,0,0,0
chr1:1-1,Non-promoter,0.0,0,0,0,0,0
chr1:1-1,Non-promoter,0.0,0,0,0,0,0
chr1:1-1,Non-promoter,0.0,0,0,0,0,0
chr1:1-1,Non-promoter,0.0,0,0,0,0,0
chr1:1-1,Non-promoter,0.0,0,0,0,0,0
chr1:1-1,Non-promoter,0.0,0,0,0,0,0
chr1:1-1,Non-promoter,0.0,0,0,0,0,0
chr1:1-1,Non-promoter,0.0,0,0,0,0,0
chr1:1-1,Non-promoter,0.0,0,0,0,0,0
chr1:1-1,Non-promoter,0.0,0,0,0,0,0
chr1:1-1,Non-promoter,0.0,0,0,0,0,0
chr1:1-1,Non-promoter,0.0,0,0,0,0,0
chr1:1-1,Non-promoter,0.0,0,0,0,0,0
chr1:1-1,Non-promoter,0.0,0,0,0,0,0
chr1:1-1,Non-promoter,0.0,0,0,0,0,0
chr1:1-1,Non-promoter,0.0,0,0,0,0,0
chr1:1-1,Non-promoter,0.0,0,0,0,0,0
chr1:1-1,Non-promoter,0.0,0,0,0,0,0
chr1:1-1,Non-promoter,0.0,0,0,0,0,0
chr1:1-1,Non-promoter,0.0,0,0,0,0,0
chr1:1-1,Non-promoter,0.0,0,0,0,0,0
chr1:1-1,Non-promoter,0.0,0,0,0,0,0
chr1:1-1,Non-promoter,0.0,0,0,0,0,0
chr1:1-1,Non-promoter,0.0,0,0,0,0,0
chr1:1-1,Non-promoter,0.0,0,0,0,0,0
chr1:1-1,Non-promoter,0.0,0,0,0,0,0
chr1:1-1,Non-promoter,0.0,0,0,0,0,0
chr1:1-1,Non-promoter,0.0,0,0,0,0,0
chr1:1-1,Non-promoter,0.0,0,0,0,0,0
chr1:1-1,Non-promoter,0.0,0,0,0,0,0
chr1:1-1,Non-promoter,0.0,0,0,0,0,0
chr1:1-1,Non-promoter,0.0,0,0,0,0,0
chr1:1-1,Non-promoter,0.0,0,0,0,0,0
chr1:1-1,Non-promoter,0.0,0,0,0,0,0
chr1:1-1,Non-promoter,0.0,0,0,0,0,0
chr1:1-1,Non-promoter,0.0,0,0,0,0,0
chr1:1-1,Non-promoter,0.0,0,0,0,0,0
chr1:1-1,Non-promoter,0.0,0,0,0,0,0
chr1:1-1,Non-promoter,0.0,0,0,0,0,0
chr1:1-1,Non-promoter,0.0,0,0,0,0,0
chr1:1-1,Non-promoter,0.0,0,0,0,0,0
chr1:1-1,Non-promoter,0.0,0,0,0,0,0
chr1:1-1,Non-promoter,0.0,0,0,0,0,0
chr1:1-1,Non-promoter,0.0,0,0,0,0,0
chr1:1-1,Non-promoter,0.0,0,0,0,0,0
chr1:1-1,Non-promoter,0.0,0,0,0,0,0
chr1:1-1,Non-promoter,0.0,0,0,0,0,0
chr1:1-1,Non-promoter,0.0,0,0,0,0,0
chr1:1-1,Non-promoter,0.0,0,0,0,0,0
chr1:1-1,Non-promoter,0.0,0,0,0,0,0
chr1:1-1,Non-promoter,0.0,0,0,0,0,0
chr1:1-1,Non-promoter,0.0,0,0,0,0,0
chr1:1-1,Non-promoter,0.0,0,0,0,0,0
chr1:1-1,Non-promoter,0.0,0,0,0,0,0
chr1:1-1,Non-promoter,0.0,0,0,0,0,0
chr1:1-1,Non-promoter,0.0,0,0,0,0,0
chr1:1-1,Non-promoter,0.0,0,0,0,0,0
chr1:1-1,Non-promoter,0.0,0,0,0,0,0
chr1:1-1,Non-promoter,0.0,0,0,0,0,0
chr1:1-1,Non-promoter,0.0,0,0,0,0,0
chr1:1-1,Non-promoter,0.0,0,0,0,0,0
chr1:1-1,Non-promoter,0.0,0,0,0,0,0
chr1:1-1,Non-promoter,0.0,0,0,0,0,0
chr1:1-1,Non-promoter,0.0,0,0,0,0,0
chr1:1-1,Non-promoter,0.0,0,0,0,0,0
chr1:1-1,Non-promoter,0.0,0,0,0,0,0
chr1:1-1,Non-promoter,0.0,0,0,0,0,0
chr1:1-1,Non-promoter,0.0,0,0,0,0,0
chr1:1-1,Non-promoter,0.0,0,0,0,0,0
chr1:1-1,Non-promoter,0.0,0,0,0,0,0
chr1:1-1,Non-promoter,0.0,0,0,0,0,0
chr1:1-1,Non-promoter,0.0,0,0,0,0,0
chr1:1-1,Non-promoter,0.0,0,0,0,0,0
chr1:1-1,Non-promoter,0.0,0,0,0,0,0
chr1:1-1,Non-promoter,0.0,0,0,0,0,0
chr1:1-1,Non-promoter,0.0,0,0,0,0,0
chr1:1-1,Non-promoter,0.0,0,0,0,0,0
chr1:1-1,Non-promoter,0.0,0,0,0,0,0
chr1:1-1,Non-promoter,0.0,0,0,0,0,0
chr1:1-1,Non-promoter,0.0,0,0,0,0,0
chr1:1-1,Non-promoter,0.0,0,0,0,0,0
chr1:1-1,Non-promoter,0.0,0,0,0,0,0
chr1:1-1,Non-promoter,0.0,0,0,0,0,0
chr1:1-1,Non-promoter,0.0,0,0,0,0,0
chr1:1-1,Non-promoter,0.0,0,0,0,0,0
chr1:1-1,Non-promoter,0.0,0,0,0,0,0
chr1:1-1,Non-promoter,0.0,0,0,0,0,0
chr1:1-1,Non-promoter,0.0,0,0,0,0,0
chr1:1-1,Non-promoter,0.0,0,0,0,0,0
chr1:1-1,Non-promoter,0.0,0,0,0,0,0
chr1:1-1,Non-promoter,0.0,0,0,0,0,0
chr1:1-1,Non-promoter,0.0,0,0,0,0,0
chr1:1-1,Non-promoter,0.0,0,0,0,0,0
chr1:1-1,Non-promoter,0.0,0,0,0,0,0
chr1:1-1,Non-promoter,0.0,0,0,0,0,0
chr1:1-1,Non-promoter,0.0,0,0,0,0,0
chr1:1-1,Non-promoter,0.0,0,0,0,0,0
chr1:1-1,Non-promoter,0.0,0,0,0,0,0
chr1:1-1,Non-promoter,0.0,0,0,0,0,0
chr1:1-1,Non-promoter,0.0,0,0,0,0,0
chr1:1-1,Non-promoter,0.0,0,0,0,0,0
chr1:1-1,Non-promoter,0.0,0,0,0,0,0
chr1:1-1,Non-promoter,0.0,0,0,0,0,0
chr1:1-1,Non-promoter,0.0,0,0,0,0,0
chr1:1-1,Non-promoter,0.0,0,0,0,0,0
chr1:1-1,Non-promoter,0.0,0,0,0,0,0
chr1:1-1,Non-promoter,0.0,0,0,0,0,0
chr1:1-1,Non-promoter,0.0,0,0,0,0,0
chr1:1-1,Non-promoter,0.0,0,0,0,0,0
chr1:1-1,Non-promoter,0.0,0,0,0,0,0
chr1:1-1,Non-promoter,0.0,0,0,0,0,0
chr1:1-1,Non-promoter,0.0,0,0,0,0,0
chr1:1-1,Non-promoter,0.0,0,0,0,0,0
chr1:1-1,Non-promoter,0.0,0,0,0,0,0
chr1:1-1,Non-promoter,0.0,0,0,0,0,0
chr1:1-1,Non-promoter,0.0,0,0,0,0,0
chr1:1-1,Non-promoter,0.0,0,0,0,0,0
chr1:1-1,Non-promoter,0.0,0,0,0,0,0
chr1:1-1,Non-promoter,0.0,0,0,0,0,0
chr1:1-1,Non-promoter,0.0,0,0,0,0,0
chr1:1-1,Non-promoter,0.0,0,0,0,0,0
chr1:1-1,Non-promoter,0.0,0,0,0,0,0
chr1:1-1,Non-promoter,0.0,0,0,0,0,0
chr1:1-1,Non-promoter,0.0,0,0,0,0,0
chr1:1-1,Non-promoter,0.0,0,0,0,0,0
chr1:1-1,Non-promoter,0.0,0,0,0,0,0
chr1:1-1,Non-promoter,0.0,0,0,0,0,0
chr1:1-1,Non-promoter,0.0,0,0,0,0,0
chr1:1-1,Non-promoter,0.0,0,0,0,0,0
chr1:1-1,Non-promoter,0.0,0,0,0,0,0
chr1:1-1,Non-promoter,0.0,0,0,0,0,0
chr1:1-1,Non-promoter,0.0,0,0,0,0,0
chr1:1-1,Non-promoter,0.0,0,0,0,0,0
chr1:1-1,Non-promoter,0.0,0,0,0,0,0
chr1:1-1,Non-promoter,0.0,0,0,0,0,0
chr1:1-1,Non-promoter,0.0,0,0,0,0,0
chr1:1-1,Non-promoter,0.0,0,0,0,0,0
chr1:1-1,Non-promoter,0.0,0,0,0,0,0
chr1:1-1,Non-promoter,0.0,0,0,0,0,0
chr1:1-1,Non-promoter,0.0,0,0,0,0,0
chr1:1-1,Non-promoter,0.0,0,0,0,0,0
chr1:1-1,Non-promoter,0.0,0,0,0,0,0
chr1:1-1,Non-promoter,0.0,0,0,0,0,0
chr1:1-1,Non-promoter,0.0,0,0,0,0,0
chr1:1-1,Non-promoter,0.0,0,0,0,0,0
chr1:1-1,Non-promoter,0.0,0,0,0,0,0
chr1:1-1,Non-promoter,0.0,0,0,0,0,0
chr1:1-1,Non-promoter,0.0,0,0,0,0,0
chr1:1-1,Non-promoter,0.0,0,0,0,0,0
chr1:1-1,Non-promoter,0.0,0,0,0,0,0
chr1:1-1,Non-promoter,0.0,0,0,0,0,0
chr1:1-1,Non-promoter,0.0,0,0,0,0,0
chr1:1-1,Non-promoter,0.0,0,0,0,0,0
chr1:1-1,Non-promoter,0.0,0,0,0,0,0
chr1:1-1,Non-promoter,0.0,0,0,0,0,0
chr1:1-1,Non-promoter,0.0,0,0,0,0,0
chr1:1-1,Non-promoter,0.0,0,0,0,0,0
chr1:1-1,Non-promoter,0.0,0,0,0,0,0
chr1:1-1,Non-promoter,0.0,0,0,0,0,0
chr1:1-1,Non-promoter,0.0,0,0,0,0,0
chr1:1-1,Non-promoter,0.0,0,0,0,0,0
chr1:1-1,Non-promoter,0.0,0,0,0,0,0
chr1:1-1,Non-promoter,0.0,0,0,0,0,0
chr1:1-1,Non-promoter,0.0,0,0,0,0,0
chr1:1-1,Non-promoter,0.0,0,0,0,0,0
chr1:1-1,Non-promoter,0.0,0,0,0,0,0
chr1:1-1,Non-promoter,0.0,0,0,0,0,0
chr1:1-1,Non-promoter,0.0,0,0,0,0,0
chr1:1-1,Non-promoter,0.0,0,0,0,0,0
chr1:1-1,Non-promoter,0.0,0,0,0,0,0
chr1:1-1,Non-promoter,0.0,0,0,0,0,0
chr1:1-1,Non-promoter,0.0,0,0,0,0,0
chr1:1-1,Non-promoter,0.0,0,0,0,0,0
chr1:1-1,Non-promoter,0.0,0,0,0,0,0
chr1:1-1,Non-promoter,0.0,0,0,0,0,0
chr1:1-1,Non-promoter,0.0,0,0,0,0,0
chr1:1-1,Non-promoter,0.0,0,0,0,0,0
chr1:1-1,Non-promoter,0.0,0,0,0,0,0
chr1:1-1,Non-promoter,0.0,0,0,0,0,0
chr1:1-1,Non-promoter,0.0,0,0,0,0,0
chr1:1-1,Non-promoter,0.0,0,0,0,0,0
chr1:1-1,Non-promoter,0.0,0,0,0,0,0
chr1:1-1,Non-promoter,0.0,0,0,0,0,0
chr1:1-1,Non-promoter,0.0,0,0,0,0,0
chr1:1-1,Non-promoter,0.0,0,0,0,0,0
chr1:1-1,Non-promoter,0.0,0,0,0,0,0
chr1:1-1,Non-promoter,0.0,0,0,0,0,0
chr1:1-1,Non-promoter,0.0,0,0,0,0,0
chr1:1-1,Non-promoter,0.0,0,0,0,0,0
chr1:1-1,Non-promoter,0.0,0,0,0,0,0
chr1:1-1,Non-promoter,0.0,0,0,0,0,0
chr1:1-1,Non-promoter,0.0,0,0,0,0,0
chr1:1-1,Non-promoter,0.0,0,0,0,0,0
chr1:1-1,Non-promoter,0.0,0,0,0,0,0
chr1:1-1,Non-promoter,0.0,0,0,0,0,0
chr1:1-1,Non-promoter,0.0,0,0,0,0,0
chr1:1-1,Non-promoter,0.0,0,0,0,0,0
chr1:1-1,Non-promoter,0.0,0,0,0,0,0
chr1:1-1,Non-promoter,0.0,0,0,0,0,0
chr1:1-1,Non-promoter,0.0,0,0,0,0,0
chr1:1-1,Non-promoter,0.0,0,0,0,0,0
chr1:1-1,Non-promoter,0.0,0,0,0,0,0
chr1:1-1,Non-promoter,0.0,0,0,0,0,0
chr1:1-1,Non-promoter,0.0,0,0,0,0,0
chr1:1-1,Non-promoter,0.0,0,0,0,0,0
chr1:1-1,Non-promoter,0.0,0,0,0,0,0
chr1:1-1,Non-promoter,0.0,0,0,0,0,0
chr1:1-1,Non-promoter,0.0,0,0,0,0,0
chr1:1-1,Non-promoter,0.0,0,0,0,0,0
chr1:1-1,Non-promoter,0.0,0,0,0,0,0
chr1:1-1,Non-promoter,0.0,0,0,0,0,0
chr1:1-1,Non-promoter,0.0,0,0,0,0,0
chr1:1-1,Non-promoter,0.0,0,0,0,0,0
chr1:1-1,Non-promoter,0.0,0,0,0,0,0
chr1:1-1,Non-promoter,0.0,0,0,0,0,0
chr1:1-1,Non-promoter,0.0,0,0,0,0,0
chr1:1-1,Non-promoter,0.0,0,0,0,0,0
chr1:1-1,Non-promoter,0.0,0,0,0,0,0
chr1:1-1,Non-promoter,0.0,0,0,0,0,0
chr1:1-1,Non-promoter,0.0,0,0,0,0,0
chr1:1-1,Non-promoter,0.0,0,0,0,0,0
chr1:1-1,Non-promoter,0.0,0,0,0,0,0
chr1:1-1,Non-promoter,0.0,0,0,0,0,0
chr1:1-1,Non-promoter,0.0,0,0,0,0,0
chr1:1-1,Non-promoter,0.0,0,0,0,0,0
chr1:1-1,Non-promoter,0.0,0,0,0,0,0
chr1:1-1,Non-promoter,0.0,0,0,0,0,0
chr1:1-1,Non-promoter,0.0,0,0,0,0,0
chr1:1-1,Non-promoter,0.0,0,0,0,0,0
chr1:1-1,Non-promoter,0.0,0,0,0,0,0
chr1:1-1,Non-promoter,0.0,0,0,0,0,0
chr1:1-1,Non-promoter,0.0,0,0,0,0,0
chr1:1-1,Non-promoter,0.0,0,0,0,0,0
chr1:1-1,Non-promoter,0.0,0,0,0,0,0
chr1:1-1,Non-promoter,0.0,0,0,0,0,0
chr1:1-1,Non-promoter,0.0,0,0,0,0,0
chr1:1-1,Non-promoter,0.0,0,0,0,0,0
chr1:1-1,Non-promoter,0.0,0,0,0,0,0
chr1:1-1,Non-promoter,0.0,0,0,0,0,0
chr1:1-1,Non-promoter,0.0,0,0,0,0,0
chr1:1-1,Non-promoter,0.0,0,0,0,0,0
chr1:1-1,Non-promoter,0.0,0,0,0,0,0
chr1:1-1,Non-promoter,0.0,0,0,0,0,0
chr1:1-1,Non-promoter,0.0,0,0,0,0,0
chr1:1-1,Non-promoter,0.0,0,0,0,0,0
chr1:1-1,Non-promoter,0.0,0,0,0,0,0
chr1:1-1,Non-promoter,0.0,0,0,0,0,0
chr1:1-1,Non-promoter,0.0,0,0,0,0,0
chr1:1-1,Non-promoter,0.0,0,0,0,0,0
chr1:1-1,Non-promoter,0.0,0,0,0,0,0
chr1:1-1,Non-promoter,0.0,0,0,0,0,0
chr1:1-1,Non-promoter,0.0,0,0,0,0,0
chr1:1-1,Non-promoter,0.0,0,0,0,0,0
chr1:1-1,Non-promoter,0.0,0,0,0,0,0
chr1:1-1,Non-promoter,0.0,0,0,0,0,0
chr1:1-1,Non-promoter,0.0,0,0,0,0,0
chr1:1-1,Non-promoter,0.0,0,0,0,0,0
chr1:1-1,Non-promoter,0.0,0,0,0,0,0
chr1:1-1,Non-promoter,0.0,0,0,0,0,0
chr1:1-1,Non-promoter,0.0,0,0,0,0,0
chr1:1-1,Non-promoter,0.0,0,0,0,0,0
chr1:1-1,Non-promoter,0.0,0,0,0,0,0
chr1:1-1,Non-promoter,0.0,0,0,0,0,0
chr1:1-1,Non-promoter,0.0,0,0,0,0,0
chr1:1-1,Non-promoter,0.0,0,0,0,0,0
chr1:1-1,Non-promoter,0.0,0,0,0,0,0
chr1:1-1,Non-promoter,0.0,0,0,0,0,0
chr1:1-1,Non-promoter,0.0,0,0,0,0,0
chr1:1-1,Non-promoter,0.0,0,0,0,0,0
chr1:1-1,Non-promoter,0.0,0,0,0,0,0
chr1:1-1,Non-promoter,0.0,0,0,0,0,0
chr1:1-1,Non-promoter,0.0,0,0,0,0,0
chr1:1-1,Non-promoter,0.0,0,0,0,0,0
chr1:1-1,Non-promoter,0.0,0,0,0,0,0
chr1:1-1,Non-promoter,0.0,0,0,0,0,0
chr1:1-1,Non-promoter,0.0,0,0,0,0,0
chr1:1-1,Non-promoter,0.0,0,0,0,0,0
chr1:1-1,Non-promoter,0.0,0,0,0,0,0
chr1:1-1,Non-promoter,0.0,0,0,0,0,0
chr1:1-1,Non-promoter,0.0,0,0,0,0,0
chr1:1-1,Non-promoter,0.0,0,0,0,0,0
chr1:1-1,Non-promoter,0.0,0,0,0,0,0
chr1:1-1,Non-promoter,0.0,0,0,0,0,0
chr1:1-1,Non-promoter,0.0,0,0,0,0,0
chr1:1-1,Non-promoter,0.0,0,0,0,0,0
chr1:1-1,Non-promoter,0.0,0,0,0,0,0
chr1:1-1,Non-promoter,0.0,0,0,0,0,0
chr1:1-1,Non-promoter,0.0,0,0,0,0,0
chr1:1-1,Non-promoter,0.0,0,0,0,0,0
chr1:1-1,Non-promoter,0.0,0,0,0,0,0
chr1:1-1,Non-promoter,0.0,0,0,0,0,0
chr1:1-1,Non-promoter,0.0,0,0,0,0,0
chr1:1-1,Non-promoter,0.0,0,0,0,0,0
chr1:1-1,Non-promoter,0.0,0,0,0,0,0
chr1:1-1,Non-promoter,0.0,0,0,0,0,0
chr1:1-1,Non-promoter,0.0,0,0,0,0,0
chr1:1-1,Non-promoter,0.0,0,0,0,0,0
chr1:1-1,Non-promoter,0.0,0,0,0,0,0
chr1:1-1,Non-promoter,0.0,0,0,0,0,0
chr1:1-1,Non-promoter,0.0,0,0,0,0,0
chr1:1-1,Non-promoter,0.0,0,0,0,0,0
chr1:1-1,Non-promoter,0.0,0,0,0,0,0
chr1:1-1,Non-promoter,0.0,0,0,0,0,0
chr1:1-1,Non-promoter,0.0,0,0,0,0,0
chr1:1-1,Non-promoter,0.0,0,0,0,0,0
chr1:1-1,Non-promoter,0.0,0,0,0,0,0
chr1:1-1,Non-promoter,0.0,0,0,0,0,0
chr1:1-1,Non-promoter,0.0,0,0,0,0,0
chr1:1-1,Non-promoter,0.0,0,0,0,0,0
chr1:1-1,Non-promoter,0.0,0,0,0,0,0
chr1:1-1,Non-promoter,0.0,0,0,0,0,0
chr1:1-1,Non-promoter,0.0,0,0,0,0,0
chr1:1-1,Non-promoter,0.0,0,0,0,0,0
chr1:1-1,Non-promoter,0.0,0,0,0,0,0
chr1:1-1,Non-promoter,0.0,0,0,0,0,0
chr1:1-1,Non-promoter,0.0,0,0,0,0,0
chr1:1-1,Non-promoter,0.0,0,0,0,0,0
chr1:1-1,Non-promoter,0.0,0,0,0,0,0
chr1:1-1,Non-promoter,0.0,0,0,0,0,0
chr1:1-1,Non-promoter,0.0,0,0,0,0,0
chr1:1-1,Non-promoter,0.0,0,0,0,0,0
chr1:1-1,Non-promoter,0.0,0,0,0,0,0
chr1:1-1,Non-promoter,0.0,0,0,0,0,0
chr1:1-1,Non-promoter,0.0,0,0,0,0,0
chr1:1-1,Non-promoter,0.0,0,0,0,0,0
chr1:1-1,Non-promoter,0.0,0,0,0,0,0
chr1:1-1,Non-promoter,0.0,0,0,0,0,0
chr1:1-1,Non-promoter,0.0,0,0,0,0,0
chr1:1-1,Non-promoter,0.0,0,0,0,0,0
chr1:1-1,Non-promoter,0.0,0,0,0,0,0
chr1:1-1,Non-promoter,0.0,0,0,0,0,0
chr1:1-1,Non-promoter,0.0,0,0,0,0,0
chr1:1-1,Non-promoter,0.0,0,0,0,0,0
chr1:1-1,Non-promoter,0.0,0,0,0,0,0
chr1:1-1,Non-promoter,0.0,0,0,0,0,0
chr1:1-1,Non-promoter,0.0,0,0,0,0,0
chr1:1-1,Non-promoter,0.0,0,0,0,0,0
chr1:1-1,Non-promoter,0.0,0,0,0,0,0
chr1:1-1,Non-promoter,0.0,0,0,0,0,0
chr1:1-1,Non-promoter,0.0,0,0,0,0,0
chr1:1-1,Non-promoter,0.0,0,0,0,0,0
chr1:1-1,Non-promoter,0.0,0,0,0,0,0
chr1:1-1,Non-promoter,0.0,0,0,0,0,0
chr1:1-1,Non-promoter,0.0,0,0,0,0,0
chr1:1-1,Non-promoter,0.0,0,0,0,0,0
chr1:1-1,Non-promoter,0.0,0,0,0,0,0
chr1:1-1,Non-promoter,0.0,0,0,0,0,0
chr1:1-1,Non-promoter,0.0,0,0,0,0,0
chr1:1-1,Non-promoter,0.0,0,0,0,0,0
chr1:1-1,Non-promoter,0.0,0,0,0,0,0
chr1:1-1,Non-promoter,0.0,0,0,0,0,0
chr1:1-1,Non-promoter,0.0,0,0,0,0,0
chr1:1-1,Non-promoter,0.0,0,0,0,0,0
chr1:1-1,Non-promoter,0.0,0,0,0,0,0
chr1:1-1,Non-promoter,0.0,0,0,0,0,0
chr1:1-1,Non-promoter,0.0,0,0,0,0,0
chr1:1-1,Non-promoter,0.0,0,0,0,0,0
chr1:1-1,Non-promoter,0.0,0,0,0,0,0
chr1:1-1,Non-promoter,0.0,0,0,0,0,0
chr1:1-1,Non-promoter,0.0,0,0,0,0,0
chr1:1-1,Non-promoter,0.0,0,0,0,0,0
chr1:1-1,Non-promoter,0.0,0,0,0,0,0
chr1:1-1,Non-promoter,0.0,0,0,0,0,0
chr1:1-1,Non-promoter,0.0,0,0,0,0,0
chr1:1-1,Non-promoter,0.0,0,0,0,0,0
chr1:1-1,Non-promoter,0.0,0,0,0,0,0
chr1:1-1,Non-promoter,0.0,0,0,0,0,0
chr1:1-1,Non-promoter,0.0,0,0,0,0,0
chr1:1-1,Non-promoter,0.0,0,0,0,0,0
chr1:1-1,Non-promoter,0.0,0,0,0,0,0
chr1:1-1,Non-promoter,0.0,0,0,0,0,0
chr1:1-1,Non-promoter,0.0,0,0,0,0,0
chr1:1-1,Non-promoter,0.0,0,0,0,0,0
chr1:1-1,Non-promoter,0.0,0,0,0,0,0
chr1:1-1,Non-promoter,0.0,0,0,0,0,0
chr1:1-1,Non-promoter,0.0,0,0,0,0,0
chr1:1-1,Non-promoter,0.0,0,0,0,0,0
chr1:1-1,Non-promoter,0.0,0,0,0,0,0
chr1:1-1,Non-promoter,0.0,0,0,0,0,0
chr1:1-1,Non-promoter,0.0,0,0,0,0,0
chr1:1-1,Non-promoter,0.0,0,0,0,0,0
chr1:1-1,Non-promoter,0.0,0,0,0,0,0
chr1:1-1,Non-promoter,0.0,0,0,0,0,0
chr1:1-1,Non-promoter,0.0,0,0,0,0,0
chr1:1-1,Non-promoter,0.0,0,0,0,0,0
chr1:1-1,Non-promoter,0.0,0,0,0,0,0
chr1:1-1,Non-promoter,0.0,0,0,0,0,0
chr1:1-1,Non-promoter,0.0,0,0,0,0,0
chr1:1-1,Non-promoter,0.0,0,0,0,0,0
chr1:1-1,Non-promoter,0.0,0,0,0,0,0
chr1:1-1,Non-promoter,0.0,0,0,0,0,0
chr1:1-1,Non-promoter,0.0,0,0,0,0,0
chr1:1-1,Non-promoter,0.0,0,0,0,0,0
chr1:1-1,Non-promoter,0.0,0,0,0,0,0
chr1:1-1,Non-promoter,0.0,0,0,0,0,0
chr1:1-1,Non-promoter,0.0,0,0,0,0,0
chr1:1-1,Non-promoter,0.0,0,0,0,0,0
chr1:1-1,Non-promoter,0.0,0,0,0,0,0
chr1:1-1,Non-promoter,0.0,0,0,0,0,0
chr1:1-1,Non-promoter,0.0,0,0,0,0,0
chr1:1-1,Non-promoter,0.0,0,0,0,0,0
chr1:1-1,Non-promoter,0.0,0,0,0,0,0
chr1:1-1,Non-promoter,0.0,0,0,0,0,0
chr1:1-1,Non-promoter,0.0,0,0,0,0,0
chr1:1-1,Non-promoter,0.0,0,0,0,0,0
chr1:1-1,Non-promoter,0.0,0,0,0,0,0
chr1:1-1,Non-promoter,0.0,0,0,0,0,0
chr1:1-1,Non-promoter,0.0,0,0,0,0,0
chr1:1-1,Non-promoter,0.0,0,0,0,0,0
chr1:1-1,Non-promoter,0.0,0,0,0,0,0
chr1:1-1,Non-promoter,0.0,0,0,0,0,0
chr1:1-1,Non-promoter,0.0,0,0,0,0,0
chr1:1-1,Non-promoter,0.0,0,0,0,0,0
chr1:1-1,Non-promoter,0.0,0,0,0,0,0
chr1:1-1,Non-promoter,0.0,0,0,0,0,0
chr1:1-1,Non-promoter,0.0,0,0,0,0,0
chr1:1-1,Non-promoter,0.0,0,0,0,0,0
chr1:1-1,Non-promoter,0.0,0,0,0,0,0
chr1:1-1,Non-promoter,0.0,0,0,0,0,0
chr1:1-1,Non-promoter,0.0,0,0,0,0,0
chr1:1-1,Non-promoter,0.0,0,0,0,0,0
chr1:1-1,Non-promoter,0.0,0,0,0,0,0
chr1:1-1,Non-promoter,0.0,0,0,0,0,0
chr1:1-1,Non-promoter,0.0,0,0,0,0,0
chr1:1-1,Non-promoter,0.0,0,0,0,0,0
chr1:1-1,Non-promoter,0.0,0,0,0,0,0
chr1:1-1,Non-promoter,0.0,0,0,0,0,0
chr1:1-1,Non-promoter,0.0,0,0,0,0,0
chr1:1-1,Non-promoter,0.0,0,0,0,0,0
chr1:1-1,Non-promoter,0.0,0,0,0,0,0
chr1:1-1,Non-promoter,0.0,0,0,0,0,0
chr1:1-1,Non-promoter,0.0,0,0,0,0,0
chr1:1-1,Non-promoter,0.0,0,0,0,0,0
chr1:1-1,Non-promoter,0.0,0,0,0,0,0
chr1:1-1,Non-promoter,0.0,0,0,0,0,0
chr1:1-1,Non-promoter,0.0,0,0,0,0,0
chr1:1-1,Non-promoter,0.0,0,0,0,0,0
chr1:1-1,Non-promoter,0.0,0,0,0,0,0
chr1:1-1,Non-promoter,0.0,0,0,0,0,0
chr1:1-1,Non-promoter,0.0,0,0,0,0,0
chr1:1-1,Non-promoter,0.0,0,0,0,0,0
chr1:1-1,Non-promoter,0.0,0,0,0,0,0
chr1:1-1,Non-promoter,0.0,0,0,0,0,0
chr1:1-1,Non-promoter,0.0,0,0,0,0,0
chr1:1-1,Non-promoter,0.0,0,0,0,0,0
chr1:1-1,Non-promoter,0.0,0,0,0,0,0
chr1:1-1,Non-promoter,0.0,0,0,0,0,0
chr1:1-1,Non-promoter,0.0,0,0,0,0,0
chr1:1-1,Non-promoter,0.0,0,0,0,0,0
chr1:1-1,Non-promoter,0.0,0,0,0,0,0
chr1:1-1,Non-promoter,0.0,0,0,0,0,0
chr1:1-1,Non-promoter,0.0,0,0,0,0,0
chr1:1-1,Non-promoter,0.0,0,0,0,0,0
chr1:1-1,Non-promoter,0.0,0,0,0,0,0
chr1:1-1,Non-promoter,0.0,0,0,0,0,0
chr1:1-1,Non-promoter,0.0,0,0,0,0,0
chr1:1-1,Non-promoter,0.0,0,0,0,0,0
chr1:1-1,Non-promoter,0.0,0,0,0,0,0
chr1:1-1,Non-promoter,0.0,0,0,0,0,0
chr1:1-1,Non-promoter,0.0,0,0,0,0,0
chr1:1-1,Non-promoter,0.0,0,0,0,0,0
chr1:1-1,Non-promoter,0.0,0,0,0,0,0
chr1:1-1,Non-promoter,0.0,0,0,0,0,0
chr1:1-1,Non-promoter,0.0,0,0,0,0,0
chr1:1-1,Non-promoter,0.0,0,0,0,0,0
chr1:1-1,Non-promoter,0.0,0,0,0,0,0
chr1:1-1,Non-promoter,0.0,0,0,0,0,0
chr1:1-1,Non-promoter,0.0,0,0,0,0,0
chr1:1-1,Non-promoter,0.0,0,0,0,0,0
chr1:1-1,Non-promoter,0.0,0,0,0,0,0
chr1:1-1,Non-promoter,0.0,0,0,0,0,0
chr1:1-1,Non-promoter,0.0,0,0,0,0,0
chr1:1-1,Non-promoter,0.0,0,0,0,0,0
chr1:1-1,Non-promoter,0.0,0,0,0,0,0
chr1:1-1,Non-promoter,0.0,0,0,0,0,0
chr1:1-1,Non-promoter,0.0,0,0,0,0,0
chr1:1-1,Non-promoter,0.0,0,0,0,0,0
chr1:1-1,Non-promoter,0.0,0,0,0,0,0
chr1:1-1,Non-promoter,0.0,0,0,0,0,0
chr1:1-1,Non-promoter,0.0,0,0,0,0,0
chr1:1-1,Non-promoter,0.0,0,0,0,0,0
chr1:1-1,Non-promoter,0.0,0,0,0,0,0
chr1:1-1,Non-promoter,0.0,0,0,0,0,0
chr1:1-1,Non-promoter,0.0,0,0,0,0,0
chr1:1-1,Non-promoter,0.0,0,0,0,0,0
chr1:1-1,Non-promoter,0.0,0,0,0,0,0
chr1:1-1,Non-promoter,0.0,0,0,0,0,0
chr1:1-1,Non-promoter,0.0,0,0,0,0,0
chr1:1-1,Non-promoter,0.0,0,0,0,0,0
chr1:1-1,Non-promoter,0.0,0,0,0,0,0
chr1:1-1,Non-promoter,0.0,0,0,0,0,0
chr1:1-1,Non-promoter,0.0,0,0,0,0,0
chr1:1-1,Non-promoter,0.0,0,0,0,0,0
chr1:1-1,Non-promoter,0.0,0,0,0,0,0
chr1:1-1,Non-promoter,0.0,0,0,0,0,0
chr1:1-1,Non-promoter,0.0,0,0,0,0,0
chr1:1-1,Non-promoter,0.0,0,0,0,0,0
chr1:1-1,Non-promoter,0.0,0,0,0,0,0
chr1:1-1,Non-promoter,0.0,0,0,0,0,0
chr1:1-1,Non-promoter,0.0,0,0,0,0,0
chr1:1-1,Non-promoter,0.0,0,0,0,0,0
chr1:1-1,Non-promoter,0.0,0,0,0,0,0
chr1:1-1,Non-promoter,0.0,0,0,0,0,0
chr1:1-1,Non-promoter,0.0,0,0,0,0,0
chr1:1-1,Non-promoter,0.0,0,0,0,0,0
chr1:1-1,Non-promoter,0.0,0,0,0,0,0
chr1:1-1,Non-promoter,0.0,0,0,0,0,0
chr1:1-1,Non-promoter,0.0,0,0,0,0,0
chr1:1-1,Non-promoter,0.0,0,0,0,0,0
chr1:1-1,Non-promoter,0.0,0,0,0,0,0
chr1:1-1,Non-promoter,0.0,0,0,0,0,0
chr1:1-1,Non-promoter,0.0,0,0,0,0,0
chr1:1-1,Non-promoter,0.0,0,0,0,0,0
chr1:1-1,Non-promoter,0.0,0,0,0,0,0
chr1:1-1,Non-promoter,0.0,0,0,0,0,0
chr1:1-1,Non-promoter,0.0,0,0,0,0,0
chr1:1-1,Non-promoter,0.0,0,0,0,0,0
chr1:1-1,Non-promoter,0.0,0,0,0,0,0
chr1:1-1,Non-promoter,0.0,0,0,0,0,0
chr1:1-1,Non-promoter,0.0,0,0,0,0,0
chr1:1-1,Non-promoter,0.0,0,0,0,0,0
chr1:1-1,Non-promoter,0.0,0,0,0,0,0
chr1:1-1,Non-promoter,0.0,0,0,0,0,0
chr1:1-1,Non-promoter,0.0,0,0,0,0,0
chr1:1-1,Non-promoter,0.0,0,0,0,0,0
chr1:1-1,Non-promoter,0.0,0,0,0,0,0
chr1:1-1,Non-promoter,0.0,0,0,0,0,0
chr1:1-1,Non-promoter,0.0,0,0,0,0,0
chr1:1-1,Non-promoter,0.0,0,0,0,0,0
chr1:1-1,Non-promoter,0.0,0,0,0,0,0
chr1:1-1,Non-promoter,0.0,0,0,0,0,0
chr1:1-1,Non-promoter,0.0,0,0,0,0,0
chr1:1-1,Non-promoter,0.0,0,0,0,0,0
chr1:1-1,Non-promoter,0.0,0,0,0,0,0
chr1:1-1,Non-promoter,0.0,0,0,0,0,0
chr1:1-1,Non-promoter,0.0,0,0,0,0,0
chr1:1-1,Non-promoter,0.0,0,0,0,0,0
chr1:1-1,Non-promoter,0.0,0,0,0,0,0
chr1:1-1,Non-promoter,0.0,0,0,0,0,0
chr1:1-1,Non-promoter,0.0,0,0,0,0,0
chr1:1-1,Non-promoter,0.0,0,0,0,0,0
chr1:1-1,Non-promoter,0.0,0,0,0,0,0
chr1:1-1,Non-promoter,0.0,0,0,0,0,0
chr1:1-1,Non-promoter,0.0,0,0,0,0,0
chr1:1-1,Non-promoter,0.0,0,0,0,0,0
chr1:1-1,Non-promoter,0.0,0,0,0,0,0
chr1:1-1,Non-promoter,0.0,0,0,0,0,0
chr1:1-1,Non-promoter,0.0,0,0,0,0,0
chr1:1-1,Non-promoter,0.0,0,0,0,0,0
chr1:1-1,Non-promoter,0.0,0,0,0,0,0
chr1:1-1,Non-promoter,0.0,0,0,0,0,0
chr1:1-1,Non-promoter,0.0,0,0,0,0,0
chr1:1-1,Non-promoter,0.0,0,0,0,0,0
chr1:1-1,Non-promoter,0.0,0,0,0,0,0
chr1:1-1,Non-promoter,0.0,0,0,0,0,0
chr1:1-1,Non-promoter,0.0,0,0,0,0,0
chr1:1-1,Non-promoter,0.0,0,0,0,0,0
chr1:1-1,Non-promoter,0.0,0,0,0,0,0
chr1:1-1,Non-promoter,0.0,0,0,0,0,0
chr1:1-1,Non-promoter,0.0,0,0,0,0,0
chr1:1-1,Non-promoter,0.0,0,0,0,0,0
chr1:1-1,Non-promoter,0.0,0,0,0,0,0
chr1:1-1,Non-promoter,0.0,0,0,0,0,0
chr1:1-1,Non-promoter,0.0,0,0,0,0,0
chr1:1-1,Non-promoter,0.0,0,0,0,0,0
chr1:1-1,Non-promoter,0.0,0,0,0,0,0
chr1:1-1,Non-promoter,0.0,0,0,0,0,0
chr1:1-1,Non-promoter,0.0,0,0,0,0,0
chr1:1-1,Non-promoter,0.0,0,0,0,0,0
chr1:1-1,Non-promoter,0.0,0,0,0,0,0
chr1:1-1,Non-promoter,0.0,0,0,0,0,0
chr1:1-1,Non-promoter,0.0,0,0,0,0,0
chr1:1-1,Non-promoter,0.0,0,0,0,0,0
chr1:1-1,Non-promoter,0.0,0,0,0,0,0
chr1:1-1,Non-promoter,0.0,0,0,0,0,0
chr1:1-1,Non-promoter,0.0,0,0,0,0,0
chr1:1-1,Non-promoter,0.0,0,0,0,0,0
chr1:1-1,Non-promoter,0.0,0,0,0,0,0
chr1:1-1,Non-promoter,0.0,0,0,0,0,0
chr1:1-1,Non-promoter,0.0,0,0,0,0,0
chr1:1-1,Non-promoter,0.0,0,0,0,0,0
chr1:1-1,Non-promoter,0.0,0,0,0,0,0
chr1:1-1,Non-promoter,0.0,0,0,0,0,0
chr1:1-1,Non-promoter,0.0,0,0,0,0,0
chr1:1-1,Non-promoter,0.0,0,0,0,0,0
chr1:1-1,Non-promoter,0.0,0,0,0,0,0
chr1:1-1,Non-promoter,0.0,0,0,0,0,0
chr1:1-1,Non-promoter,0.0,0,0,0,0,0
chr1:1-1,Non-promoter,0.0,0,0,0,0,0
chr1:1-1,Non-promoter,0.0,0,0,0,0,0
chr1:1-1,Non-promoter,0.0,0,0,0,0,0
chr1:1-1,Non-promoter,0.0,0,0,0,0,0
chr1:1-1,Non-promoter,0.0,0,0,0,0,0
chr1:1-1,Non-promoter,0.0,0,0,0,0,0
chr1:1-1,Non-promoter,0.0,0,0,0,0,0
chr1:1-1,Non-promoter,0.0,0,0,0,0,0
chr1:1-1,Non-promoter,0.0,0,0,0,0,0
chr1:1-1,Non-promoter,0.0,0,0,0,0,0
chr1:1-1,Non-promoter,0.0,0,0,0,0,0
chr1:1-1,Non-promoter,0.0,0,0,0,0,0
chr1:1-1,Non-promoter,0.0,0,0,0,0,0
chr1:1-1,Non-promoter,0.0,0,0,0,0,0
chr1:1-1,Non-promoter,0.0,0,0,0,0,0
chr1:1-1,Non-promoter,0.0,0,0,0,0,0
96_55_2762890_-_TTGGCACGATCCTTGCA_16079761_levD_81,Non-promoter,0.0,0,0,0,0,0
94_41_878961_+_CTGGCACACTTCTTGCA_16077873_acoA_81,Non-promoter,0.0,0,0,0,0,0
94_75_4145581_-_TTGGCACAGAACTTGCA_16081086_rocD_81,Non-promoter,0.0,0,0,0,0,0
93_55_2504719_-_CTGGCATGGAACTTGCA_255767528_ptb_81,Non-promoter,0.0,0,0,0,0,0
92_243_938000_+_TTGGCACTGAATTTGCT_16077933_ygaB_81,Non-promoter,0.0,0,0,0,0,0
92_65_3880578_-_ATGGCATGATTCTTGCA_16080830_rocA_81,Non-promoter,0.0,0,0,0,0,0
91_114_3882128_-_CTGGTACGGATCTTGCA_255767794_rocG_81,Non-promoter,0.0,0,0,0,0,0
89_78_3903727_-_TTGGCATGGCGATTGCG_255767804_sacA_81,Non-promoter,0.0,0,0,0,0,0
88_71_3018270_-_TTGGCATAAACTTTGCA_16080001_tpx_81,Non-promoter,0.0,0,0,0,0,0
88_177_1375083_+_TTGGCACGATGAATGCA_16078372_ykkA_81,Non-promoter,0.0,0,0,0,0,0
87_190_147122_+_CTGGCATGGTTCTCGCT_255767033_ybzG_81,Non-promoter,0.0,0,0,0,0,0
87_186_880863_+_TTGCCACGGATATTGCT_16077875_acoC_81,Non-promoter,0.0,0,0,0,0,0
87_198_3780231_-_TTGGAACGGCCGTTGCC_16080730_ywmB_81,Non-promoter,0.0,0,0,0,0,0
87_33_4065541_-_GTGGCACGGCATTCGCC_16081008_yxeF_81,Non-promoter,0.0,0,0,0,0,0
86_150_2320174_-_ATGGCACGCAAGTTTCT_16079265_xpt_81,Non-promoter,0.0,0,0,0,0,0
86_95_1347194_+_TTGGAACGACACTTGCC_16078346_xlyA_81,Non-promoter,0.0,0,0,0,0,0
86_150_1647789_+_CCGGCACAGTCGTTGCA_16078637_rsmB_81,Non-promoter,0.0,0,0,0,0,0
85_88_2232594_+_ATGGCAACTATATTGCT_16079171_yonE_81,Non-promoter,0.0,0,0,0,0,0
85_142_2668907_-_TTGGCATATACCTTGCG_16079649_yqcB_81,Non-promoter,0.0,0,0,0,0,0
84_103_2269566_-_GTGGCGGAGCTGTTGCT_16079206_sunT_81,Non-promoter,0.0,0,0,0,0,0
84_249_3739449_-_ATGGCATTACAATTGCG_16080682_ywpJ_81,Non-promoter,0.0,0,0,0,0,0
84_195_3444017_-_GTGGCGCTTCATTTGCT_16080404_copZ_81,Non-promoter,0.0,0,0,0,0,0
84_142_3382491_+_TTGGCCTACCCCTTGCA_16080350_yusZ_81,Non-promoter,0.0,0,0,0,0,0
84_29_1291315_+_GTGGAACATTAATTGCT_16078286_yjiB_81,Non-promoter,0.0,0,0,0,0,0
84_222_776612_+_CCGGCACGATCGTTGCC_255767184_yetA_81,Non-promoter,0.0,0,0,0,0,0
83_84_57661_+_CTGGAAAAGCACTTGCT_16077119_prs_81,Non-promoter,0.0,0,0,0,0,0
83_247_839900_-_ATGGCACAGTCATCGCG_16077835_yflH_81,Non-promoter,0.0,0,0,0,0,0
83_224_1700792_+_CTGGAACGGCCAGTGCA_255767370_ylzI_81,Non-promoter,0.0,0,0,0,0,0
83_100_1498345_+_CTGTCACATCACTTGCA_16078493_mobB_81,Non-promoter,0.0,0,0,0,0,0
83_194_3199401_-_CAGGCAGGCTTTTTGCA_16080170_yulE_81,Non-promoter,0.0,0,0,0,0,0
83_190_2380462_-_ATGGCACATAGCTTGAA_255767489_aroF_81,Non-promoter,0.0,0,0,0,0,0
83_190_2441981_-_CTGTCACGGGTTTTGCC_16079398_spoVAD_81,Non-promoter,0.0,0,0,0,0,0
83_161_2617585_-_ATGGCAGAAGCTTTGCG_255767583_yqfB_81,Non-promoter,0.0,0,0,0,0,0
83_204_4169841_+_TTGGCAAAGGTCTCGCT_16081109_yybO_81,Non-promoter,0.0,0,0,0,0,0
82_189_2490692_-_GTGGCAGACCGTGTGCT_255767523_yqjA_81,Non-promoter,0.0,0,0,0,0,0
82_177_2527100_-_TTGGCAAGCTGAATGCA_255767539_xseB_81,Non-promoter,0.0,0,0,0,0,0
82_159_2158278_-_TAGGAACGGTCTTTGCT_16079057_yosV_81,Non-promoter,0.0,0,0,0,0,0
82_191_3573080_-_TTGGCACGGATTCTCCA_16080531_yvcI_81,Non-promoter,0.0,0,0,0,0,0
82_175_3302938_-_CTGGCAGGTGTGGTGCA_16080265_yuzG_81,Non-promoter,0.0,0,0,0,0,0
82_83_1345548_+_CTGGCACGCAAGCAGCT_16078342_xkdX_81,Non-promoter,0.0,0,0,0,0,0
82_154_1410500_+_TTGGCGCTGTTCCTGCT_16078408_ykoY_81,Non-promoter,0.0,0,0,0,0,0
82_248_541000_+_TTGGCGTTGCCTTTGCT_16077562_yddF_81,Non-promoter,0.0,0,0,0,0,0
82_31_390849_+_CTGGCACTGTATTTGGA_16077419_comS_81,Non-promoter,0.0,0,0,0,0,0
81_228_291977_+_AAAGCACGGATGTTGCT_16077339_estA_81,Non-promoter,0.0,0,0,0,0,0
81_232_22060_+_TTGGAAGAACAGTTGCT_255767013_6_trnSL-Ser1_81,Non-promoter,0.0,0,0,0,0,0
81_144_839376_-_TTGGCACAGCTTCTGGT_16077834_yflI_81,Non-promoter,0.0,0,0,0,0,0
81_84_763791_+_ATGGCGTGGGTCATGCT_16077766_yesQ_81,Non-promoter,0.0,0,0,0,0,0
81_177_541401_+_ACGGCACAGTTTCTGCA_16077563_yddG_81,Non-promoter,0.0,0,0,0,0,0
81_130_527999_+_AAGGAACGCTTTTTGCA_16077546_ydcK_81,Non-promoter,0.0,0,0,0,0,0
81_231_1637734_+_TTGGCACGGATGTGGAA_16078629_yloB_81,Non-promoter,0.0,0,0,0,0,0
81_70_1695807_+_TTGGCAGGGTAGATGCG_255767366_fliI_81,Non-promoter,0.0,0,0,0,0,0
81_147_1120778_-_TCGGCATCCCTTTTGCA_16078109_yhjB_81,Non-promoter,0.0,0,0,0,0,0
81_124_1267005_+_CTGGTACAATTGCTGCT_16078260_yjcQ_81,Non-promoter,0.0,0,0,0,0,0
81_220_1178902_-_ATTGCACGCTCCCTGCT_16078164_yitI_81,Non-promoter,0.0,0,0,0,0,0
81_240_3266377_-_TTGGAATTACTTTTGCT_16080235_yueD_81,Non-promoter,0.0,0,0,0,0,0
81_200_3418576_-_GAGGCAGAACCTTTGCT_16080385_fhuB_81,Non-promoter,0.0,0,0,0,0,0
81_187_2238896_+_ATGGCACTGAATTGGCG_16079179_yomW_81,Non-promoter,0.0,0,0,0,0,0
81_180_2244967_+_ATGGAAAAGACATTGCT_16079189_yomM_81,Non-promoter,0.0,0,0,0,0,0
81_138_1956312_-_GTGGAACGGATGCTGCG_16078886_yngI_81,Non-promoter,0.0,0,0,0,0,0
81_238_1882928_+_CTGGCTTACGAGTTGCA_16078815_ynaD_81,Non-promoter,0.0,0,0,0,0,0
81_110_4076929_-_CTGGCAAGTCGCTTGAA_255767850_iolG_81,Non-promoter,0.0,0,0,0,0,0
81_188_4077007_-_TTGGAACGATGGCTGCA_255767850_iolG_81,Non-promoter,0.0,0,0,0,0,0
80_250_3838302_+_ATGACAGGCTTATTGCT_16080792_albD_81,Non-promoter,0.0,0,0,0,0,0
80_172_3985402_-_AAGGCGCGCTTCTTGCC_16080932_msmX_81,Non-promoter,0.0,0,0,0,0,0
80_118_3934240_+_GCGGCGCCGTTTTTGCT_16080885_ywbF_81,Non-promoter,0.0,0,0,0,0,0
80_32_3923287_+_ATTGCCCGCATGTTGCA_255767811_slrA_81,Non-promoter,0.0,0,0,0,0,0
80_40_2784130_+_ATGGAACCGCCCTGGCT_16079777_yrhD_81,Non-promoter,0.0,0,0,0,0,0
80_88_2447321_-_TTGGCGCAACGATCGCT_16079406_pupG_81,Non-promoter,0.0,0,0,0,0,0
80_82_2275218_-_ATGGCATAGAAATTGAA_16079215_yokK_81,Non-promoter,0.0,0,0,0,0,0
80_166_3608588_-_TTGGCGGAGCCGTTGCG_16080565_yvlB_81,Non-promoter,0.0,0,0,0,0,0
80_174_3390838_-_TTGGCAGCACCAATGCT_255767753_yvzF_81,Non-promoter,0.0,0,0,0,0,0
80_146_3422208_+_CCGGCCTGACCCTTGCT_16080389_yvgJ_81,Non-promoter,0.0,0,0,0,0,0
80_159_3243498_+_CTGGCAGCATGCCTGCT_16080209_yufQ_81,Non-promoter,0.0,0,0,0,0,0
80_234_1206395_+_GTGGCTGACGAGTTGCT_50812218_med_81,Non-promoter,0.0,0,0,0,0,0
80_97_1075261_-_TTGGTATACTGTTTGCA_255767234_trpP_81,Non-promoter,0.0,0,0,0,0,0
80_162_1527179_-_TTGGCAATAGCCGTGCT_255767336_ykzV_81,Non-promoter,0.0,0,0,0,0,0
80_75_1516548_-_GCGGCAAATTTCTTGCT_16078510_ykpC_81,Non-promoter,0.0,0,0,0,0,0
80_107_483738_+_CAGGCATGGATTGTGCT_16077498_ydaN_81,Non-promoter,0.0,0,0,0,0,0
