sequence_id,xgb1_probability,xgb2_probability,xgb1_prediction,xgb2_prediction,final_prediction,final_confidence
ECK120016719 AHPFP FORWARD 639002 SIGMA24 STRONG,0.12433686,0.11416564,0,0,0,0.12433686
ECK120009966 BACAP REVERSE 3204175 SIGMA24 STRONG,0.32404605,0.41189334,0,0,0,0.41189334
ECK120010006 BAMAP FORWARD 197821 SIGMA24 STRONG,0.020113746,0.03455357,0,0,0,0.03455357
ECK120016583 BAMAP2 FORWARD 197026 SIGMA24 STRONG,0.68892664,0.9632076,1,1,1,0.9632076
ECK120016567 BAMBP REVERSE 2638975 SIGMA24 STRONG,0.5080505,0.23383433,1,0,1,0.5080505
ECK120009993 BAMCP REVERSE 2599014 SIGMA24 STRONG,0.15583728,0.4728138,0,0,0,0.4728138
ECK120010008 BAMDP FORWARD 2736006 SIGMA24 STRONG,0.022881912,0.0058680973,0,0,0,0.022881912
ECK120016572 BAMDP2 FORWARD 2735961 SIGMA24 STRONG,0.2570125,0.72195685,0,1,1,0.72195685
ECK120009964 BAMEP FORWARD 2753486 SIGMA24 STRONG,0.010657875,0.09701731,0,0,0,0.09701731
ECK120016566 BEPAP1 FORWARD 2616068 SIGMA24 STRONG,0.42503163,0.55241627,0,1,1,0.55241627
ECK125135037 BHSAP FORWARD 1169033 SIGMA24 STRONG,0.96980315,0.7667512,1,1,1,0.96980315
ECK120033258 CLPXP FORWARD 457202 SIGMA24 STRONG,0.23580308,0.39078608,0,0,0,0.39078608
ECK120034942 CYARP FORWARD 2167114 SIGMA24 STRONG,0.99039626,0.9320162,1,1,1,0.99039626
ECK120010283 DEGPP FORWARD 180845 SIGMA24 STRONG,0.7311127,0.9765875,1,1,1,0.9765875
ECK120009990 DSBCP REVERSE 3038834 SIGMA24 STRONG,0.23267801,0.33942005,0,0,0,0.33942005
ECK120016573 DSBCP2 REVERSE 3039633 SIGMA24 STRONG,0.6975572,0.3686712,1,0,1,0.6975572
ECK125108721 EPTBP REVERSE 3710581 SIGMA24 STRONG,0.17031391,0.18459786,0,0,0,0.18459786
ECK120016711 ESSDP FORWARD 576873 SIGMA24 STRONG,0.45651135,0.81266624,0,1,1,0.81266624
ECK120010508 FKPAP1 REVERSE 3477525 SIGMA24 STRONG,0.27526242,0.6788521,0,1,1,0.6788521
ECK120016720 FTNBP FORWARD 1986775 SIGMA24 STRONG,0.53792495,0.9309097,1,1,1,0.9309097
ECK120010066 FUSAP REVERSE 3473685 SIGMA24 STRONG,0.2796632,0.053257514,0,0,0,0.2796632
ECK120016577 GREAP2 REVERSE 3328853 SIGMA24 STRONG,0.98103595,0.9829655,1,1,1,0.9829655
ECK120016717 GSPAP4 REVERSE 3455634 SIGMA24 STRONG,0.99743026,0.9778485,1,1,1,0.99743026
ECK120033255 HCPP2 REVERSE 914129 SIGMA24 STRONG,0.71124893,0.44459915,1,0,1,0.71124893
ECK120009992 HLPAP FORWARD 200455 SIGMA24 STRONG,0.01244728,0.05437188,0,0,0,0.05437188
ECK120010013 IMPP3 REVERSE 57336 SIGMA24 STRONG,0.032492116,0.0719436,0,0,0,0.0719436
ECK120016715 LHRP FORWARD 1728353 SIGMA24 STRONG,0.4527658,0.78519505,0,1,1,0.78519505
ECK120030206 LPTAP1 FORWARD 3343326 SIGMA24 STRONG,0.042585257,0.3150615,0,0,0,0.3150615
ECK120016578 LPTBP FORWARD 3343396 SIGMA24 STRONG,0.13229203,0.47542349,0,0,0,0.47542349
ECK120009997 LPXDP FORWARD 200960 SIGMA24 STRONG,0.12530372,0.8993941,0,1,1,0.8993941
ECK120009962 LPXPP FORWARD 2495578 SIGMA24 STRONG,0.13762394,0.18769543,0,0,0,0.18769543
ECK120016707 MALQP REVERSE 3550399 SIGMA24 STRONG,0.017756814,0.02539117,0,0,0,0.02539117
ECK120030785 MICAP FORWARD 2814802 SIGMA24 STRONG,0.1838639,0.17338862,0,0,0,0.1838639
ECK125165944 MICLP REVERSE 1958747 SIGMA24 STRONG,0.28770068,0.731338,0,1,1,0.731338
ECK120016713 NARWP REVERSE 1538687 SIGMA24 STRONG,0.6966808,0.96585244,1,1,1,0.96585244
ECK120016710 PLSBP REVERSE 4256598 SIGMA24 STRONG,0.78545976,0.8247286,1,1,1,0.8247286
ECK120009965 PSDP REVERSE 4390638 SIGMA24 STRONG,0.4284336,0.24684271,0,0,0,0.4284336
ECK120009996 RFADP4 FORWARD 3793970 SIGMA24 STRONG,0.18747857,0.027760385,0,0,0,0.18747857
ECK120016716 RNLBP FORWARD 2766707 SIGMA24 STRONG,0.97759354,0.8047134,1,1,1,0.97759354
ECK120033261 RPODP4 FORWARD 3212693 SIGMA24 STRONG,0.6822301,0.9777641,1,1,1,0.9777641
ECK120010515 RPOHP3 REVERSE 3600870 SIGMA24 STRONG,0.91355926,0.96812826,1,1,1,0.96812826
ECK120010580 RSEAP3 REVERSE 2709632 SIGMA24 STRONG,0.6182912,0.36660635,1,0,1,0.6182912
ECK120010009 RSEPP FORWARD 196470 SIGMA24 STRONG,0.9751394,0.7228283,1,1,1,0.9751394
ECK120016712 RUTRP FORWARD 1074134 SIGMA24 STRONG,0.50271446,0.3383824,1,0,1,0.50271446
ECK120030786 RYBBP REVERSE 888057 SIGMA24 STRONG,0.7549767,0.5643663,1,1,1,0.7549767
ECK120009967 SBMAP FORWARD 396553 SIGMA24 STRONG,0.034782954,0.70215535,0,1,1,0.70215535
ECK120033256 WZAP2 REVERSE 2137193 SIGMA24 STRONG,0.624198,0.8839969,1,1,1,0.8839969
ECK120009963 YBABP FORWARD 493709 SIGMA24 STRONG,0.6475716,0.95606565,1,1,1,0.95606565
ECK120016584 YBFHP REVERSE 716641 SIGMA24 STRONG,0.61995715,0.7630182,1,1,1,0.7630182
ECK120016714 YDHIP FORWARD 1720998 SIGMA24 STRONG,0.99487644,0.96829784,1,1,1,0.99487644
ECK120009969 YEAYP REVERSE 1890561 SIGMA24 STRONG,0.41038963,0.26136553,0,0,0,0.41038963
ECK120016565 YFEKP FORWARD 2537315 SIGMA24 STRONG,0.5273067,0.62500536,1,1,1,0.62500536
ECK120009972 YFEYP REVERSE 2551243 SIGMA24 STRONG,0.026512211,0.048845194,0,0,0,0.048845194
ECK120010000 YGGNP1 REVERSE 3101798 SIGMA24 STRONG,0.7557314,0.14853767,1,0,1,0.7557314
ECK120010001 YGGNP2 REVERSE 3101744 SIGMA24 STRONG,0.14191909,0.30201486,0,0,0,0.30201486
ECK120010010 YGHFP REVERSE 3112899 SIGMA24 STRONG,0.09926054,0.17379296,0,0,0,0.17379296
ECK120010002 YGIMP FORWARD 3201104 SIGMA24 STRONG,0.15277614,0.62958163,0,1,1,0.62958163
ECK120016574 YGIMP2 FORWARD 3201042 SIGMA24 STRONG,0.06380145,0.20325968,0,0,0,0.20325968
ECK120016708 YHJJP REVERSE 3682016 SIGMA24 STRONG,0.27576405,0.40868226,0,0,0,0.40868226
ECK120033257 YIAKP2 FORWARD 3742720 SIGMA24 STRONG,0.8372894,0.84837824,1,1,1,0.84837824
ECK120016718 YICJP REVERSE 3836664 SIGMA24 STRONG,0.46373674,0.5441839,0,1,1,0.5441839
ECK120010004 YIDQP FORWARD 3867544 SIGMA24 STRONG,0.43039846,0.16000167,0,0,0,0.43039846
ECK120016709 YIEEP FORWARD 3893829 SIGMA24 STRONG,0.7260814,0.6804524,1,1,1,0.7260814
ECK120009970 YIISP FORWARD 4112869 SIGMA24 STRONG,0.6044353,0.7862762,1,1,1,0.7862762
ECK120010007 YQJAP2 FORWARD 3247643 SIGMA24 STRONG,0.5949028,0.5644616,1,1,1,0.5949028
ECK120010003 YRAPP FORWARD 3296349 SIGMA24 STRONG,0.044601537,0.075016335,0,0,0,0.075016335
ECK120016576 YRAPP2 FORWARD 3296072 SIGMA24 STRONG,0.7956553,0.6497623,1,1,1,0.7956553
ECK120010005 YTFJP REVERSE 4439286 SIGMA24 STRONG,0.005865341,0.018567316,0,0,0,0.018567316
ECK120009893 AERP REVERSE 3219120 SIGMA28 STRONG,0.037080936,0.1443035,0,0,0,0.1443035
ECK120010568 FLIAP2 REVERSE 2001808 SIGMA28 STRONG,0.5885823,0.95692515,1,1,1,0.95692515
ECK120009887 FLICP REVERSE 2003676 SIGMA28 STRONG,0.33278,0.24791259,0,0,0,0.33278
ECK120010634 FLILP2 FORWARD 2019595 SIGMA28 STRONG,0.7058673,0.9879298,1,1,1,0.9879298
ECK120015403 HEMLP REVERSE 174921 SIGMA28 STRONG,0.9397618,0.86946017,1,1,1,0.9397618
ECK120009894 TARP REVERSE 1972716 SIGMA28 STRONG,0.1405608,0.2185647,0,0,0,0.2185647
ECK120034223 TRGP1 FORWARD 1492439 SIGMA28 STRONG,0.10417756,0.40619904,0,0,0,0.40619904
ECK120009889 TSRP FORWARD 4591633 SIGMA28 STRONG,0.32231796,0.66243386,0,1,1,0.66243386
ECK120015380 VESP REVERSE 1824984 SIGMA28 STRONG,0.15289967,0.12774058,0,0,0,0.15289967
ECK125136603 YBFAP8 FORWARD 729082 SIGMA28 STRONG,0.70716965,0.97156966,1,1,1,0.97156966
ECK120016342 BSSSP1 REVERSE 1121058 SIGMA32 STRONG,0.08543574,0.02706258,0,0,0,0.08543574
ECK120016343 BSSSP2 REVERSE 1121032 SIGMA32 STRONG,0.6926295,0.51712835,1,1,1,0.6926295
ECK120033609 CANP REVERSE 142703 SIGMA32 STRONG,0.9834869,0.9303999,1,1,1,0.9834869
ECK120010365 CLPBP REVERSE 2734205 SIGMA32 STRONG,0.8951516,0.6582006,1,1,1,0.8951516
ECK120033634 CLPPP3 FORWARD 456605 SIGMA32 STRONG,0.4336958,0.25385568,0,0,0,0.4336958
ECK120033625 CREAP2 FORWARD 4635243 SIGMA32 STRONG,0.9979723,0.9955699,1,1,1,0.9979723
ECK120010272 DNAKP1 FORWARD 12048 SIGMA32 STRONG,0.9792462,0.60824305,1,1,1,0.9792462
ECK120010273 DNAKP2 FORWARD 12123 SIGMA32 STRONG,0.96716577,0.15810111,1,0,1,0.96716577
ECK120010510 DNAKP3 FORWARD 12144 SIGMA32 STRONG,0.20883775,0.22035453,0,0,0,0.22035453
ECK120009900 FXSAP FORWARD 4368603 SIGMA32 STRONG,0.88426304,0.84409744,1,1,1,0.88426304
ECK120010335 GAPAP2 FORWARD 1862618 SIGMA32 STRONG,0.31159374,0.039301064,0,0,0,0.31159374
ECK120033614 GLNSP2 FORWARD 705999 SIGMA32 STRONG,0.9932715,0.9679167,1,1,1,0.9932715
ECK120010058 GROSP FORWARD 4370616 SIGMA32 STRONG,0.90791315,0.68511766,1,1,1,0.90791315
ECK120010367 GRPEP REVERSE 2750747 SIGMA32 STRONG,0.56724244,0.28721744,1,0,1,0.56724244
ECK120033631 HEPAP2 REVERSE 63588 SIGMA32 STRONG,0.84266084,0.93334854,1,1,1,0.93334854
ECK120033624 HOLCP REVERSE 4484273 SIGMA32 STRONG,0.7547493,0.52684563,1,1,1,0.7547493
ECK120033627 HSLRP FORWARD 3529110 SIGMA32 STRONG,0.053803105,0.26766762,0,0,0,0.26766762
ECK120010429 HSLVP REVERSE 4122354 SIGMA32 STRONG,0.022712788,0.11395307,0,0,0,0.11395307
ECK120010500 HTGAP1 FORWARD 10644 SIGMA32 STRONG,0.31906226,0.42654327,0,0,0,0.42654327
ECK120010296 HTPGP1 FORWARD 495075 SIGMA32 STRONG,0.40677312,0.11542501,0,0,0,0.40677312
ECK120010336 HTPXP REVERSE 1912618 SIGMA32 STRONG,0.99788517,0.94772696,1,1,1,0.99788517
ECK120010456 IBPAP REVERSE 3867518 SIGMA32 STRONG,0.56906337,0.81101555,1,1,1,0.81101555
ECK120033608 ILESP3 FORWARD 22229 SIGMA32 STRONG,0.46552113,0.7710222,0,1,1,0.7710222
ECK120033622 LAPAP1 FORWARD 1340135 SIGMA32 STRONG,0.409221,0.9260605,0,1,1,0.9260605
ECK120016344 LDHAP REVERSE 1442915 SIGMA32 STRONG,0.009408473,0.027123462,0,0,0,0.027123462
ECK120010455 LONP FORWARD 458815 SIGMA32 STRONG,0.99779236,0.9927361,1,1,1,0.99779236
ECK120010136 METAP1 FORWARD 4214233 SIGMA32 STRONG,0.8895809,0.4094149,1,0,1,0.8895809
ECK120033729 MIAAP2 FORWARD 4398982 SIGMA32 STRONG,0.0095038125,0.54528916,0,1,1,0.54528916
ECK120033727 MUTLP2 FORWARD 4397046 SIGMA32 STRONG,0.8821441,0.9752966,1,1,1,0.9752966
ECK120010082 MUTMP REVERSE 3811175 SIGMA32 STRONG,0.952518,0.88348854,1,1,1,0.952518
ECK120033612 NARPP FORWARD 2290422 SIGMA32 STRONG,0.99594986,0.99252135,1,1,1,0.99594986
ECK120033626 NFUAP2 FORWARD 3545458 SIGMA32 STRONG,0.8767871,0.80292696,1,1,1,0.8767871
ECK120033615 PHOPP3 REVERSE 1190491 SIGMA32 STRONG,0.3970468,0.27748773,0,0,0,0.3970468
ECK120033613 PNCCP REVERSE 2824394 SIGMA32 STRONG,0.69757783,0.56336606,1,1,1,0.69757783
ECK120009968 PPHAP REVERSE 1923385 SIGMA32 STRONG,0.11459072,0.13834575,0,0,0,0.13834575
ECK120010557 PPIDP1 FORWARD 461838 SIGMA32 STRONG,0.021771146,0.0022748196,0,0,0,0.021771146
ECK120033618 PRLCP REVERSE 3645238 SIGMA32 STRONG,0.9679844,0.6454914,1,1,1,0.9679844
ECK120033709 RAIAP FORWARD 2737104 SIGMA32 STRONG,0.5178201,0.81317526,1,1,1,0.81317526
ECK120033635 RDGBP FORWARD 3096620 SIGMA32 STRONG,0.44265902,0.6561196,0,1,1,0.6561196
ECK120010457 RFADP3 FORWARD 3793865 SIGMA32 STRONG,0.08386296,0.4391672,0,0,0,0.4391672
ECK120033610 RIBEP FORWARD 434504 SIGMA32 STRONG,0.109573,0.26309577,0,0,0,0.26309577
ECK120010388 RLMEP2 REVERSE 3327731 SIGMA32 STRONG,0.92534924,0.9243406,1,1,1,0.92534924
ECK120033628 RNLAP FORWARD 2765906 SIGMA32 STRONG,0.6692911,0.94267726,1,1,1,0.94267726
ECK120033713 RPMEP FORWARD 4126908 SIGMA32 STRONG,0.23268157,0.31254438,0,0,0,0.31254438
ECK120010458 RRSBP1 FORWARD 4166367 SIGMA32 STRONG,0.8942034,0.3740131,1,0,1,0.8942034
ECK120009872 RRSDP1 REVERSE 3429047 SIGMA32 STRONG,0.91199297,0.95554227,1,1,1,0.95554227
ECK120009870 RRSHP1 FORWARD 223485 SIGMA32 STRONG,0.98940176,0.9208452,1,1,1,0.98940176
ECK120011047 SDAAP FORWARD 1896809 SIGMA32 STRONG,0.8025036,0.20165779,1,0,1,0.8025036
ECK120010491 TOPAP1 FORWARD 1330980 SIGMA32 STRONG,0.35834932,0.58848166,0,1,1,0.58848166
ECK120010437 TRMAP REVERSE 4163295 SIGMA32 STRONG,0.99080724,0.99611855,1,1,1,0.99611855
ECK120033633 XERDP REVERSE 3039851 SIGMA32 STRONG,0.9772396,0.9340936,1,1,1,0.9772396
ECK120033632 YAFDP FORWARD 231064 SIGMA32 STRONG,0.69463694,0.9471426,1,1,1,0.9471426
ECK120016346 YBBNP1 REVERSE 518490 SIGMA32 STRONG,0.15634993,0.25448444,0,0,0,0.25448444
ECK120033619 YBEDP REVERSE 662706 SIGMA32 STRONG,0.9585539,0.85374326,1,1,1,0.9585539
ECK120033620 YBEZP REVERSE 693469 SIGMA32 STRONG,0.69603103,0.8216551,1,1,1,0.8216551
ECK120033621 YCEJP REVERSE 1119071 SIGMA32 STRONG,0.117369175,0.10300901,0,0,0,0.117369175
ECK120033623 YCJXP FORWARD 1384069 SIGMA32 STRONG,0.04609109,0.41888207,0,0,0,0.41888207
ECK120033611 YDHQP REVERSE 1746202 SIGMA32 STRONG,0.42356235,0.10370007,0,0,0,0.42356235
ECK120033616 YGBFP REVERSE 2878915 SIGMA32 STRONG,0.079122156,0.19623186,0,0,0,0.19623186
ECK120033617 YHDNP REVERSE 3439546 SIGMA32 STRONG,0.595023,0.88580316,1,1,1,0.88580316
ECK120010496 YJAZP FORWARD 4189753 SIGMA32 STRONG,0.27020562,0.12683257,0,0,0,0.27020562
ECK120010669 ACNAP1 FORWARD 1335424 SIGMA38,0.05387588,0.058257706,0,0,0,0.058257706
ECK120011025 ADAP REVERSE 2310427 SIGMA38,0.2357107,0.057027522,0,0,0,0.2357107
ECK120010249 ADHEP1 REVERSE 1298413 SIGMA38,0.9986572,0.84158087,1,1,1,0.9986572
ECK120010740 ADHEP2 REVERSE 1298309 SIGMA38,0.9955479,0.986466,1,1,1,0.9955479
ECK120026309 ADRAP FORWARD 403687 SIGMA38,0.47814563,0.42395908,0,0,0,0.47814563
ECK120010200 ALDBP REVERSE 3756535 SIGMA38,0.984478,0.9555353,1,1,1,0.984478
ECK120015417 ANSPP1 REVERSE 1526011 SIGMA38,0.070548244,0.21358398,0,0,0,0.21358398
ECK125138137 APPYP2 FORWARD 583656 SIGMA38,0.9983015,0.98738873,1,1,1,0.9983015
ECK125138135 ARAFP2 REVERSE 1986148 SIGMA38,0.61324435,0.35207787,1,0,1,0.61324435
ECK120034543 ARTPP1 REVERSE 903815 SIGMA38,0.4419083,0.6194009,0,1,1,0.6194009
ECK120034544 ARTPP2 REVERSE 903836 SIGMA38,0.7946734,0.9903561,1,1,1,0.9903561
ECK120009899 ASRP FORWARD 1671327 SIGMA38,0.9796442,0.99319494,1,1,1,0.99319494
ECK120010717 BLCP REVERSE 4377745 SIGMA38,0.23063155,0.053514924,0,0,0,0.23063155
ECK120010732 CFAP1 FORWARD 1741201 SIGMA38,0.9987166,0.9708657,1,1,1,0.9987166
ECK120010733 CFAP2 FORWARD 1741379 SIGMA38,0.81041944,0.08155004,1,0,1,0.81041944
ECK120033636 CRLP1 FORWARD 257810 SIGMA38,0.941093,0.44289073,1,0,1,0.941093
ECK120010359 CRRPI FORWARD 2535610 SIGMA38,0.9988532,0.9954015,1,1,1,0.9988532
ECK120010480 CSGDP1 REVERSE 1103344 SIGMA38,0.9535101,0.6585472,1,1,1,0.9535101
ECK120009988 CSIDP FORWARD 2788927 SIGMA38,0.9943932,0.99647,1,1,1,0.99647
ECK120034290 CSRAP3 REVERSE 2819273 SIGMA38,0.99896634,0.88638693,1,1,1,0.99896634
ECK120034309 DKGAP FORWARD 3156571 SIGMA38,0.41990173,0.63649637,0,1,1,0.63649637
ECK120010409 DNANP1 REVERSE 3882733 SIGMA38,0.9430309,0.46621093,1,0,1,0.9430309
ECK120010408 DNANP2 REVERSE 3882590 SIGMA38,0.14850312,0.53128505,0,1,1,0.53128505
ECK120034936 ECNBP FORWARD 4376509 SIGMA38,0.85097986,0.7417681,1,1,1,0.85097986
ECK120015388 EVGAP1 FORWARD 2483641 SIGMA38,0.9988085,0.9979709,1,1,1,0.9988085
ECK120010152 FADLP FORWARD 2461205 SIGMA38,0.99238974,0.9790829,1,1,1,0.99238974
ECK120017001 FBABP REVERSE 2178667 SIGMA38,0.35210434,0.31908616,0,0,0,0.35210434
ECK120010260 FTSQP1 FORWARD 102867 SIGMA38,0.59498394,0.3047601,1,0,1,0.59498394
ECK120010550 FTSQP2 FORWARD 102742 SIGMA38,0.7915876,0.8959374,1,1,1,0.8959374
ECK120010172 FUMCP REVERSE 1686709 SIGMA38,0.008402467,0.074963994,0,0,0,0.074963994
ECK120010047 GABDP2 FORWARD 2790912 SIGMA38,0.3858459,0.31120756,0,0,0,0.3858459
ECK120010708 GADAP REVERSE 3667607 SIGMA38,0.54205215,0.6386726,1,1,1,0.6386726
ECK120010707 GADBP REVERSE 1572072 SIGMA38,0.3525698,0.95984316,0,1,1,0.95984316
ECK120010087 GADEP FORWARD 3658345 SIGMA38,0.864687,0.64363164,1,1,1,0.864687
ECK120010049 GADEP1 FORWARD 3658242 SIGMA38,0.9120491,0.99547344,1,1,1,0.99547344
ECK120009924 GADXP REVERSE 3665839 SIGMA38,0.9353229,0.8294635,1,1,1,0.9353229
ECK120010089 GADYP FORWARD 3664864 SIGMA38,0.99831855,0.9985965,1,1,1,0.9985965
ECK120010566 GLGCP3 REVERSE 3569571 SIGMA38,0.013512773,0.14544496,0,0,0,0.14544496
ECK120010511 GLGSP1 REVERSE 3192012 SIGMA38,0.19413266,0.7400804,0,1,1,0.7400804
ECK120009989 GMRP REVERSE 1346843 SIGMA38,0.57748294,0.38307917,1,0,1,0.57748294
ECK125138138 GPMMP2 FORWARD 3785187 SIGMA38,0.955821,0.9378772,1,1,1,0.955821
ECK120030783 HCHAP2 FORWARD 2035630 SIGMA38,0.9664946,0.7506035,1,1,1,0.9664946
ECK120010767 HDEAP REVERSE 3656791 SIGMA38,0.7317156,0.18389387,1,0,1,0.7317156
ECK120010232 IHFAP4 REVERSE 1795721 SIGMA38,0.88754016,0.51238734,1,1,1,0.88754016
ECK120010233 IHFBP FORWARD 963749 SIGMA38,0.5752025,0.5939239,1,1,1,0.5939239
ECK125138133 INSC-5P FORWARD 3186040 SIGMA38,0.9364465,0.94737333,1,1,1,0.94737333
ECK125138134 INSN-1P FORWARD 270226 SIGMA38,0.5245305,0.62516457,1,1,1,0.62516457
ECK120022001 IRADP2 FORWARD 4556856 SIGMA38,0.8494633,0.5987991,1,1,1,0.8494633
ECK120010333 KATEP FORWARD 1813814 SIGMA38,0.9976464,0.9958931,1,1,1,0.9976464
ECK125134701 LUXSP1 REVERSE 2815065 SIGMA38,0.98693454,0.9916671,1,1,1,0.9916671
ECK125141559 MNMGP REVERSE 3925674 SIGMA38,0.030081062,0.10089978,0,0,0,0.10089978
ECK120015420 MSYBP REVERSE 1114213 SIGMA38,0.9911874,0.95795643,1,1,1,0.9911874
ECK120010761 MUTSP FORWARD 2857019 SIGMA38,0.08522255,0.320404,0,0,0,0.320404
ECK120009983 NHAAP2 FORWARD 17317 SIGMA38,0.49088386,0.9893092,0,1,1,0.9893092
ECK120011008 OMPFP REVERSE 987092 SIGMA38,0.84584683,0.7910671,1,1,1,0.84584683
ECK120010475 OSMBP1 REVERSE 1343476 SIGMA38,0.9919653,0.9722305,1,1,1,0.9919653
ECK120010489 OSMCP2 FORWARD 1556606 SIGMA38,0.79090554,0.6392871,1,1,1,0.79090554
ECK120010077 OSMFP REVERSE 2219523 SIGMA38,0.9381534,0.9896018,1,1,1,0.9896018
ECK120010478 OTSAP REVERSE 1981651 SIGMA38,0.0197781,0.27828616,0,0,0,0.27828616
ECK120010477 OTSBP REVERSE 1982465 SIGMA38,0.02838543,0.058624968,0,0,0,0.058624968
ECK120015396 OTSBP2 REVERSE 1982442 SIGMA38,0.66114765,0.33942467,1,0,1,0.66114765
ECK120011009 OXYRP FORWARD 4158457 SIGMA38,0.94541854,0.9983627,1,1,1,0.9983627
ECK125137791 PANZP7 FORWARD 3597958 SIGMA38,0.99215925,0.9952259,1,1,1,0.9952259
ECK120009956 PATAP FORWARD 3219458 SIGMA38,0.65612584,0.49534768,1,0,1,0.65612584
ECK125122034 PCNBP4 REVERSE 159391 SIGMA38,0.733422,0.47236684,1,0,1,0.733422
ECK120010332 PFKBP1 FORWARD 1806351 SIGMA38,0.21823113,0.13786308,0,0,0,0.21823113
ECK120015423 PFKBP2 FORWARD 1806323 SIGMA38,0.56610185,0.9865557,1,1,1,0.9865557
ECK120010737 POXBP REVERSE 911076 SIGMA38,0.9903937,0.9923862,1,1,1,0.9923862
ECK125138136 PPKP FORWARD 2622977 SIGMA38,0.8071899,0.55892134,1,1,1,0.8071899
ECK120010554 PROPP2 FORWARD 4330407 SIGMA38,0.9911409,0.99666315,1,1,1,0.99666315
ECK120049204 PUUAP REVERSE 1360968 SIGMA38,0.26261538,0.924744,0,1,1,0.924744
ECK125138129 PUUCP FORWARD 1362728 SIGMA38,0.5500141,0.25799665,1,0,1,0.5500141
ECK120034217 PUUDP FORWARD 1361052 SIGMA38,0.9989774,0.9694417,1,1,1,0.9989774
ECK120034239 PYKFP2 FORWARD 1755600 SIGMA38,0.99807477,0.9973024,1,1,1,0.99807477
ECK125241002 RPOEP4 REVERSE 2710230 SIGMA38,0.979397,0.98748636,1,1,1,0.98748636
ECK120029519 RRAAP REVERSE 4119358 SIGMA38,0.7884035,0.86498934,1,1,1,0.86498934
ECK120010768 RSDP1 REVERSE 4196954 SIGMA38,0.8183915,0.46092018,1,0,1,0.8183915
ECK120016351 RSSAP FORWARD 1289106 SIGMA38,0.99289554,0.939024,1,1,1,0.99289554
ECK120016350 RSSBP FORWARD 1290220 SIGMA38,0.481196,0.44036078,0,0,0,0.481196
ECK120030811 RYJAP REVERSE 4278066 SIGMA38,0.99985135,0.9997272,1,1,1,0.99985135
ECK125230253 SDSNP2 FORWARD 1996880 SIGMA38,0.9992663,0.481454,1,0,1,0.9992663
ECK120032979 SDSRP REVERSE 1923207 SIGMA38,0.2138816,0.5513184,0,1,1,0.5513184
ECK120034237 SODCP REVERSE 1724679 SIGMA38,0.9316032,0.9736974,1,1,1,0.9736974
ECK120010376 SPEBP REVERSE 3083946 SIGMA38,0.9950537,0.94439006,1,1,1,0.9950537
ECK120009984 SRAP REVERSE 1556046 SIGMA38,0.33148023,0.9831898,0,1,1,0.9831898
ECK120034945 SSRSP2 FORWARD 3055759 SIGMA38,0.94845885,0.9332982,1,1,1,0.94845885
ECK120010171 SUCAP FORWARD 758586 SIGMA38,0.57943666,0.33386526,1,0,1,0.57943666
ECK120010102 TALAP1 FORWARD 2578588 SIGMA38,0.11163519,0.13519341,0,0,0,0.13519341
ECK120015414 TALAP2 FORWARD 2578570 SIGMA38,0.067905344,0.21270558,0,0,0,0.21270558
ECK120033646 TAMP FORWARD 1607221 SIGMA38,0.8873188,0.8232749,1,1,1,0.8873188
ECK120034938 TOLCP4 FORWARD 3178074 SIGMA38,0.9803169,0.97295535,1,1,1,0.9803169
ECK120010320 TREAP REVERSE 1247425 SIGMA38,0.17843369,0.19890937,0,0,0,0.19890937
ECK125138130 TREFP FORWARD 3669551 SIGMA38,0.9706755,0.97652256,1,1,1,0.97652256
ECK120009874 USPBP REVERSE 3639848 SIGMA38,0.9337479,0.5951377,1,1,1,0.9337479
ECK120034197 WRBAP REVERSE 1067758 SIGMA38,0.95395976,0.9405419,1,1,1,0.95395976
ECK120010738 XTHAP FORWARD 1832399 SIGMA38,0.9992218,0.9947525,1,1,1,0.9992218
ECK120034391 YABIP FORWARD 71271 SIGMA38,0.87840706,0.39721736,1,0,1,0.87840706
ECK120010498 YADVP2 REVERSE 156224 SIGMA38,0.880891,0.855148,1,1,1,0.880891
ECK120010703 YBGAP1 FORWARD 738980 SIGMA38,0.9945808,0.9969112,1,1,1,0.9969112
ECK120034546 YBGAP2 FORWARD 738920 SIGMA38,0.24858522,0.1170901,0,0,0,0.24858522
ECK120015425 YBJPP REVERSE 904523 SIGMA38,0.8921312,0.6154929,1,1,1,0.8921312
ECK125109145 YCGZP FORWARD 1215752 SIGMA38,0.9991334,0.98909074,1,1,1,0.9991334
ECK125138131 YCITP REVERSE 1344510 SIGMA38,0.6965496,0.34031206,1,0,1,0.6965496
ECK120020515 YCIZP REVERSE 1344638 SIGMA38,0.3890956,0.29915804,0,0,0,0.3890956
ECK125095197 YDDGP REVERSE 1547205 SIGMA38,0.98626536,0.9866788,1,1,1,0.9866788
ECK120034542 YDHYP REVERSE 1754642 SIGMA38,0.849194,0.8812702,1,1,1,0.8812702
ECK120010621 YEILP FORWARD 2255290 SIGMA38,0.9954912,0.9868339,1,1,1,0.9954912
ECK125138132 YFFOP FORWARD 2562053 SIGMA38,0.45335886,0.817751,0,1,1,0.817751
ECK120015426 YGGEP1 REVERSE 3068126 SIGMA38,0.96041155,0.9089139,1,1,1,0.96041155
ECK120015427 YGGEP2 REVERSE 3068185 SIGMA38,0.11438774,0.3484059,0,0,0,0.3484059
ECK120033652 YHJGP REVERSE 3678412 SIGMA38,0.118129656,0.7806213,0,1,1,0.7806213
ECK120015415 YIAGP FORWARD 3719431 SIGMA38,0.9590021,0.9462852,1,1,1,0.9590021
ECK120009882 YIHGP REVERSE 4046652 SIGMA38,0.18374124,0.35571137,0,0,0,0.35571137
ECK125095219 YJCCP FORWARD 4275418 SIGMA38,0.13180277,0.4496998,0,0,0,0.4496998
ECK125145770 YJIYP REVERSE 4591367 SIGMA38,0.88779753,0.114296675,1,0,1,0.88779753
ECK120015416 YTFKP FORWARD 4439511 SIGMA38,0.9791414,0.9801994,1,1,1,0.9801994
ECK120011038 FDHFP REVERSE 4299407 SIGMA54 STRONG,0.9801261,0.99215734,1,1,1,0.99215734
ECK120032981 GLMYP1 REVERSE 2691340 SIGMA54 STRONG,0.9804465,0.57496107,1,1,1,0.9804465
ECK120010268 GLNAP2 REVERSE 4058107 SIGMA54 STRONG,0.035080492,0.67965853,0,1,1,0.67965853
ECK120010230 GLNHP2 REVERSE 848047 SIGMA54 STRONG,0.9505551,0.95713174,1,1,1,0.95713174
ECK120010211 HYCAP REVERSE 2850461 SIGMA54 STRONG,0.613672,0.761399,1,1,1,0.761399
ECK120010719 HYDNP REVERSE 2838132 SIGMA54 STRONG,0.70970523,0.12978503,1,0,1,0.70970523
ECK120010759 HYFAP FORWARD 2601171 SIGMA54 STRONG,0.8326729,0.20731814,1,0,1,0.8326729
ECK120010212 HYPAP FORWARD 2850627 SIGMA54 STRONG,0.5890014,0.778136,1,1,1,0.778136
ECK120010057 IBPBP REVERSE 3866981 SIGMA54 STRONG,0.013260404,0.0065119686,0,0,0,0.013260404
ECK120010741 NACP REVERSE 2061978 SIGMA54 STRONG,0.62810045,0.58417225,1,1,1,0.62810045
ECK120010021 NORVP FORWARD 2832439 SIGMA54 STRONG,0.47600102,0.30955955,0,0,0,0.47600102
ECK120009904 PSPAP FORWARD 1368038 SIGMA54 STRONG,0.93424296,0.80312103,1,1,1,0.93424296
ECK120010088 PSPGP FORWARD 4262816 SIGMA54 STRONG,0.10909456,0.41221595,0,0,0,0.41221595
ECK125199576 RELAP3 REVERSE 2913700 SIGMA54 STRONG,0.05786922,0.07231803,0,0,0,0.07231803
ECK125199577 RELAP4 REVERSE 2914318 SIGMA54 STRONG,0.23193678,0.4684409,0,0,0,0.4684409
ECK120010682 RTCBP REVERSE 3558107 SIGMA54 STRONG,0.5970928,0.375032,1,0,1,0.5970928
ECK125095450 XDHAP2 FORWARD 3000265 SIGMA54 STRONG,0.20801044,0.5255309,0,1,1,0.5255309
ECK120010467 ACCAP FORWARD 208411 SIGMA70 STRONG,0.5670318,0.87959546,1,1,1,0.87959546
ECK120010469 ACCBP FORWARD 3405140 SIGMA70 STRONG,0.81143576,0.53507745,1,1,1,0.81143576
ECK120010470 ACCDP REVERSE 2434015 SIGMA70 STRONG,0.9278185,0.58734345,1,1,1,0.9278185
ECK120010987 ACEBP FORWARD 4215402 SIGMA70 STRONG,0.9609297,0.8702943,1,1,1,0.9609297
ECK120010281 ACEEP FORWARD 122969 SIGMA70 STRONG,0.2939377,0.24367535,0,0,0,0.2939377
ECK120010670 ACNAP2 FORWARD 1335781 SIGMA70 STRONG,0.9891879,0.97153354,1,1,1,0.9891879
ECK120010671 ACNBP FORWARD 131519 SIGMA70 STRONG,0.9883145,0.95444167,1,1,1,0.9883145
ECK120010720 ACPPP FORWARD 1151575 SIGMA70 STRONG,0.80403537,0.07803446,1,0,1,0.80403537
ECK120010736 ACRAP REVERSE 485698 SIGMA70 STRONG,0.9965084,0.9779292,1,1,1,0.9965084
ECK125158030 ACRZP FORWARD 794751 SIGMA70 STRONG,0.9999778,0.9878655,1,1,1,0.9999778
ECK120009981 ACSP2 REVERSE 4287391 SIGMA70 STRONG,0.9852632,0.98007375,1,1,1,0.9852632
ECK125134720 ADEP FORWARD 3843910 SIGMA70 STRONG,0.92692834,0.9526499,1,1,1,0.9526499
ECK120010777 ADIAP REVERSE 4340556 SIGMA70STRONG,0.27214968,0.3862703,0,0,0,0.3862703
ECK120010095 AGARP REVERSE 3278703 SIGMA70,0.84352654,0.8562356,1,1,1,0.8562356
ECK120010096 AGASP FORWARD 3281889 SIGMA70 STRONG,0.8952678,0.7879379,1,1,1,0.8952678
ECK120010147 AHPCP FORWARD 638921 SIGMA70 STRONG,0.99921536,0.991582,1,1,1,0.99921536
ECK120051395 AHPCP2 FORWARD 638693 SIGMA70 STRONG,0.793267,0.8713487,1,1,1,0.8713487
ECK120010163 AIDBP FORWARD 4414247 SIGMA70 STRONG,0.566475,0.21607845,1,0,1,0.566475
ECK120010673 ALDAP FORWARD 1488190 SIGMA70 STRONG,0.60970294,0.8102538,1,1,1,0.8102538
ECK120010029 ALSRP1 REVERSE 4313132 SIGMA70 STRONG,0.689128,0.95481277,1,1,1,0.95481277
ECK120009942 AMIAP FORWARD 2552241 SIGMA70 STRONG,0.043826777,0.15397608,0,0,0,0.15397608
ECK120010445 AMPCP REVERSE 4379003 SIGMA70 STRONG,0.99069726,0.9612118,1,1,1,0.99069726
ECK120011026 ANSBP2 REVERSE 3100751 SIGMA70 STRONG,0.7491873,0.50900406,1,1,1,0.7491873
ECK120030797 APTP FORWARD 491310 SIGMA70 STRONG,0.7054007,0.88958746,1,1,1,0.88958746
ECK120010108 ARABP REVERSE 70075 SIGMA70 STRONG,0.70310515,0.2899413,1,0,1,0.70310515
ECK120010988 ARACP FORWARD 70241 SIGMA70 STRONG,0.008347864,0.0073093763,0,0,0,0.008347864
ECK120010148 ARAEP REVERSE 2982208 SIGMA70 STRONG,0.53716093,0.17179276,1,0,1,0.53716093
ECK120010166 ARAFP REVERSE 1986238 SIGMA70 STRONG,0.511645,0.89529616,1,1,1,0.89529616
ECK120010167 ARAJP REVERSE 412529 SIGMA70 STRONG,0.5469304,0.112467945,1,0,1,0.5469304
ECK120010655 ARCAP1 REVERSE 4640508 SIGMA70 STRONG,0.99889475,0.9875244,1,1,1,0.99889475
ECK120010658 ARCAP3 REVERSE 4640535 SIGMA70 STRONG,0.13408162,0.011394835,0,0,0,0.13408162
ECK120010659 ARCAP4 REVERSE 4640599 SIGMA70 STRONG,0.03061794,0.042327102,0,0,0,0.042327102
ECK120010698 ARCAP5 REVERSE 4640681 SIGMA70 STRONG,0.7665933,0.81332856,1,1,1,0.81332856
ECK120010661 ARCAP7 REVERSE 4640801 SIGMA70 STRONG,0.2802882,0.3466333,0,0,0,0.3466333
ECK125137740 ARFAP3 REVERSE 3438673 SIGMA70 STRONG,0.98359585,0.84610754,1,1,1,0.98359585
ECK120010989 ARGCP FORWARD 4154885 SIGMA70 STRONG,0.9316359,0.9856719,1,1,1,0.9856719
ECK120010177 ARGDP REVERSE 3490221 SIGMA70 STRONG,0.99266076,0.9973322,1,1,1,0.9973322
ECK120010109 ARGEP1 REVERSE 4154897 SIGMA70 STRONG,0.8651935,0.9254556,1,1,1,0.9254556
ECK120010991 ARGIP REVERSE 4478344 SIGMA70 STRONG,0.99914587,0.99460465,1,1,1,0.99914587
ECK120010110 ARGRP1 FORWARD 3384677 SIGMA70 STRONG,0.89125323,0.7664223,1,1,1,0.89125323
ECK125137153 ARGSP FORWARD 1960001 SIGMA70 STRONG,0.08714876,0.36323816,0,0,0,0.36323816
ECK120010992 AROFP REVERSE 2741201 SIGMA70 STRONG,0.9983057,0.9930949,1,1,1,0.9983057
ECK120010994 AROHP1 FORWARD 1788318 SIGMA70 STRONG,0.14087541,0.5541127,0,1,1,0.5541127
ECK120029297 AROHP2 FORWARD 1788384 SIGMA70 STRONG,0.99492943,0.96596164,1,1,1,0.99492943
ECK120010642 AROKP1 REVERSE 3519380 SIGMA70 STRONG,0.8798793,0.98699397,1,1,1,0.98699397
ECK120010643 AROKP2 REVERSE 3519167 SIGMA70 STRONG,0.9387283,0.8972927,1,1,1,0.9387283
ECK120010995 AROLP FORWARD 406280 SIGMA70 STRONG,0.99649733,0.9979614,1,1,1,0.9979614
ECK120010996 AROPP1 REVERSE 121671 SIGMA70 STRONG,0.3446732,0.8405197,0,1,1,0.8405197
ECK120010756 AROPP2 REVERSE 121650 SIGMA70 STRONG,0.09941099,0.1471795,0,0,0,0.1471795
ECK120010685 ARSRP FORWARD 3648512 SIGMA70 STRONG,0.040695682,0.16026805,0,0,0,0.16026805
ECK120015421 ARTPP REVERSE 903769 SIGMA70 STRONG,0.9290287,0.95294034,1,1,1,0.95294034
ECK120016938 ASCFP FORWARD 2839429 SIGMA70 STRONG,0.52261204,0.8291985,1,1,1,0.8291985
ECK120010178 ASNAP FORWARD 3927129 SIGMA70 STRONG,0.34606707,0.03207749,0,0,0,0.34606707
ECK120010179 ASNCP REVERSE 3927031 SIGMA70 STRONG,0.9955581,0.90810204,1,1,1,0.9955581
ECK120010218 ASPAP REVERSE 4368432 SIGMA70 STRONG,0.88345855,0.90294504,1,1,1,0.90294504
ECK120010417 ATPIP REVERSE 3922525 SIGMA70 STRONG,0.99104345,0.96218294,1,1,1,0.99104345
ECK125140837 AZORP REVERSE 1482904 SIGMA70 STRONG,0.97707045,0.9160273,1,1,1,0.97707045
ECK125095432 AZUCP REVERSE 1988001 SIGMA70 STRONG,0.9983315,0.87682533,1,1,1,0.9983315
ECK120010674 BCPPFORWARD 2600437 SIGMA70 STRONG,0.65893555,0.1271235,1,0,1,0.65893555
ECK125203424 BCSEP2 FORWARD 3696443 SIGMA70 STRONG,0.9962984,0.99127686,1,1,1,0.9962984
ECK120010181 BETIP REVERSE 329361 SIGMA70 STRONG,0.5793576,0.14450546,1,0,1,0.5793576
ECK120010182 BETTP FORWARD 329421 SIGMA70 STRONG,0.9977424,0.96105194,1,1,1,0.9977424
ECK125137742 BFRP3 REVERSE 3466749 SIGMA70 STRONG,0.44992498,0.5434249,0,1,1,0.5434249
ECK125136764 BHSAP9 FORWARD 1169019 SIGMA70 STRONG,0.9997451,0.9969332,1,1,1,0.9997451
ECK125158027 BLUFP REVERSE 1215506 SIGMA70 STRONG,0.009430814,0.22679985,0,0,0,0.22679985
ECK120034206 BLURP REVERSE 1214113 SIGMA70 STRONG,0.99331045,0.9938415,1,1,1,0.9938415
ECK120027939 BOLAP2 FORWARD 454349 SIGMA70 STRONG,0.6884748,0.34268287,1,0,1,0.6884748
ECK120010438 BTUBP FORWARD 4163399 SIGMA70 STRONG,0.99496824,0.9673265,1,1,1,0.99496824
ECK120010564 CADBP REVERSE 4360106 SIGMA70 STRONG,0.99648786,0.9895587,1,1,1,0.99648786
ECK120010183 CADCP REVERSE 4361963 SIGMA70 STRONG,0.98598284,0.9872574,1,1,1,0.9872574
ECK120010686 CAIFP FORWARD 34218 SIGMA70 STRONG,0.9995962,0.98268926,1,1,1,0.9995962
ECK120010472 CAITP REVERSE 42037 SIGMA70 STRONG,0.76711136,0.98092127,1,1,1,0.98092127
ECK120010176 CARAP1 FORWARD 29551 SIGMA70 STRONG,0.9584885,0.62531906,1,1,1,0.9584885
ECK120010111 CARAP2 FORWARD 29619 SIGMA70 STRONG,0.7133185,0.9440619,1,1,1,0.9440619
ECK125109146 CASP REVERSE 2884319 SIGMA70 STRONG,0.87649304,0.91486526,1,1,1,0.91486526
ECK120010675 CBLP REVERSE 2060941 SIGMA70 STRONG,0.22517079,0.33424047,0,0,0,0.33424047
ECK125160651 CBPAP4 REVERSE 1063919 SIGMA70 STRONG,0.12491999,0.37006918,0,0,0,0.37006918
ECK125160650 CBPAP6 REVERSE 1064037 SIGMA70 STRONG,0.9982084,0.98708344,1,1,1,0.9982084
ECK120010619 CDDPFORWARD 2231819 SIGMA70 STRONG,0.9476017,0.7201444,1,1,1,0.9476017
ECK125136393 CDSAP3 FORWARD 195555 SIGMA70 STRONG,0.28110984,0.53535026,0,1,1,0.53535026
ECK120009948 CHIAP REVERSE 3469896 SIGMA70 STRONG,0.9961825,0.8876873,1,1,1,0.9961825
ECK120032976 CHIXP FORWARD 507204 SIGMA70 STRONG,0.97982657,0.35439453,1,0,1,0.97982657
ECK120010113 CIRAP1 REVERSE 2246929 SIGMA70 STRONG,0.23183043,0.602585,0,1,1,0.602585
ECK120010112 CIRAP2 REVERSE 2246942 SIGMA70 STRONG,0.98739326,0.9826333,1,1,1,0.98739326
ECK120010537 CLPAP1 FORWARD 923080 SIGMA70 STRONG,0.70084476,0.3344174,1,0,1,0.70084476
ECK120010295 CLPPP1 FORWARD 456577 SIGMA70 STRONG,0.99989665,0.9967585,1,1,1,0.99989665
ECK120010702 CMKP FORWARD 961165 SIGMA70 STRONG,0.85431117,0.51242423,1,1,1,0.85431117
ECK120016352 COBUP1 REVERSE 2065874 SIGMA70 STRONG,0.12524265,0.3414517,0,0,0,0.3414517
ECK120016353 COBUP2 REVERSE 2065972 SIGMA70 STRONG,0.21649648,0.07953172,0,0,0,0.21649648
ECK120010248 CODBP FORWARD 354884 SIGMA70 STRONG,0.9921157,0.98474413,1,1,1,0.9921157
ECK120010641 COPAP REVERSE 511411 SIGMA70 STRONG,0.9796342,0.9948637,1,1,1,0.9948637
ECK120010185 CPDBP REVERSE 4436629 SIGMA70 STRONG,0.5166654,0.86583155,1,1,1,0.86583155
ECK120010879 CPXPP FORWARD 4105785 SIGMA70 STRONG,0.98778397,0.99790704,1,1,1,0.99790704
ECK120010184 CRPP1 FORWARD 3485953 SIGMA70 STRONG,0.9967115,0.5120074,1,1,1,0.9967115
ECK120010676 CSIEP FORWARD 2665401 SIGMA70 STRONG,0.54115087,0.42160147,1,0,1,0.54115087
ECK120010399 CSPAP1 FORWARD 3719889 SIGMA70 STRONG,0.9655484,0.8234862,1,1,1,0.9655484
ECK120010400 CSPAP2 FORWARD 3719940 SIGMA70 STRONG,0.41325325,0.5452668,0,1,1,0.5452668
ECK120010540 CSPDP REVERSE 922676 SIGMA70 STRONG,0.9982608,0.9936877,1,1,1,0.9982608
ECK120034385 CSPEP2 FORWARD 657250 SIGMA70 STRONG,0.92902243,0.7886383,1,1,1,0.92902243
ECK125138139 CSRAP1 REVERSE 2819373 SIGMA70 STRONG,0.968114,0.96199346,1,1,1,0.968114
ECK125138142 CSRAP5 REVERSE 2819189 SIGMA70 STRONG,0.95697016,0.92785436,1,1,1,0.95697016
ECK120010043 CSRBP REVERSE 2924524 SIGMA70 STRONG,0.8176954,0.93856406,1,1,1,0.93856406
ECK120010099 CSTAP2 FORWARD 629864 SIGMA70 STRONG,0.40485975,0.082021445,0,0,0,0.40485975
ECK120009908 CUSCP FORWARD 595573 SIGMA70 STRONG,0.15489316,0.9407646,0,1,1,0.9407646
ECK120009909 CUSRP REVERSE 595462 SIGMA70 STRONG,0.97692037,0.9961628,1,1,1,0.9961628
ECK120010701 CUTAP REVERSE 4365392 SIGMA70 STRONG,0.9240934,0.71333903,1,1,1,0.9240934
ECK120010571 CVPAP1 REVERSE 2430800 SIGMA70 STRONG,0.9995142,0.969978,1,1,1,0.9995142
ECK120010114 CYAAP FORWARD 3990999 SIGMA70 STRONG,0.9973671,0.9885794,1,1,1,0.9973671
ECK120030659 CYAAP2 FORWARD 3990774 SIGMA70 STRONG,0.998125,0.97475386,1,1,1,0.998125
ECK125137921 CYAYP5 REVERSE 3994083 SIGMA70 STRONG,0.999532,0.9863499,1,1,1,0.999532
ECK120010168 CYDAP1 FORWARD 771170 SIGMA70 STRONG,0.9921003,0.98939425,1,1,1,0.9921003
ECK120010700 CYDAP2 FORWARD 771284 SIGMA70 STRONG,0.8642072,0.88485307,1,1,1,0.88485307
ECK120009951 CYDAP3 FORWARD 771202 SIGMA70 STRONG,0.81370884,0.08638927,1,0,1,0.81370884
ECK120009953 CYDAP5 FORWARD 771368 SIGMA70 STRONG,0.9779725,0.85252064,1,1,1,0.9779725
ECK120010773 CYDDP REVERSE 931031 SIGMA70 STRONG,0.2096177,0.025899442,0,0,0,0.2096177
ECK120010204 CYNRP REVERSE 358709 SIGMA70 STRONG,0.4024388,0.8161048,0,1,1,0.8161048
ECK120010203 CYNTP FORWARD 358773 SIGMA70 STRONG,0.99562067,0.9825477,1,1,1,0.99562067
ECK120010169 CYOAP REVERSE 451653 SIGMA70 STRONG,0.99839896,0.9234318,1,1,1,0.99839896
ECK120010206 CYSDP REVERSE 2876368 SIGMA70 STRONG,0.6668393,0.6446981,1,1,1,0.6668393
ECK120010150 CYSJP REVERSE 2891964 SIGMA70 STRONG,0.310569,0.2634034,0,0,0,0.310569
ECK120010151 CYSKP1 FORWARD 2532377 SIGMA70 STRONG,0.9901957,0.9509715,1,1,1,0.9901957
ECK120010205 CYSPP REVERSE 2543557 SIGMA70 STRONG,0.6882445,0.8485499,1,1,1,0.8485499
ECK120010430 CYTRP REVERSE 4124509 SIGMA70 STRONG,0.32711828,0.93045825,0,1,1,0.93045825
ECK125136575 DACAP3 REVERSE 664001 SIGMA70 STRONG,0.73997027,0.050861493,1,0,1,0.73997027
ECK120010721 DADAP1 FORWARD 1237509 SIGMA70 STRONG,0.8562691,0.9595655,1,1,1,0.9595655
ECK120010484 DADAP2 FORWARD 1237525 SIGMA70 STRONG,0.9748513,0.994835,1,1,1,0.994835
ECK120010722 DADAP3 FORWARD 1237538 SIGMA70 STRONG,0.87919796,0.79455304,1,1,1,0.87919796
ECK120010644 DAMXP REVERSE 3517600 SIGMA70 STRONG,0.94342905,0.90738535,1,1,1,0.94342905
ECK120010645 DAMP1 REVERSE 3516252 SIGMA70 STRONG,0.8863502,0.9377682,1,1,1,0.9377682
ECK120010646 DAMP2 REVERSE 3515982 SIGMA70 STRONG,0.89900756,0.90208226,1,1,1,0.90208226
ECK120010360 DAPAP REVERSE 2599784 SIGMA70 STRONG,0.9988651,0.98627496,1,1,1,0.9988651
ECK120010274 DAPBP1 FORWARD 28343 SIGMA70 STRONG,0.9634211,0.9830503,1,1,1,0.9830503
ECK120030657 DAPBP2 FORWARD 28288 SIGMA70 STRONG,0.86306727,0.939839,1,1,1,0.939839
ECK120010284 DAPDP REVERSE 185977 SIGMA70 STRONG,0.8194708,0.6566898,1,1,1,0.8194708
ECK120030660 DAPEP FORWARD 2591560 SIGMA70 STRONG,0.62001234,0.42731705,1,0,1,0.62001234
ECK120009885 DCTAP REVERSE 3683498 SIGMA70 STRONG,0.97525656,0.9819566,1,1,1,0.9819566
ECK120010755 DCUAP REVERSE 4366843 SIGMA70 STRONG,0.10501476,0.18233682,0,0,0,0.18233682
ECK120010567 DCUBP REVERSE 4348764 SIGMA70 STRONG,0.7236212,0.731379,1,1,1,0.731379
ECK120033033 DCURP REVERSE 4350565 SIGMA70 STRONG,0.59007984,0.8658475,1,1,1,0.8658475
ECK120016339 DCUSP REVERSE 4351685 SIGMA70 STRONG,0.9371173,0.7437818,1,1,1,0.9371173
ECK120029527 DEFP FORWARD 3433650 SIGMA70 STRONG,0.9684909,0.6598474,1,1,1,0.9684909
ECK125165391 DEGQP FORWARD 3380698 SIGMA70 STRONG,0.99043113,0.9812981,1,1,1,0.99043113
ECK125165392 DEGSP FORWARD 3382173 SIGMA70 STRONG,0.99921954,0.982598,1,1,1,0.99921954
ECK120010451 DEOBP FORWARD 4619567 SIGMA70 STRONG,0.9983536,0.97341806,1,1,1,0.9983536
ECK120010115 DEOCP1 FORWARD 4616679 SIGMA70 STRONG,0.9999002,0.9900227,1,1,1,0.9999002
ECK120010116 DEOCP2 FORWARD 4617278 SIGMA70 STRONG,0.99896264,0.98804736,1,1,1,0.99896264
ECK120029865 DGCZP REVERSE 1623879 SIGMA70 STRONG,0.95934296,0.6838224,1,1,1,0.95934296
ECK125158031 DICCP REVERSE 1647876 SIGMA70 STRONG,0.93784636,0.7930527,1,1,1,0.93784636
ECK120035104 DINIP REVERSE 1121509 SIGMA70 STRONG,0.99927086,0.99161774,1,1,1,0.99927086
ECK120015518 DINQP REVERSE 3647982 SIGMA70 STRONG,0.99364626,0.9962244,1,1,1,0.9962244
ECK120034549 DKSAP2 REVERSE 160657 SIGMA70 STRONG,0.9163603,0.92082316,1,1,1,0.92082316
ECK125145775 DKSAP3 REVERSE 160751 SIGMA70 STRONG,0.99324036,0.9965618,1,1,1,0.9965618
ECK125137251 DLDP6 FORWARD 2222152 SIGMA70 STRONG,0.8635758,0.24173556,1,0,1,0.8635758
ECK120010117 DMSAP1 FORWARD 940823 SIGMA70 STRONG,0.9283763,0.9676109,1,1,1,0.9676109
ECK120010410 DNAAP2 REVERSE 3883882 SIGMA70 STRONG,0.23490006,0.054339647,0,0,0,0.23490006
ECK120010407 DNANP3 REVERSE 3882562 SIGMA70 STRONG,0.13100724,0.09830844,0,0,0,0.13100724
ECK120010406 DNANP4 REVERSE 3882348 SIGMA70 STRONG,0.20108438,0.9462346,0,1,1,0.9462346
ECK120010490 DPPAP REVERSE 3707870 SIGMA70 STRONG,0.44403064,0.58115876,0,1,1,0.58115876
ECK120010234 DPSP REVERSE 848950 SIGMA70 STRONG,0.99325585,0.99503976,1,1,1,0.99503976
ECK120009857 DSBAP FORWARD 4043377 SIGMA70 STRONG,0.21178757,0.7407306,0,1,1,0.7407306
ECK120010208 DSDAP FORWARD 2479121 SIGMA70 STRONG,0.86145186,0.8073753,1,1,1,0.86145186
ECK120010460 DSDXP FORWARD 2477821 SIGMA70 STRONG,0.32210895,0.31553203,0,0,0,0.32210895
ECK125108717 DSRAP REVERSE 2025313 SIGMA70 STRONG,0.5020529,0.81429136,1,1,1,0.81429136
ECK120010269 EDDP1 REVERSE 1934713 SIGMA70 STRONG,0.10729305,0.29000852,0,0,0,0.29000852
ECK120029863 EFEU_1P FORWARD 1081307 SIGMA70 STRONG,0.92864436,0.17958257,1,0,1,0.92864436
ECK125109856 ENOP4 REVERSE 2907968 SIGMA70 STRONG,0.052733537,0.29058257,0,0,0,0.29058257
ECK125109857 ENOP7 REVERSE 2908152 SIGMA70 STRONG,0.13416004,0.34196743,0,0,0,0.34196743
ECK120010224 ENTCP FORWARD 624831 SIGMA70 STRONG,0.9731108,0.9866377,1,1,1,0.9866377
ECK120009985 ENTSP1 FORWARD 622258 SIGMA70 STRONG,0.99670744,0.99009436,1,1,1,0.99670744
ECK120010534 EPDP REVERSE 3073823 SIGMA70 STRONG,0.9945142,0.9954703,1,1,1,0.9954703
ECK125145769 ESREP FORWARD 4019978 SIGMA70 STRONG,0.03314019,0.7884702,0,1,1,0.7884702
ECK125230249 EXURP2 FORWARD 3246618 SIGMA70 STRONG,0.4709493,0.5250355,0,1,1,0.5250355
ECK120010355 FABBP REVERSE 2441641 SIGMA70 STRONG,0.9934963,0.98760134,1,1,1,0.9934963
ECK120011027 FADBP REVERSE 4031013 SIGMA70 STRONG,0.7785954,0.60606486,1,1,1,0.7785954
ECK120009999 FADDP REVERSE 1889807 SIGMA70 STRONG,0.9922627,0.9954537,1,1,1,0.9954537
ECK120049205 FADRP FORWARD 1234905 SIGMA70 STRONG,0.9995666,0.99033993,1,1,1,0.9995666
ECK125137965 FDHEP1 REVERSE 4081361 SIGMA70 STRONG,0.99716586,0.97563475,1,1,1,0.99716586
ECK120010215 FDNGP FORWARD 1547372 SIGMA70 STRONG,0.59361553,0.89679396,1,1,1,0.89679396
ECK125162182 FEABP1 FORWARD 1447492 SIGMA70 STRONG,0.9974688,0.9857276,1,1,1,0.9974688
ECK125162183 FEABP2 FORWARD 1447370 SIGMA70 STRONG,0.6990226,0.8024819,1,1,1,0.8024819
ECK125162179 FEARP1 REVERSE 1447349 SIGMA70 STRONG,0.998522,0.97904,1,1,1,0.998522
ECK125162180 FEARP2 REVERSE 1447309 SIGMA70 STRONG,0.46477446,0.16951983,0,0,0,0.46477446
ECK125162181 FEARP3 REVERSE 1447394 SIGMA70 STRONG,0.22432825,0.3386604,0,0,0,0.3386604
ECK120010221 FEPAP REVERSE 612667 SIGMA70 STRONG,0.99807775,0.9818897,1,1,1,0.99807775
ECK120010222 FEPBP REVERSE 624727 SIGMA70 STRONG,0.8838627,0.6239141,1,1,1,0.8838627
ECK120010223 FEPDP1 REVERSE 622234 SIGMA70 STRONG,0.99944764,0.9915018,1,1,1,0.99944764
ECK120009987 FEPDP2 REVERSE 622192 SIGMA70 STRONG,0.9606065,0.98711526,1,1,1,0.98711526
ECK120010299 FESP FORWARD 612687 SIGMA70 STRONG,0.9783053,0.8757279,1,1,1,0.9783053
ECK120015395 FHUFP REVERSE 4605694 SIGMA70 STRONG,0.34543598,0.6466105,0,1,1,0.6466105
ECK125137973 FIEFP4 FORWARD 4106449 SIGMA70 STRONG,0.98947024,0.98475456,1,1,1,0.98947024
ECK120010667 FIMAP FORWARD 4542694 SIGMA70 STRONG,0.27454486,0.53253716,0,1,1,0.53253716
ECK120010503 FIMBP1 FORWARD 4540809 SIGMA70 STRONG,0.09285732,0.9927106,0,1,1,0.9927106
ECK120010668 FIMEP FORWARD 4541871 SIGMA70 STRONG,0.44885057,0.93836504,0,1,1,0.93836504
ECK120010687 FIXAP FORWARD 42325 SIGMA70 STRONG,0.83856136,0.79102397,1,1,1,0.83856136
ECK120009954 FLDBP FORWARD 3039822 SIGMA70 STRONG,0.2486364,0.120777585,0,0,0,0.2486364
ECK120010198 FLHDP REVERSE 1978395 SIGMA70 STRONG,0.98529446,0.9580599,1,1,1,0.98529446
ECK120009941 FLUP FORWARD 2071317 SIGMA70 STRONG,0.97913694,0.980734,1,1,1,0.980734
ECK125108718 FNRSP FORWARD 1409129 SIGMA70 STRONG,0.7368191,0.5287103,1,1,1,0.7368191
ECK120010119 FNRP REVERSE 1399552 SIGMA70 STRONG,0.9996917,0.9936639,1,1,1,0.9996917
ECK120010308 FOCAP1 REVERSE 954493 SIGMA70 STRONG,0.9261652,0.9484145,1,1,1,0.9484145
ECK120010309 FOCAP3 REVERSE 954814 SIGMA70 STRONG,0.99628806,0.9881671,1,1,1,0.99628806
ECK120010276 FOLAP FORWARD 49799 SIGMA70 STRONG,0.9909366,0.98856574,1,1,1,0.9909366
ECK120033722 FRCP REVERSE 2493439 SIGMA70 STRONG,0.97013634,0.8837671,1,1,1,0.97013634
ECK120010120 FRDAP REVERSE 4382412 SIGMA70 STRONG,0.6018169,0.8262536,1,1,1,0.8262536
ECK125160646 FRRP FORWARD 192814 SIGMA70 STRONG,0.99631965,0.9986889,1,1,1,0.9986889
ECK120034548 FRSAP FORWARD 256502 SIGMA70 STRONG,0.99869615,0.96361715,1,1,1,0.99869615
ECK125095453 FTNAP FORWARD 1988682 SIGMA70 STRONG,0.99670863,0.9827223,1,1,1,0.99670863
ECK120029866 FTNBP2 FORWARD 1986799 SIGMA70 STRONG,0.6321078,0.38948646,1,0,1,0.6321078
ECK120009884 FTSAP1 FORWARD 103561 SIGMA70 STRONG,0.2721911,0.20976861,0,0,0,0.2721911
ECK125137688 FTSHP4 REVERSE 3326978 SIGMA70 STRONG,0.9849488,0.8748922,1,1,1,0.9849488
ECK120033247 FTSKP1 FORWARD 933138 SIGMA70 STRONG,0.08647383,0.6037635,0,1,1,0.6037635
ECK120033248 FTSKP2 FORWARD 932929 SIGMA70 STRONG,0.97765267,0.76896966,1,1,1,0.97765267
ECK120011033 FUMAP REVERSE 1688440 SIGMA70 STRONG,0.4530508,0.2085021,0,0,0,0.4530508
ECK120010186 FURPA REVERSE 710716 SIGMA70 STRONG,0.9991059,0.8897663,1,1,1,0.9991059
ECK120009914 GABDP1 FORWARD 2791172 SIGMA70 STRONG,0.9201459,0.9847408,1,1,1,0.9847408
ECK120049202 GADEP3 FORWARD 3657800 SIGMA70 STRONG,0.95865786,0.959202,1,1,1,0.959202
ECK125095186 GADEP4 FORWARD 3658062 SIGMA70 STRONG,0.22055037,0.8279683,0,1,1,0.8279683
ECK120015157 GALPP FORWARD 3088255 SIGMA70 STRONG,0.951165,0.7790909,1,1,1,0.951165
ECK120009842 GALRP FORWARD 2976569 SIGMA70 STRONG,0.4880178,0.6426843,0,1,1,0.6426843
ECK120010121 GALSP REVERSE 2241710 SIGMA70 STRONG,0.20710823,0.23168224,0,0,0,0.23168224
ECK120010521 GAPAP1 FORWARD 1862735 SIGMA70 STRONG,0.9975158,0.9939505,1,1,1,0.9975158
ECK120010522 GAPAP3 FORWARD 1862597 SIGMA70 STRONG,0.9963008,0.9611142,1,1,1,0.9963008
ECK120010523 GAPAP4 FORWARD 1862526 SIGMA70 STRONG,0.9805469,0.9542827,1,1,1,0.9805469
ECK120010227 GATYP REVERSE 2177234 SIGMA70 STRONG,0.90351695,0.6953385,1,1,1,0.90351695
ECK120009918 GCDP1 REVERSE 141263 SIGMA70 STRONG,0.9834818,0.6962115,1,1,1,0.9834818
ECK120010229 GCVAP REVERSE 2942639 SIGMA70 STRONG,0.99573,0.5692257,1,1,1,0.99573
ECK120010091 GCVBP FORWARD 2942696 SIGMA70 STRONG,0.9777679,0.9607509,1,1,1,0.9777679
ECK120010677 GCVRP FORWARD 2599879 SIGMA70 STRONG,0.3688073,0.49994224,0,0,0,0.49994224
ECK125165390 GCVRP2 FORWARD 2599806 SIGMA70 STRONG,0.16011883,0.11421995,0,0,0,0.16011883
ECK120010228 GCVTP REVERSE 3050772 SIGMA70 STRONG,0.72333235,0.3220745,1,0,1,0.72333235
ECK120010334 GDHAP1 FORWARD 1842308 SIGMA70 STRONG,0.5748769,0.5429569,1,1,1,0.5748769
ECK125203423 GFCAP REVERSE 1050702 SIGMA70 STRONG,0.9884505,0.96950364,1,1,1,0.9884505
ECK120010636 GLCCP FORWARD 3128206 SIGMA70 STRONG,0.88043135,0.94308233,1,1,1,0.94308233
ECK120010635 GLCDP REVERSE 3128076 SIGMA70 STRONG,0.8474137,0.7383241,1,1,1,0.8474137
ECK125134704 GLGAP REVERSE 3568392 SIGMA70 STRONG,0.99097204,0.9964432,1,1,1,0.9964432
ECK125134703 GLGBP REVERSE 3573657 SIGMA70 STRONG,0.95257866,0.8749179,1,1,1,0.95257866
ECK120010187 GLGCP1 REVERSE 3569389 SIGMA70 STRONG,0.34340253,0.8790325,0,1,1,0.8790325
ECK120015382 GLKP REVERSE 2509461 SIGMA70 STRONG,0.9843114,0.9443386,1,1,1,0.9843114
ECK120034272 GLKP1 REVERSE 2509447 SIGMA70 STRONG,0.7127732,0.5576708,1,1,1,0.7127732
ECK120010584 GLMUP1 REVERSE 3915223 SIGMA70 STRONG,0.22080302,0.23331559,0,0,0,0.23331559
ECK120010585 GLMUP2 REVERSE 3915326 SIGMA70 STRONG,0.19812903,0.111962445,0,0,0,0.19812903
ECK120030810 GLMZP FORWARD 3986432 SIGMA70 STRONG,0.9978157,0.92259073,1,1,1,0.9978157
ECK120010124 GLNAP1 REVERSE 4058222 SIGMA70 STRONG,0.15462178,0.23397818,0,0,0,0.23397818
ECK120010569 GLNBP1 REVERSE 2687441 SIGMA70 STRONG,0.98452085,0.9894357,1,1,1,0.9894357
ECK120010159 GLNBP2 REVERSE 2687503 SIGMA70 STRONG,0.91773087,0.85547954,1,1,1,0.91773087
ECK120010126 GLPDP FORWARD 3561971 SIGMA70 STRONG,0.9987658,0.68219316,1,1,1,0.9987658
ECK120010231 GLPFP REVERSE 4118161 SIGMA70 STRONG,0.9869402,0.9950336,1,1,1,0.9950336
ECK120010020 GLRKP REVERSE 2691123 SIGMA70 STRONG,0.98787814,0.97059333,1,1,1,0.98787814
ECK120010173 GLTAP1 REVERSE 754767 SIGMA70 STRONG,0.036451094,0.13246119,0,0,0,0.13246119
ECK120010240 GLTBP FORWARD 3354509 SIGMA70 STRONG,0.2592406,0.71285415,0,1,1,0.71285415
ECK120010678 GLTXP1 REVERSE 2520784 SIGMA70 STRONG,0.4597943,0.47579077,0,0,0,0.47579077
ECK120010680 GLTXP3 REVERSE 2520730 SIGMA70 STRONG,0.98720306,0.7628515,1,1,1,0.98720306
ECK120016952 GLYQP REVERSE 3725354 SIGMA70 STRONG,0.99848783,0.99386734,1,1,1,0.99848783
ECK120048894 GMKP FORWARD 3821388 SIGMA70 STRONG,0.999186,0.9223357,1,1,1,0.999186
ECK120010350 GNDP REVERSE 2101324 SIGMA70 STRONG,0.9995881,0.9869431,1,1,1,0.9995881
ECK120010270 GNTKP REVERSE 3577645 SIGMA70 STRONG,0.08959497,0.5026277,0,1,1,0.5026277
ECK120010055 GNTPP REVERSE 4551334 SIGMA70 STRONG,0.9990301,0.9688844,1,1,1,0.9990301
ECK120010030 GNTRP2 REVERSE 3578818 SIGMA70 STRONG,0.990524,0.9670287,1,1,1,0.990524
ECK120010271 GNTTP1 FORWARD 3546405 SIGMA70 STRONG,0.96261907,0.96209055,1,1,1,0.96261907
ECK120009959 GPMAP REVERSE 787632 SIGMA70 STRONG,0.6511589,0.32179978,1,0,1,0.6511589
ECK125109855 GPMAP2 REVERSE 787670 SIGMA70 STRONG,0.99031293,0.9112418,1,1,1,0.99031293
ECK120030212 GSPAP1 REVERSE 3455519 SIGMA70 STRONG,0.9972705,0.94450575,1,1,1,0.9972705
ECK120030209 GSPCP2 FORWARD 3455527 SIGMA70 STRONG,0.4739754,0.28760183,0,0,0,0.4739754
ECK120010255 GUABP REVERSE 2634107 SIGMA70 STRONG,0.9905634,0.83527505,1,1,1,0.9905634
ECK120011036 GYRAP REVERSE 2339457 SIGMA70 STRONG,0.99766064,0.97884744,1,1,1,0.99766064
ECK120010403 GYRBP REVERSE 3880150 SIGMA70 STRONG,0.946211,0.6703443,1,1,1,0.946211
ECK120030782 HCHAP FORWARD 2035780 SIGMA70 STRONG,0.18591858,0.3358275,0,0,0,0.3358275
ECK120010051 HDEDP FORWARD 3656960 SIGMA70 STRONG,0.99869126,0.9969189,1,1,1,0.99869126
ECK120010322 HEMAP1 FORWARD 1263676 SIGMA70 STRONG,0.9691683,0.9893923,1,1,1,0.9893923
ECK120009943 HEMFP FORWARD 2553205 SIGMA70 STRONG,0.045265127,0.040245797,0,0,0,0.045265127
ECK120029524 HEMHP FORWARD 498031 SIGMA70 STRONG,0.9944794,0.97498566,1,1,1,0.9944794
ECK120010684 HEMNP FORWARD 4051943 SIGMA70 STRONG,0.99756753,0.96919,1,1,1,0.99756753
ECK120009982 HEPAP REVERSE 63358 SIGMA70 STRONG,0.90379834,0.041631863,1,0,1,0.90379834
ECK120010459 HFLDP REVERSE 1192686 SIGMA70 STRONG,0.95379,0.6401255,1,1,1,0.95379
ECK120033702 HFQP2 FORWARD 4399801 SIGMA70 STRONG,0.86310035,0.98859346,1,1,1,0.98859346
ECK120033732 HFQP3 FORWARD 4400220 SIGMA70 STRONG,0.9999478,0.9992623,1,1,1,0.9999478
ECK120051381 HICAP FORWARD 1509221 SIGMA70 STRONG,0.8072324,0.91207606,1,1,1,0.91207606
ECK125140836 HIGBP REVERSE 3234480 SIGMA70 STRONG,0.9998197,0.99078685,1,1,1,0.9998197
ECK120016954 HIPBP REVERSE 1592482 SIGMA70 STRONG,0.57251394,0.9721973,1,1,1,0.9721973
ECK120010349 HISBP FORWARD 2093360 SIGMA70 STRONG,0.14338009,0.53646564,0,1,1,0.53646564
ECK120030804 HISJP REVERSE 2426837 SIGMA70 STRONG,0.9800899,0.77399516,1,1,1,0.9800899
ECK120010361 HISSP REVERSE 2640642 SIGMA70 STRONG,0.98993427,0.9623879,1,1,1,0.98993427
ECK120010201 HNSP REVERSE 1292958 SIGMA70 STRONG,0.9948155,0.92632014,1,1,1,0.9948155
ECK120009917 HPTP FORWARD 141360 SIGMA70 STRONG,0.9834907,0.9883228,1,1,1,0.9883228
ECK120010517 HSCBP REVERSE 2659524 SIGMA70 STRONG,0.11044876,0.020816937,0,0,0,0.11044876
ECK120029868 HSLJP REVERSE 1441780 SIGMA70 STRONG,0.060462397,0.47730786,0,0,0,0.47730786
ECK120010728 HUPBP2 FORWARD 461395 SIGMA70 STRONG,0.9844875,0.80861753,1,1,1,0.9844875
ECK120010729 HUPBP3 FORWARD 461332 SIGMA70 STRONG,0.9995235,0.98010755,1,1,1,0.9995235
ECK120010541 HYAAP FORWARD 1031984 SIGMA70 STRONG,0.86252975,0.9965205,1,1,1,0.9965205
ECK120010657 HYBOP1 REVERSE 3146363 SIGMA70 STRONG,0.99982697,0.9469613,1,1,1,0.99982697
ECK125137466 HYCIP4 REVERSE 2843102 SIGMA70 STRONG,0.9992887,0.99534756,1,1,1,0.9992887
ECK120030663 HYPFP2 REVERSE 2838014 SIGMA70 STRONG,0.2311292,0.3175831,0,0,0,0.3175831
ECK120030664 HYPFP3 REVERSE 2838105 SIGMA70 STRONG,0.047552645,0.12639958,0,0,0,0.12639958
ECK120010174 ICDAP1 FORWARD 1195008 SIGMA70 STRONG,0.99787474,0.98291403,1,1,1,0.99787474
ECK120010519 ICDAP2 FORWARD 1194961 SIGMA70 STRONG,0.3287908,0.7711019,0,1,1,0.7711019
ECK120010038 IDNKP FORWARD 4494597 SIGMA70 STRONG,0.99957174,0.9958087,1,1,1,0.99957174
ECK120030653 ILESP1 FORWARD 21833 SIGMA70 STRONG,0.4078065,0.941691,0,1,1,0.941691
ECK120010160 ILVCP FORWARD 3957912 SIGMA70 STRONG,0.38665104,0.9145486,0,1,1,0.9145486
ECK120010153 ILVIHP1 FORWARD 85600 SIGMA70 STRONG,0.1807573,0.2873803,0,0,0,0.2873803
ECK120010278 ILVIP3 FORWARD 85453 SIGMA70 STRONG,0.35041028,0.4970731,0,0,0,0.4970731
ECK120010277 ILVIP4 FORWARD 85420 SIGMA70 STRONG,0.97205126,0.9505888,1,1,1,0.97205126
ECK120010418 ILVLP1 FORWARD 3950218 SIGMA70 STRONG,0.9993888,0.99693537,1,1,1,0.9993888
ECK120010419 ILVLP2 FORWARD 3950290 SIGMA70 STRONG,0.99876046,0.9767701,1,1,1,0.99876046
ECK120010011 IMPP1 REVERSE 57156 SIGMA70 STRONG,0.9676335,0.97381717,1,1,1,0.97381717
ECK120010012 IMPP2 REVERSE 57241 SIGMA70 STRONG,0.9942888,0.9987596,1,1,1,0.9987596
ECK120016571 INFAP1 REVERSE 926685 SIGMA70 STRONG,0.99764496,0.97439486,1,1,1,0.99764496
ECK120016570 INFAP2 REVERSE 926479 SIGMA70 STRONG,0.73946047,0.49286455,1,0,1,0.73946047
ECK120009955 INFCP2 REVERSE 1800818 SIGMA70 STRONG,0.17464502,0.6669228,0,1,1,0.6669228
ECK125137821 INSHP3 REVERSE 3653268 SIGMA70 STRONG,0.99920976,0.99608046,1,1,1,0.99920976
ECK125134715 INTSP FORWARD 2466515 SIGMA70 STRONG,0.9810625,0.96437865,1,1,1,0.9810625
ECK125095431 IRADP1 FORWARD 4556576 SIGMA70 STRONG,0.9961189,0.98903394,1,1,1,0.9961189
ECK125134718 IRAMP2 REVERSE 1212123 SIGMA70 STRONG,0.56160355,0.8791662,1,1,1,0.8791662
ECK120030215 IRAPP1 FORWARD 401319 SIGMA70 STRONG,0.931,0.99710864,1,1,1,0.99710864
ECK120009911 ISCRP REVERSE 2662199 SIGMA70 STRONG,0.9085308,0.07436844,1,0,1,0.9085308
ECK120015164 ISTR-1P REVERSE 3853192 SIGMA70 STRONG,0.9988921,0.93957645,1,1,1,0.9988921
ECK120015163 ISTR-2P REVERSE 3853257 SIGMA70 STRONG,0.9537216,0.84046245,1,1,1,0.9537216
ECK120010127 IVBLP REVERSE 3853023 SIGMA70 STRONG,0.11263469,0.031168696,0,0,0,0.11263469
ECK120011002 KATGP FORWARD 4133812 SIGMA70 STRONG,0.9636189,0.90783876,1,1,1,0.9636189
ECK120010094 KBAZP FORWARD 3278866 SIGMA70 STRONG,0.54508704,0.110423855,1,0,1,0.54508704
ECK120010156 KBLP REVERSE 3792577 SIGMA70 STRONG,0.99879825,0.99652064,1,1,1,0.99879825
ECK120010129 KDPFP REVERSE 728849 SIGMA70 STRONG,0.9818063,0.99668175,1,1,1,0.99668175
ECK120010694 KDSAP FORWARD 1267854 SIGMA70 STRONG,0.26922125,0.3472832,0,0,0,0.3472832
ECK120030205 KDSCP1 FORWARD 3342226 SIGMA70 STRONG,0.86066586,0.21690772,1,0,1,0.86066586
ECK125135016 KDSCP2 FORWARD 3342010 SIGMA70 STRONG,0.7941634,0.84015584,1,1,1,0.84015584
ECK125135017 KDSCP3 FORWARD 3341719 SIGMA70 STRONG,0.99790084,0.99415416,1,1,1,0.99790084
ECK120010130 LACZP1 REVERSE 366343 SIGMA70 STRONG,0.9744741,0.934865,1,1,1,0.9744741
ECK125165942 LAPAP2 FORWARD 1340186 SIGMA70 STRONG,0.8303082,0.6801493,1,1,1,0.8303082
ECK120010237 LEULP REVERSE 83735 SIGMA70 STRONG,0.9962209,0.9963864,1,1,1,0.9963864
ECK120034384 LEUOP FORWARD 84188 SIGMA70 STRONG,0.9971898,0.913289,1,1,1,0.9971898
ECK120010131 LEXAP FORWARD 4257087 SIGMA70 STRONG,0.99990284,0.99897444,1,1,1,0.99990284
ECK125230251 LGTP REVERSE 2966121 SIGMA70 STRONG,0.3912262,0.48165858,0,0,0,0.48165858
ECK120010241 LIVJP REVERSE 3599762 SIGMA70 STRONG,0.9644567,0.9867149,1,1,1,0.9867149
ECK120010242 LIVKP1 REVERSE 3597755 SIGMA70 STRONG,0.8245227,0.30230042,1,0,1,0.8245227
ECK120010666 LLDPP FORWARD 3777289 SIGMA70 STRONG,0.78938013,0.9827272,1,1,1,0.9827272
ECK120033254 LOIPP FORWARD 3081892 SIGMA70 STRONG,0.8798753,0.95492214,1,1,1,0.95492214
ECK125145768 LOLAP FORWARD 937328 SIGMA70 STRONG,0.91228586,0.8089023,1,1,1,0.91228586
ECK120010282 LPDAP FORWARD 127717 SIGMA70 STRONG,0.9987717,0.9226506,1,1,1,0.9987717
ECK125135018 LPTAP2 FORWARD 3343299 SIGMA70 STRONG,0.14756201,0.013190426,0,0,0,0.14756201
ECK120010239 LRPP FORWARD 932328 SIGMA70 STRONG,0.69579786,0.118372604,1,0,1,0.69579786
ECK120029295 LSPAP FORWARD 25014 SIGMA70 STRONG,0.23476684,0.61235255,0,1,1,0.61235255
ECK120010648 LYSCP1 REVERSE 4233539 SIGMA70 STRONG,0.7737505,0.70966005,1,1,1,0.7737505
ECK120010647 LYSCP2 REVERSE 4233616 SIGMA70 STRONG,0.09635902,0.5018687,0,1,1,0.5018687
ECK125203418 LYSOP REVERSE 914895 SIGMA70 STRONG,0.9798472,0.88095456,1,1,1,0.9798472
ECK120010688 LYSPP REVERSE 2248560 SIGMA70 STRONG,0.99382836,0.93059474,1,1,1,0.99382836
ECK120010265 LYSUP1 REVERSE 4354805 SIGMA70 STRONG,0.9947067,0.98702896,1,1,1,0.9947067
ECK120010132 MALEP REVERSE 4246464 SIGMA70 STRONG,0.93506056,0.63598394,1,1,1,0.93506056
ECK120011041 MALIP REVERSE 1699228 SIGMA70 STRONG,0.89860356,0.9457881,1,1,1,0.9457881
ECK120010134 MALPP REVERSE 3552510 SIGMA70 STRONG,0.565326,0.0679174,1,0,1,0.565326
ECK120010199 MALSP FORWARD 3737470 SIGMA70 STRONG,0.17166637,0.103320085,0,0,0,0.17166637
ECK120011030 MALTP FORWARD 3553024 SIGMA70 STRONG,0.9494708,0.6302821,1,1,1,0.9494708
ECK120010195 MALXP FORWARD 1699313 SIGMA70 STRONG,0.48826924,0.81526434,0,1,1,0.81526434
ECK120010326 MANAP FORWARD 1688551 SIGMA70 STRONG,0.06293414,0.09591634,0,0,0,0.09591634
ECK120010247 MANXP FORWARD 1901933 SIGMA70 STRONG,0.9959907,0.9332181,1,1,1,0.9959907
ECK120010175 MDHP1 REVERSE 3384313 SIGMA70 STRONG,0.7493487,0.2729119,1,0,1,0.7493487
ECK120010486 MDOGP1 FORWARD 1109278 SIGMA70 STRONG,0.9839498,0.990829,1,1,1,0.990829
ECK120009991 MDOGP2 FORWARD 1109257 SIGMA70 STRONG,0.03428005,0.82405096,0,1,1,0.82405096
ECK120010194 MELAP FORWARD 4341887 SIGMA70 STRONG,0.98865825,0.3306737,1,0,1,0.98865825
ECK120010135 MELRP REVERSE 4341650 SIGMA70 STRONG,0.98552585,0.7284161,1,1,1,0.98552585
ECK120009850 MENAP REVERSE 4120406 SIGMA70 STRONG,0.9462887,0.33698338,1,0,1,0.9462887
ECK120010062 METAP2 FORWARD 4214159 SIGMA70 STRONG,0.99295396,0.9844536,1,1,1,0.99295396
ECK120010434 METBP FORWARD 4128636 SIGMA70 STRONG,0.874466,0.9093871,1,1,1,0.9093871
ECK120011003 METFP FORWARD 4132546 SIGMA70 STRONG,0.009714657,0.11103302,0,0,0,0.11103302
ECK120034265 METGP FORWARD 2194269 SIGMA70 STRONG,0.8580598,0.87372434,1,1,1,0.87372434
ECK125203415 METGP2 FORWARD 2193758 SIGMA70 STRONG,0.0042277514,0.48421755,0,0,0,0.48421755
ECK125140843 METHP2 FORWARD 4223505 SIGMA70 STRONG,0.04180468,0.091397226,0,0,0,0.091397226
ECK120010432 METJP2 REVERSE 4128529 SIGMA70 STRONG,0.9999145,0.99378407,1,1,1,0.9999145
ECK120010431 METJP3 REVERSE 4128466 SIGMA70 STRONG,0.97920084,0.9705641,1,1,1,0.97920084
ECK120009903 METKP FORWARD 3086577 SIGMA70 STRONG,0.76361954,0.6329816,1,1,1,0.76361954
ECK120009925 METNP REVERSE 222714 SIGMA70 STRONG,0.9902748,0.9992478,1,1,1,0.9992478
ECK120010387 METYP1 REVERSE 3318297 SIGMA70 STRONG,0.98752904,0.99690896,1,1,1,0.99690896
ECK120010614 METYP2 REVERSE 3318375 SIGMA70 STRONG,0.99957114,0.97901195,1,1,1,0.99957114
ECK120010597 METZP FORWARD 2947382 SIGMA70 STRONG,0.584887,0.063560255,1,0,1,0.584887
ECK120009920 MFDP1 REVERSE 1174028 SIGMA70 STRONG,0.9842494,0.9099464,1,1,1,0.9842494
ECK120009921 MFDP2 REVERSE 1173992 SIGMA70 STRONG,0.8473744,0.5845814,1,1,1,0.8473744
ECK125108719 MGRRP REVERSE 1622914 SIGMA70 STRONG,0.98641646,0.99309134,1,1,1,0.99309134
ECK120010639 MGTAP1 FORWARD 4467363 SIGMA70 STRONG,0.7089189,0.66069436,1,1,1,0.7089189
ECK120009930 MGTAP2 FORWARD 4467280 SIGMA70 STRONG,0.86537755,0.30593303,1,0,1,0.86537755
ECK120009928 MHPAP FORWARD 368519 SIGMA70 STRONG,0.7428893,0.09852797,1,0,1,0.7428893
ECK120009929 MHPRP REVERSE 368528 SIGMA70 STRONG,0.47769713,0.81216866,0,1,1,0.81216866
ECK120033730 MIAAP1 FORWARD 4399052 SIGMA70 STRONG,0.9966421,0.98111194,1,1,1,0.9966421
ECK120022366 MICCP FORWARD 1437121 SIGMA70 STRONG,0.99669003,0.9702046,1,1,1,0.99669003
ECK120010351 MICFP FORWARD 2313084 SIGMA70 STRONG,0.98991257,0.9548228,1,1,1,0.98991257
ECK120010771 MLCP1 REVERSE 1668603 SIGMA70 STRONG,0.09725957,0.13749105,0,0,0,0.13749105
ECK125122037 MLRAP FORWARD 2214840 SIGMA70 STRONG,0.91984165,0.97676295,1,1,1,0.97676295
ECK120015467 MNTHP REVERSE 2512734 SIGMA70 STRONG,0.9816356,0.9275569,1,1,1,0.9816356
ECK125140756 MNTPP FORWARD 1905459 SIGMA70 STRONG,0.6501955,0.5503119,1,1,1,0.6501955
ECK120010716 MODAP FORWARD 795062 SIGMA70 STRONG,0.9848055,0.9696838,1,1,1,0.9848055
ECK120009998 MOEAP REVERSE 866394 SIGMA70 STRONG,0.9713982,0.8344896,1,1,1,0.9713982
ECK120015463 MOLR_1P FORWARD 2196445 SIGMA70 STRONG,0.99942076,0.99066156,1,1,1,0.99942076
ECK120009849 MPLP2 FORWARD 4455760 SIGMA70 STRONG,0.87794435,0.43412402,1,0,1,0.87794435
ECK120010556 MPRAP FORWARD 2810747 SIGMA70 STRONG,0.99869627,0.90387744,1,1,1,0.99869627
ECK120051399 MQSRP REVERSE 3168653 SIGMA70 STRONG,0.100733325,0.038215674,0,0,0,0.100733325
ECK125095449 MQSRP2 REVERSE 3168562 SIGMA70 STRONG,0.99738926,0.98800546,1,1,1,0.99738926
ECK120009845 MRAZP FORWARD 89596 SIGMA70 STRONG,0.06471355,0.2725384,0,0,0,0.2725384
ECK120011130 MREBP1 REVERSE 3401129 SIGMA70 STRONG,0.67088085,0.5273128,1,1,1,0.67088085
ECK120030647 MREBP3 REVERSE 3401356 SIGMA70 STRONG,0.9641061,0.9626819,1,1,1,0.9641061
ECK125203414 MRPP REVERSE 2194203 SIGMA70 STRONG,0.6997433,0.9904727,1,1,1,0.9904727
ECK125137090 MSRBP6 REVERSE 1862464 SIGMA70 STRONG,0.998833,0.98883015,1,1,1,0.998833
ECK120030650 MTNP REVERSE 179183 SIGMA70 STRONG,0.17916831,0.8532835,0,1,1,0.8532835
ECK120011032 MTRP2 REVERSE 3305860 SIGMA70 STRONG,0.99947065,0.9936333,1,1,1,0.99947065
ECK120035117 MURQP1 FORWARD 2545733 SIGMA70 STRONG,0.9760024,0.9769149,1,1,1,0.9769149
ECK120035116 MURRP REVERSE 2545793 SIGMA70 STRONG,0.110233605,0.062602095,0,0,0,0.110233605
ECK120033728 MUTLP1 FORWARD 4397100 SIGMA70 STRONG,0.9969915,0.96768177,1,1,1,0.9969915
ECK120034946 NADEP FORWARD 1822302 SIGMA70 STRONG,0.41645873,0.31079438,0,0,0,0.41645873
ECK120010137 NAGBP REVERSE 703708 SIGMA70 STRONG,0.98353255,0.74326515,1,1,1,0.98353255
ECK120033606 NAGCP1 REVERSE 701865 SIGMA70 STRONG,0.99838305,0.97085303,1,1,1,0.99838305
ECK120033607 NAGCP2 REVERSE 702008 SIGMA70 STRONG,0.99062294,0.96799445,1,1,1,0.99062294
ECK120010015 NAGEP FORWARD 703840 SIGMA70 STRONG,0.59421843,0.5246037,1,1,1,0.59421843
ECK120009897 NANAP REVERSE 3373620 SIGMA70 STRONG,0.9975727,0.94189656,1,1,1,0.9975727
ECK120010630 NAPFP1 REVERSE 2303574 SIGMA70 STRONG,0.97976077,0.98377407,1,1,1,0.98377407
ECK120011005 NARGP FORWARD 1279807 SIGMA70 STRONG,0.9335308,0.9282471,1,1,1,0.9335308
ECK120011006 NARKP1 FORWARD 1277932 SIGMA70 STRONG,0.9967064,0.95119643,1,1,1,0.9967064
ECK120015955 NARKP2 FORWARD 1277821 SIGMA70 STRONG,0.82560366,0.9402361,1,1,1,0.9402361
ECK120010216 NDHP FORWARD 1165992 SIGMA70 STRONG,0.7619631,0.59897697,1,1,1,0.7619631
ECK120034939 NEMRP FORWARD 1726021 SIGMA70 STRONG,0.8368926,0.22890884,1,0,1,0.8368926
ECK120010244 NFOP FORWARD 2250806 SIGMA70 STRONG,0.50244635,0.74483675,1,1,1,0.74483675
ECK120010037 NFSBP REVERSE 605453 SIGMA70 STRONG,0.92552817,0.62004817,1,1,1,0.92552817
ECK120010251 NHAAP1 FORWARD 17458 SIGMA70 STRONG,0.9664189,0.8962138,1,1,1,0.9664189
ECK125136816 NHABP7 REVERSE 1234767 SIGMA70 STRONG,0.27477998,0.44763392,0,0,0,0.44763392
ECK120011007 NIRBP FORWARD 3493987 SIGMA70 STRONG,0.9686867,0.9006579,1,1,1,0.9686867
ECK125137062 NLPCP5 REVERSE 1792760 SIGMA70 STRONG,0.9241968,0.84035856,1,1,1,0.9241968
ECK120010530 NLPDP1 REVERSE 2868829 SIGMA70 STRONG,0.99293184,0.97016954,1,1,1,0.99293184
ECK120010531 NLPDP2 REVERSE 2868782 SIGMA70 STRONG,0.77379763,0.071348585,1,0,1,0.77379763
ECK120010138 NRDAP FORWARD 2344755 SIGMA70 STRONG,0.5988075,0.18589096,1,0,1,0.5988075
ECK120010044 NRDDP REVERSE 4462838 SIGMA70 STRONG,0.99341375,0.971771,1,1,1,0.99341375
ECK120009855 NRDHP FORWARD 2800656 SIGMA70 STRONG,0.9990067,0.9918024,1,1,1,0.9990067
ECK120033028 NRDRP FORWARD 432977 SIGMA70 STRONG,0.98691934,0.822969,1,1,1,0.98691934
ECK120010250 NRFAP FORWARD 4287671 SIGMA70 STRONG,0.46191362,0.16977131,0,0,0,0.46191362
ECK120010535 NUOAP2 REVERSE 2405162 SIGMA70 STRONG,0.97080946,0.95455766,1,1,1,0.97080946
ECK120010207 NUPCP FORWARD 2513009 SIGMA70 STRONG,0.9949827,0.9977507,1,1,1,0.9977507
ECK120010192 NUPGP FORWARD 3105651 SIGMA70 STRONG,0.9998204,0.99781466,1,1,1,0.9998204
ECK120032971 OHSCP FORWARD 2700518 SIGMA70 STRONG,0.5487134,0.41468334,1,0,1,0.5487134
ECK120010139 OMPAP1 REVERSE 1020191 SIGMA70 STRONG,0.77159417,0.8770596,1,1,1,0.8770596
ECK120010140 OMPCP1 REVERSE 2312830 SIGMA70 STRONG,0.011647284,0.17339186,0,0,0,0.17339186
ECK120010663 OMPRP1 REVERSE 3536707 SIGMA70 STRONG,0.9843461,0.96908176,1,1,1,0.9843461
ECK120010235 OMPRP2 REVERSE 3536685 SIGMA70 STRONG,0.98900807,0.99615866,1,1,1,0.99615866
ECK120010664 OMPRP3 REVERSE 3536639 SIGMA70 STRONG,0.04902721,0.068084985,0,0,0,0.068084985
ECK120010665 OMPRP4 REVERSE 3536755 SIGMA70 STRONG,0.9963498,0.95357394,1,1,1,0.9963498
ECK120034941 OMPXP1 FORWARD 850209 SIGMA70 STRONG,0.07197432,0.009259182,0,0,0,0.07197432
ECK120010476 OSMBP2 REVERSE 1343369 SIGMA70 STRONG,0.9855839,0.81217766,1,1,1,0.9855839
ECK120010487 OSMEP REVERSE 1822283 SIGMA70 STRONG,0.8276806,0.5936209,1,1,1,0.8276806
ECK120010473 OSMYP FORWARD 4611153 SIGMA70 STRONG,0.8417444,0.9350175,1,1,1,0.9350175
ECK120010709 PAAAP FORWARD 1453865 SIGMA70 STRONG,0.7645393,0.9354785,1,1,1,0.9354785
ECK120010753 PAAXP FORWARD 1463509 SIGMA70 STRONG,0.50864166,0.52037746,1,1,1,0.52037746
ECK120010393 PABAP1 REVERSE 3490851 SIGMA70 STRONG,0.99968374,0.96412325,1,1,1,0.99968374
ECK120034550 PANBP REVERSE 149630 SIGMA70 STRONG,0.9988054,0.9846541,1,1,1,0.9988054
ECK125203426 PANDP2 REVERSE 146754 SIGMA70 STRONG,0.51096255,0.1394688,1,0,1,0.51096255
ECK120010202 PCKP FORWARD 3532679 SIGMA70 STRONG,0.9900831,0.8489321,1,1,1,0.9900831
ECK120016348 PCNBP1 REVERSE 159151 SIGMA70 STRONG,0.33514348,0.1513369,0,0,0,0.33514348
ECK120016349 PCNBP2 REVERSE 159195 SIGMA70 STRONG,0.7450859,0.8521037,1,1,1,0.8521037
ECK120009927 PCNBP3 REVERSE 159171 SIGMA70 STRONG,0.98259294,0.93950456,1,1,1,0.98259294
ECK120030665 PDELP1 FORWARD 332039 SIGMA70 STRONG,0.1643642,0.49096406,0,0,0,0.49096406
ECK120030666 PDELP2 FORWARD 331873 SIGMA70 STRONG,0.76994467,0.39844245,1,0,1,0.76994467
ECK120010280 PDHRP FORWARD 122034 SIGMA70 STRONG,0.998168,0.9933611,1,1,1,0.998168
ECK120049220 PEPAP1 REVERSE 4486139 SIGMA70 STRONG,0.6145773,0.9572888,1,1,1,0.9572888
ECK120049221 PEPAP2 REVERSE 4486112 SIGMA70 STRONG,0.78965664,0.40877974,1,0,1,0.78965664
ECK120026311 PEPDP3 REVERSE 255737 SIGMA70 STRONG,0.3127316,0.22479947,0,0,0,0.3127316
ECK125109852 PFKAP1 FORWARD 4107522 SIGMA70 STRONG,0.010007857,0.02722577,0,0,0,0.02722577
ECK120010770 PFKAP2 FORWARD 4107474 SIGMA70 STRONG,0.99369097,0.9939029,1,1,1,0.9939029
ECK125199579 PFLAP REVERSE 951154 SIGMA70 STRONG,0.23306003,0.7503551,0,1,1,0.7503551
ECK120010649 PGIP FORWARD 4233722 SIGMA70 STRONG,0.9714826,0.66745716,1,1,1,0.9714826
ECK120015412 PGKP1 REVERSE 3072857 SIGMA70 STRONG,0.9949421,0.9658483,1,1,1,0.9949421
ECK125109854 PGKP3 REVERSE 3072735 SIGMA70 STRONG,0.05598765,0.056871332,0,0,0,0.056871332
ECK125165943 PGPBP FORWARD 1339309 SIGMA70 STRONG,0.99750227,0.9832607,1,1,1,0.99750227
ECK120010366 PHELP FORWARD 2737579 SIGMA70 STRONG,0.58464926,0.522837,1,1,1,0.58464926
ECK120015419 PHEPP FORWARD 601929 SIGMA70 STRONG,0.81127524,0.68321836,1,1,1,0.81127524
ECK120010252 PHNCP REVERSE 4325206 SIGMA70 STRONG,0.65446204,0.7336644,1,1,1,0.7336644
ECK120011028 PHOEP REVERSE 260158 SIGMA70 STRONG,0.9778371,0.5281334,1,1,1,0.9778371
ECK120010317 PHOHP1 FORWARD 1084865 SIGMA70 STRONG,0.58392584,0.64953166,1,1,1,0.64953166
ECK125134711 PHOUP REVERSE 3907665 SIGMA70 STRONG,0.21682148,0.2848927,0,0,0,0.2848927
ECK125140844 PKAP FORWARD 2719931 SIGMA70 STRONG,0.9937016,0.99159604,1,1,1,0.9937016
ECK125203411 PLSXP FORWARD 1147577 SIGMA70 STRONG,0.44994223,0.97395194,0,1,1,0.97395194
ECK120011045 PNCBP REVERSE 990414 SIGMA70 STRONG,0.99726486,0.98116827,1,1,1,0.99726486
ECK120010385 PNPP REVERSE 3311326 SIGMA70 STRONG,0.6378109,0.26992962,1,0,1,0.6378109
ECK120010560 PPIAP1 REVERSE 3492335 SIGMA70 STRONG,0.9962429,0.9795376,1,1,1,0.9962429
ECK120010558 PPIDP2 FORWARD 461819 SIGMA70 STRONG,0.048681695,0.12241374,0,0,0,0.12241374
ECK120010220 PPSP REVERSE 1787161 SIGMA70 STRONG,0.97882426,0.47406882,1,0,1,0.97882426
ECK120010681 PQIAP1 FORWARD 1011666 SIGMA70 STRONG,0.99617034,0.98692036,1,1,1,0.99617034
ECK120010213 PROPP1 FORWARD 4330320 SIGMA70 STRONG,0.99719715,0.85566276,1,1,1,0.99719715
ECK120010285 PROSP REVERSE 218837 SIGMA70 STRONG,0.70431423,0.8873603,1,1,1,0.8873603
ECK120010368 PROVP1 FORWARD 2804563 SIGMA70 STRONG,0.93849164,0.9916671,1,1,1,0.9916671
ECK120010369 PROVP2 FORWARD 2804599 SIGMA70 STRONG,0.16413657,0.3803065,0,0,0,0.3803065
ECK120010370 PROVP3 FORWARD 2804755 SIGMA70 STRONG,0.9632436,0.879049,1,1,1,0.9632436
ECK120011046 PRSP REVERSE 1262177 SIGMA70 STRONG,0.99876887,0.8725921,1,1,1,0.99876887
ECK120009916 PSIEP FORWARD 4240300 SIGMA70 STRONG,0.9704771,0.810892,1,1,1,0.9704771
ECK120009905 PSPFP1 REVERSE 1367945 SIGMA70 STRONG,0.6764575,0.042819187,1,0,1,0.6764575
ECK120009906 PSPFP2 REVERSE 1367929 SIGMA70 STRONG,0.22280969,0.39175478,0,0,0,0.39175478
ECK120009907 PSPFP3 REVERSE 1368040 SIGMA70 STRONG,0.51332676,0.25606826,1,0,1,0.51332676
ECK125137427 PSSAP6 FORWARD 2722667 SIGMA70 STRONG,0.97399604,0.43795475,1,0,1,0.97399604
ECK125134709 PSTBP1 REVERSE 3908556 SIGMA70 STRONG,0.31472418,0.78655785,0,1,1,0.78655785
ECK125134707 PSTCP REVERSE 3910542 SIGMA70 STRONG,0.18780057,0.40120432,0,0,0,0.40120432
ECK120010253 PSTSP REVERSE 3911568 SIGMA70 STRONG,0.9847728,0.96224165,1,1,1,0.9847728
ECK120009901 PTHP REVERSE 1258542 SIGMA70 STRONG,0.99969614,0.9495892,1,1,1,0.99969614
ECK120010375 PTRAP REVERSE 2959011 SIGMA70 STRONG,0.24858753,0.22569105,0,0,0,0.24858753
ECK120009862 PTSGP2 FORWARD 1157626 SIGMA70 STRONG,0.4791346,0.8525075,0,1,1,0.8525075
ECK120010357 PTSHP2 FORWARD 2533601 SIGMA70 STRONG,0.99361706,0.88575834,1,1,1,0.99361706
ECK120010356 PTSHP4 FORWARD 2533501 SIGMA70 STRONG,0.9097449,0.24568662,1,0,1,0.9097449
ECK120010161 PURAP FORWARD 4404664 SIGMA70 STRONG,0.97933793,0.71830124,1,1,1,0.97933793
ECK120011012 PURCP REVERSE 2597781 SIGMA70 STRONG,0.9990102,0.9939452,1,1,1,0.9990102
ECK120010154 PUREP REVERSE 553142 SIGMA70 STRONG,0.96035427,0.9933803,1,1,1,0.9933803
ECK120011013 PURHP REVERSE 4207627 SIGMA70 STRONG,0.9982146,0.8075803,1,1,1,0.9982146
ECK120011014 PURLP REVERSE 2695589 SIGMA70 STRONG,0.99321556,0.9734427,1,1,1,0.99321556
ECK120011015 PURMP FORWARD 2621153 SIGMA70 STRONG,0.9985946,0.99717146,1,1,1,0.9985946
ECK120011016 PURRP FORWARD 1737689 SIGMA70 STRONG,0.06498232,0.35022402,0,0,0,0.35022402
ECK125136834 PURUP3 REVERSE 1288751 SIGMA70 STRONG,0.991499,0.9416069,1,1,1,0.991499
ECK120010662 PUTAP REVERSE 1078925 SIGMA70 STRONG,0.25697508,0.020146756,0,0,0,0.25697508
ECK120010626 PUTPP1 FORWARD 1079168 SIGMA70 STRONG,0.21294597,0.92890793,0,1,1,0.92890793
ECK120010315 PUTPP4 FORWARD 1079210 SIGMA70 STRONG,0.010251021,0.2764667,0,0,0,0.2764667
ECK120034249 PYKAP1 FORWARD 1937544 SIGMA70 STRONG,0.15019257,0.02189056,0,0,0,0.15019257
ECK120034250 PYKAP2 FORWARD 1937494 SIGMA70 STRONG,0.44146636,0.17677128,0,0,0,0.44146636
ECK120034238 PYKFP1 FORWARD 1755663 SIGMA70 STRONG,0.109471105,0.11230301,0,0,0,0.11230301
ECK120011017 PYRCP REVERSE 1122643 SIGMA70 STRONG,0.80097,0.4089422,1,0,1,0.80097
ECK120011018 PYRDP FORWARD 1004732 SIGMA70 STRONG,0.030304957,0.0315048,0,0,0,0.0315048
ECK120010324 PYRFP FORWARD 1341870 SIGMA70 STRONG,0.9967249,0.98339945,1,1,1,0.9967249
ECK120009854 PYRHP FORWARD 191812 SIGMA70 STRONG,0.99972266,0.98525673,1,1,1,0.99972266
ECK120016575 QSEBP1 FORWARD 3169801 SIGMA70 STRONG,0.6302106,0.87773496,1,1,1,0.87773496
ECK120016568 QSEBP2 FORWARD 3169749 SIGMA70 STRONG,0.05696889,0.03092904,0,0,0,0.05696889
ECK125136892 RACRP5 REVERSE 1420242 SIGMA70 STRONG,0.41098982,0.61972725,0,1,1,0.61972725
ECK120010256 RBSDP FORWARD 3933322 SIGMA70 STRONG,0.9491425,0.97060287,1,1,1,0.97060287
ECK120032985 RCNAP FORWARD 2185827 SIGMA70 STRONG,0.33732864,0.8518814,0,1,1,0.8518814
ECK120032986 RCNRP REVERSE 2185903 SIGMA70 STRONG,0.9774914,0.85900676,1,1,1,0.9774914
ECK120010578 RCSAP FORWARD 2023836 SIGMA70 STRONG,0.44837728,0.2792293,0,0,0,0.44837728
ECK125109864 RCSBP1 FORWARD 2315695 SIGMA70 STRONG,0.99124384,0.99538827,1,1,1,0.99538827
ECK125109865 RCSBP2 FORWARD 2315975 SIGMA70 STRONG,0.9909279,0.934858,1,1,1,0.9909279
ECK125109863 RCSDP FORWARD 2313452 SIGMA70 STRONG,0.97470856,0.3224125,1,0,1,0.97470856
ECK120030796 RDLDP FORWARD 3700136 SIGMA70 STRONG,0.99731463,0.99706227,1,1,1,0.99731463
ECK120009856 RDOAP FORWARD 4042391 SIGMA70 STRONG,0.5439919,0.94956833,1,1,1,0.94956833
ECK120011019 RECAP REVERSE 2823819 SIGMA70 STRONG,0.92674905,0.5750101,1,1,1,0.92674905
ECK120016569 RECCP REVERSE 2962507 SIGMA70 STRONG,0.5690038,0.49758735,1,0,1,0.5690038
ECK120010374 RELAP1 REVERSE 2913829 SIGMA70 STRONG,0.98567235,0.97505116,1,1,1,0.98567235
ECK120030217 RELBP REVERSE 1645903 SIGMA70 STRONG,0.41219664,0.61837274,0,1,1,0.61837274
ECK120010422 REPP FORWARD 3960647 SIGMA70 STRONG,0.18607561,0.11932008,0,0,0,0.18607561
ECK120009994 RFADP1 FORWARD 3793939 SIGMA70 STRONG,0.9986523,0.9673333,1,1,1,0.9986523
ECK120010264 RHABP REVERSE 4097472 SIGMA70 STRONG,0.9909428,0.90613407,1,1,1,0.9909428
ECK120010141 RHASP FORWARD 4097711 SIGMA70 STRONG,0.99872845,0.9979235,1,1,1,0.99872845
ECK120010258 RHATP REVERSE 4100566 SIGMA70 STRONG,0.9872478,0.99187124,1,1,1,0.99187124
ECK120010650 RIBAP1 REVERSE 1339190 SIGMA70 STRONG,0.69426453,0.84063673,1,1,1,0.84063673
ECK120010654 RIBAP2 REVERSE 1339234 SIGMA70 STRONG,0.9042617,0.18318218,1,0,1,0.9042617
ECK120016963 RIMPP REVERSE 3318175 SIGMA70 STRONG,0.9737432,0.9757342,1,1,1,0.9757342
ECK120015159 RIRAP REVERSE 3808238 SIGMA70 STRONG,0.996899,0.99461824,1,1,1,0.996899
ECK120010506 RLMEP1 REVERSE 3327760 SIGMA70 STRONG,0.055302024,0.22634123,0,0,0,0.22634123
ECK120010748 RNBP1 REVERSE 1349129 SIGMA70 STRONG,0.9510764,0.84483933,1,1,1,0.9510764
ECK120010749 RNBP2 REVERSE 1348944 SIGMA70 STRONG,0.054841917,0.13535732,0,0,0,0.13535732
ECK120010724 RNCP REVERSE 2704223 SIGMA70 STRONG,0.9798284,0.99369365,1,1,1,0.99369365
ECK120051391 RNDP REVERSE 1888061 SIGMA70 STRONG,0.8653975,0.82482857,1,1,1,0.8653975
ECK120029521 RNEP1 REVERSE 1144728 SIGMA70 STRONG,0.98830545,0.84675056,1,1,1,0.98830545
ECK120029522 RNEP2 REVERSE 1144762 SIGMA70 STRONG,0.9433182,0.97802395,1,1,1,0.97802395
ECK120029523 RNEP3 REVERSE 1144873 SIGMA70 STRONG,0.8911426,0.97356004,1,1,1,0.97356004
ECK125109144 RNLBP2 FORWARD 2766860 SIGMA70 STRONG,0.9854145,0.99327797,1,1,1,0.99327797
ECK120010026 RPIBP FORWARD 4313257 SIGMA70 STRONG,0.7981277,0.33440697,1,0,1,0.7981277
ECK125122035 RPLUP REVERSE 3333516 SIGMA70 STRONG,0.99693525,0.98116267,1,1,1,0.99693525
ECK120029428 RPMIP REVERSE 1800427 SIGMA70 STRONG,0.7122839,0.8362565,1,1,1,0.8362565
ECK120010382 RPODP1 FORWARD 3212473 SIGMA70 STRONG,0.959355,0.95306647,1,1,1,0.959355
ECK120010383 RPODP2 FORWARD 3212637 SIGMA70 STRONG,0.94710624,0.96978813,1,1,1,0.96978813
ECK125240996 RPOEP1B REVERSE 2710393 SIGMA70 STRONG,0.38181087,0.44049978,0,0,0,0.44049978
ECK120010579 RPOEP2A REVERSE 2710087 SIGMA70 STRONG,0.08750633,0.23570344,0,0,0,0.23570344
ECK125240999 RPOEP2B REVERSE 2710339 SIGMA70 STRONG,0.9653028,0.92866534,1,1,1,0.9653028
ECK125241005 RPOEP5 REVERSE 2710165 SIGMA70 STRONG,0.9995901,0.9774614,1,1,1,0.9995901
ECK120010514 RPOHP1 REVERSE 3601003 SIGMA70 STRONG,0.9881274,0.98361963,1,1,1,0.9881274
ECK120010142 RPOHP5 REVERSE 3600849 SIGMA70 STRONG,0.9943093,0.9920412,1,1,1,0.9943093
ECK120010533 RPOSP REVERSE 2868118 SIGMA70 STRONG,0.98340327,0.9163481,1,1,1,0.98340327
ECK120048895 RPOZP FORWARD 3822077 SIGMA70 STRONG,0.9669377,0.8871605,1,1,1,0.9669377
ECK120010744 RPSAP1 FORWARD 961717 SIGMA70 STRONG,0.037053734,0.15872873,0,0,0,0.15872873
ECK120010310 RPSAP3 FORWARD 961859 SIGMA70 STRONG,0.032021295,0.14853442,0,0,0,0.14853442
ECK120034397 RPSBP FORWARD 189712 SIGMA70 STRONG,0.9754032,0.99787104,1,1,1,0.99787104
ECK120034372 RPSFP FORWARD 4425025 SIGMA70 STRONG,0.98997575,0.736313,1,1,1,0.98997575
ECK120010391 RPSJP REVERSE 3453442 SIGMA70 STRONG,0.86791515,0.30546373,1,0,1,0.86791515
ECK120011146 RPSMP2 REVERSE 3442565 SIGMA70 STRONG,0.97951645,0.56755865,1,1,1,0.97951645
ECK120015469 RPSPP REVERSE 2746254 SIGMA70 STRONG,0.9963308,0.9923096,1,1,1,0.9963308
ECK120010380 RPSUP1 FORWARD 3210646 SIGMA70 STRONG,0.9974597,0.8743641,1,1,1,0.9974597
ECK120010381 RPSUP2 FORWARD 3210712 SIGMA70 STRONG,0.032338392,0.2530588,0,0,0,0.2530588
ECK120010527 RPSUP3 FORWARD 3210735 SIGMA70 STRONG,0.12378798,0.44031373,0,0,0,0.44031373
ECK120033629 RRSAP2 FORWARD 4035356 SIGMA70 STRONG,0.9947365,0.9942948,1,1,1,0.9947365
ECK120009873 RRSDP2 REVERSE 3428940 SIGMA70 STRONG,0.9978223,0.9245097,1,1,1,0.9978223
ECK120010769 RSDP2 REVERSE 4196859 SIGMA70 STRONG,0.05348164,0.15341592,0,0,0,0.15341592
ECK120033698 RUTRP2 FORWARD 1074113 SIGMA70 STRONG,0.9998072,0.80065674,1,1,1,0.9998072
ECK125140763 RYBAP REVERSE 853064 SIGMA70 STRONG,0.989858,0.9148368,1,1,1,0.989858
ECK120030648 RYDCP REVERSE 1491506 SIGMA70 STRONG,0.85085,0.9412489,1,1,1,0.9412489
ECK120032973 RYFDP REVERSE 2734295 SIGMA70 STRONG,0.94560283,0.5080606,1,1,1,0.94560283
ECK120009960 RYHBP REVERSE 3581016 SIGMA70 STRONG,0.9975592,0.99865204,1,1,1,0.99865204
ECK120032974 RYJBP FORWARD 4527977 SIGMA70 STRONG,0.90581876,0.94311935,1,1,1,0.94311935
ECK120033699 SAFAP REVERSE 1584028 SIGMA70 STRONG,0.18790296,0.17954604,0,0,0,0.18790296
ECK120010170 SDHCP FORWARD 754958 SIGMA70 STRONG,0.10791592,0.081591226,0,0,0,0.10791592
ECK120010305 SDHDP2 FORWARD 755404 SIGMA70 STRONG,0.7483805,0.6716243,1,1,1,0.7483805
ECK125140840 SDIAP1 REVERSE 1996917 SIGMA70 STRONG,0.084371224,0.3840863,0,0,0,0.3840863
ECK125137169 SDIAP2 REVERSE 1996897 SIGMA70 STRONG,0.99742186,0.99209714,1,1,1,0.99742186
ECK125140841 SDIAP3 REVERSE 1996867 SIGMA70 STRONG,0.95931095,0.99797267,1,1,1,0.99797267
ECK125203416 SECBP REVERSE 3784203 SIGMA70 STRONG,0.25386655,0.56998515,0,1,1,0.56998515
ECK120034382 SECGP1 REVERSE 3322587 SIGMA70 STRONG,0.9685975,0.9672171,1,1,1,0.9685975
ECK120010267 SERAP1 REVERSE 3058456 SIGMA70 STRONG,0.9460881,0.8160913,1,1,1,0.9460881
ECK120009926 SERAP2 REVERSE 3058549 SIGMA70 STRONG,0.19273154,0.8479565,0,1,1,0.8479565
ECK120010763 SERCP FORWARD 957595 SIGMA70 STRONG,0.7527892,0.29518452,1,0,1,0.7527892
ECK120010606 SERTP REVERSE 1031719 SIGMA70 STRONG,0.671038,0.08170378,1,0,1,0.671038
ECK120030788 SGRSP FORWARD 77367 SIGMA70 STRONG,0.9954496,0.99836177,1,1,1,0.99836177
ECK125140845 SHIAP FORWARD 2053566 SIGMA70 STRONG,0.99171644,0.9513134,1,1,1,0.99171644
ECK120032972 SHOBP REVERSE 2700291 SIGMA70 STRONG,0.103836164,0.13578935,0,0,0,0.13578935
ECK120035119 SIBAP FORWARD 2153311 SIGMA70 STRONG,0.9982673,0.9987099,1,1,1,0.9987099
ECK120035123 SIBBP FORWARD 2153646 SIGMA70 STRONG,0.9768687,0.9920974,1,1,1,0.9920974
ECK120035120 SIBDP REVERSE 3194865 SIGMA70 STRONG,0.9802033,0.98267174,1,1,1,0.98267174
ECK120035121 SIBEP REVERSE 3195240 SIGMA70 STRONG,0.97777504,0.94972396,1,1,1,0.97777504
ECK120009971 SIXAP REVERSE 2456999 SIGMA70 STRONG,0.41409418,0.16658604,0,0,0,0.41409418
ECK120010164 SLPP FORWARD 3653936 SIGMA70 STRONG,0.9997801,0.9995733,1,1,1,0.9997801
ECK120011020 SODAP FORWARD 4100759 SIGMA70 STRONG,0.99935454,0.99308664,1,1,1,0.99935454
ECK120010327 SODBP FORWARD 1735323 SIGMA70 STRONG,0.12729798,0.3950697,0,0,0,0.3950697
ECK120033253 SOHAP FORWARD 3276972 SIGMA70 STRONG,0.99195194,0.9908392,1,1,1,0.99195194
ECK120009847 SOHBP2 FORWARD 1329301 SIGMA70 STRONG,0.56371826,0.3816686,1,0,1,0.56371826
ECK125229302 SOKBP FORWARD 1492119 SIGMA70 STRONG,0.9984896,0.9882228,1,1,1,0.9984896
ECK120010549 SOXRP FORWARD 4277447 SIGMA70 STRONG,0.97495675,0.61012,1,1,1,0.97495675
ECK120010261 SOXSP REVERSE 4277423 SIGMA70 STRONG,0.9945797,0.9740018,1,1,1,0.9945797
ECK120010427 SPFP FORWARD 4049899 SIGMA70 STRONG,0.99928904,0.99323034,1,1,1,0.99928904
ECK120016587 SPYP REVERSE 1825688 SIGMA70 STRONG,0.84969753,0.9079471,1,1,1,0.9079471
ECK120010196 SRLAP FORWARD 2825791 SIGMA70 STRONG,0.9415015,0.89233446,1,1,1,0.9415015
ECK120010444 SSBP1 FORWARD 4274092 SIGMA70 STRONG,0.009399874,0.037984435,0,0,0,0.037984435
ECK120011021 SSBP3 FORWARD 4274011 SIGMA70 STRONG,0.6110272,0.27025133,1,0,1,0.6110272
ECK125162185 SSNAP FORWARD 3018950 SIGMA70 STRONG,0.008886054,0.12458075,0,0,0,0.12458075
ECK125158028 SSRAP FORWARD 2755586 SIGMA70 STRONG,0.9973463,0.9750118,1,1,1,0.9973463
ECK120034944 SSRSP1 FORWARD 3055974 SIGMA70 STRONG,0.99889034,0.9684873,1,1,1,0.99889034
ECK120010638 SSUEP REVERSE 997563 SIGMA70 STRONG,0.109944366,0.15830019,0,0,0,0.15830019
ECK120010481 STPAP1 REVERSE 2798536 SIGMA70 STRONG,0.5821816,0.009404456,1,0,1,0.5821816
ECK120010482 STPAP2 REVERSE 2798556 SIGMA70 STRONG,0.9931977,0.8653437,1,1,1,0.9931977
ECK120009938 SUFAP REVERSE 1764418 SIGMA70 STRONG,0.9836797,0.9868401,1,1,1,0.9868401
ECK120033212 SUREP2 REVERSE 2870686 SIGMA70 STRONG,0.9629567,0.7355896,1,1,1,0.9629567
ECK125199580 SUTRP FORWARD 1506150 SIGMA70 STRONG,0.075198896,0.050048403,0,0,0,0.075198896
ECK125203410 SXYP FORWARD 1021083 SIGMA70 STRONG,0.99796474,0.9714494,1,1,1,0.99796474
ECK120032970 SYMRP FORWARD 4579835 SIGMA70 STRONG,0.96471953,0.9632938,1,1,1,0.96471953
ECK125137937 TATAP1 FORWARD 4021909 SIGMA70 STRONG,0.59777683,0.84846467,1,1,1,0.84846467
ECK120010236 THRLP FORWARD 148 SIGMA70 STRONG,0.8576514,0.9800616,1,1,1,0.9800616
ECK125230252 THYAP REVERSE 2965254 SIGMA70 STRONG,0.87294954,0.81492543,1,1,1,0.87294954
ECK120027940 TIGP FORWARD 454994 SIGMA70 STRONG,0.9923185,0.9629876,1,1,1,0.9923185
ECK120010157 TNACP FORWARD 3888411 SIGMA70 STRONG,0.9386416,0.941223,1,1,1,0.941223
ECK120029860 TOMBP1 REVERSE 480794 SIGMA70 STRONG,0.7569961,0.9844052,1,1,1,0.9844052
ECK120010225 TONBP FORWARD 1311054 SIGMA70 STRONG,0.5538822,0.9090684,1,1,1,0.9090684
ECK120010492 TOPAP2 FORWARD 1330883 SIGMA70 STRONG,0.03978614,0.0421606,0,0,0,0.0421606
ECK120010493 TOPAP3 FORWARD 1330848 SIGMA70 STRONG,0.731829,0.8460303,1,1,1,0.8460303
ECK120010494 TOPAP4 FORWARD 1330818 SIGMA70 STRONG,0.7294158,0.91425544,1,1,1,0.91425544
ECK120010495 TOPAP5 FORWARD 1330789 SIGMA70 STRONG,0.97765315,0.9870135,1,1,1,0.9870135
ECK120010262 TORCP FORWARD 1058056 SIGMA70 STRONG,0.9772415,0.82844454,1,1,1,0.9772415
ECK120010637 TORRP REVERSE 1057984 SIGMA70 STRONG,0.7969766,0.36786965,1,0,1,0.7969766
ECK120034354 TPIAP2 REVERSE 4111569 SIGMA70 STRONG,0.99378055,0.97677803,1,1,1,0.99378055
ECK120020514 TPPBP FORWARD 1712671 SIGMA70 STRONG,0.19184862,0.051263094,0,0,0,0.19184862
ECK120010683 TPXP REVERSE 1388844 SIGMA70 STRONG,0.99976104,0.9757818,1,1,1,0.99976104
ECK120010263 TREBP REVERSE 4466210 SIGMA70 STRONG,0.93466467,0.96193236,1,1,1,0.96193236
ECK120010485 TRERP1 REVERSE 4467271 SIGMA70 STRONG,0.65358114,0.5446729,1,1,1,0.65358114
ECK120009933 TRERP4 REVERSE 4467347 SIGMA70 STRONG,0.5179162,0.9128825,1,1,1,0.9128825
ECK120010323 TRPCP REVERSE 1319944 SIGMA70 STRONG,0.8843323,0.70611656,1,1,1,0.8843323
ECK120010144 TRPLP REVERSE 1323108 SIGMA70 STRONG,0.9897754,0.9988176,1,1,1,0.9988176
ECK120026305 TRPSP REVERSE 3513697 SIGMA70 STRONG,0.9808677,0.9231299,1,1,1,0.9808677
ECK120010423 TRXAP1 FORWARD 3965647 SIGMA70 STRONG,0.10178323,0.06478633,0,0,0,0.10178323
ECK120010424 TRXAP2 FORWARD 3965687 SIGMA70 STRONG,0.00935183,0.30215102,0,0,0,0.30215102
ECK120009945 TRXCP FORWARD 2718675 SIGMA70 STRONG,0.987548,0.48142835,1,0,1,0.987548
ECK120010294 TSXP1 REVERSE 432245 SIGMA70 STRONG,0.9991685,0.9991561,1,1,1,0.9991685
ECK120010293 TSXP2 REVERSE 432091 SIGMA70 STRONG,0.99710757,0.95747185,1,1,1,0.99710757
ECK120033678 TUFAP1 REVERSE 3471724 SIGMA70 STRONG,0.80640453,0.50174326,1,1,1,0.80640453
ECK125135013 TUFAP2 REVERSE 3471583 SIGMA70 STRONG,0.99888426,0.99011374,1,1,1,0.99888426
ECK125162184 TYNAP1 REVERSE 1451409 SIGMA70 STRONG,0.9964952,0.9924992,1,1,1,0.9964952
ECK125137947 TYPAP6 FORWARD 4058380 SIGMA70 STRONG,0.99080503,0.97395736,1,1,1,0.99080503
ECK120010158 TYRPP1 FORWARD 1989645 SIGMA70 STRONG,0.017184382,0.08565803,0,0,0,0.08565803
ECK120010145 TYRRP FORWARD 1386692 SIGMA70 STRONG,0.94781506,0.9352304,1,1,1,0.94781506
ECK120010190 UBIGP FORWARD 2339539 SIGMA70 STRONG,0.997875,0.9945205,1,1,1,0.997875
ECK120010197 UDPP FORWARD 4016391 SIGMA70 STRONG,0.9658559,0.9927354,1,1,1,0.9927354
ECK120010395 UGPBP1 REVERSE 3592378 SIGMA70 STRONG,0.35581857,0.594825,0,1,1,0.594825
ECK120010396 UGPBP2 REVERSE 3592426 SIGMA70 STRONG,0.9889314,0.9973475,1,1,1,0.9973475
ECK120010193 UHPTP REVERSE 3847198 SIGMA70 STRONG,0.9945293,0.981108,1,1,1,0.9945293
ECK120010067 ULAAP FORWARD 4419927 SIGMA70 STRONG,0.9685346,0.9893979,1,1,1,0.9893979
ECK120010238 UMUDP FORWARD 1230738 SIGMA70 STRONG,0.68792224,0.4015349,1,0,1,0.68792224
ECK120010532 UPPP REVERSE 2620909 SIGMA70 STRONG,0.8421217,0.27247024,1,0,1,0.8421217
ECK120010398 USPAP1 FORWARD 3639983 SIGMA70 STRONG,0.5600726,0.7060932,1,1,1,0.7060932
ECK120011023 UVRAP REVERSE 4273936 SIGMA70 STRONG,0.15756607,0.09018846,0,0,0,0.15756607
ECK120048891 UVRBP1 FORWARD 813493 SIGMA70 STRONG,0.99266326,0.9039281,1,1,1,0.99266326
ECK120011024 UVRBP2 FORWARD 813462 SIGMA70 STRONG,0.99383885,0.92923844,1,1,1,0.99383885
ECK120010306 UVRBP3 FORWARD 813152 SIGMA70 STRONG,0.8718026,0.91051024,1,1,1,0.91051024
ECK120010343 UVRCP3 REVERSE 1994879 SIGMA70 STRONG,0.23765518,0.5767078,0,1,1,0.5767078
ECK120010146 UVRDP1 FORWARD 3997907 SIGMA70 STRONG,0.9997482,0.9009143,1,1,1,0.9997482
ECK120010344 UVRYP2 REVERSE 1995406 SIGMA70 STRONG,0.12340082,0.42323887,0,0,0,0.42323887
ECK125134713 UXABP REVERSE 1610720 SIGMA70 STRONG,0.055817183,0.23855367,0,0,0,0.23855367
ECK120010620 UXUAP FORWARD 4551518 SIGMA70 STRONG,0.4983326,0.5411346,0,1,1,0.5411346
ECK120010450 VALSP1 REVERSE 4483927 SIGMA70 STRONG,0.96880686,0.93478113,1,1,1,0.96880686
ECK120010590 VALVP FORWARD 1746415 SIGMA70 STRONG,0.9923592,0.99262625,1,1,1,0.99262625
ECK120015161 WAAAP1 FORWARD 3808516 SIGMA70 STRONG,0.9908454,0.98310626,1,1,1,0.9908454
ECK120015162 WAAAP2 FORWARD 3808256 SIGMA70 STRONG,0.9856676,0.95485723,1,1,1,0.9856676
ECK125095189 WAAYP REVERSE 3801136 SIGMA70 STRONG,0.9990258,0.8260546,1,1,1,0.9990258
ECK120010257 WZAP REVERSE 2137583 SIGMA70 STRONG,0.29030222,0.9102233,0,1,1,0.9102233
ECK120010710 XAPAP REVERSE 2524910 SIGMA70 STRONG,0.9506798,0.53328097,1,1,1,0.9506798
ECK120010631 XAPRP1 REVERSE 2522505 SIGMA70 STRONG,0.9803964,0.99489236,1,1,1,0.99489236
ECK120010632 XAPRP2 REVERSE 2522563 SIGMA70 STRONG,0.9938677,0.8011452,1,1,1,0.9938677
ECK120010731 XSEAP FORWARD 2634197 SIGMA70 STRONG,0.99428815,0.98198974,1,1,1,0.99428815
ECK120015468 YACCP REVERSE 136940 SIGMA70 STRONG,0.9961551,0.98431015,1,1,1,0.9961551
ECK120033681 YAFNP FORWARD 251969 SIGMA70 STRONG,0.9999566,0.9983858,1,1,1,0.9999566
ECK125203430 YAJGP REVERSE 454210 SIGMA70 STRONG,0.5519162,0.1556015,1,0,1,0.5519162
ECK125136516 YBBLP6 FORWARD 515892 SIGMA70 STRONG,0.9869027,0.97489727,1,1,1,0.9869027
ECK125136558 YBDLP3 FORWARD 633557 SIGMA70 STRONG,0.99895287,0.96657646,1,1,1,0.99895287
ECK125203420 YBHLP FORWARD 819858 SIGMA70 STRONG,0.99754924,0.9898921,1,1,1,0.99754924
ECK120009922 YBJCP FORWARD 890892 SIGMA70 STRONG,0.9898191,0.6569553,1,1,1,0.9898191
ECK120030645 YCARP FORWARD 970642 SIGMA70 STRONG,0.69413656,0.63077176,1,1,1,0.69413656
ECK120029861 YCCAP REVERSE 1031443 SIGMA70 STRONG,0.54159135,0.97604454,1,1,1,0.97604454
ECK120035124 YCDTP FORWARD 1092841 SIGMA70 STRONG,0.8045411,0.9969777,1,1,1,0.9969777
ECK125136774 YCFDP4 REVERSE 1188267 SIGMA70 STRONG,0.98284507,0.79003716,1,1,1,0.98284507
ECK120029862 YCFSP REVERSE 1170417 SIGMA70 STRONG,0.15181123,0.29628432,0,0,0,0.29628432
ECK120009902 YCHFP REVERSE 1257882 SIGMA70 STRONG,0.9994623,0.8424438,1,1,1,0.9994623
ECK120033032 YCHHP FORWARD 1258738 SIGMA70 STRONG,0.999315,0.9991092,1,1,1,0.999315
ECK120010693 YCHQP FORWARD 1266899 SIGMA70 STRONG,0.77134866,0.87086564,1,1,1,0.87086564
ECK125136974 YDENP REVERSE 1582554 SIGMA70 STRONG,0.9852704,0.87536997,1,1,1,0.9852704
ECK120033717 YDEPP REVERSE 1586664 SIGMA70 STRONG,0.99859875,0.9971144,1,1,1,0.99859875
ECK120033252 YEARP REVERSE 1879994 SIGMA70 STRONG,0.96854055,0.8342494,1,1,1,0.96854055
ECK120029864 YEBEP REVERSE 1929732 SIGMA70 STRONG,0.23636048,0.022433454,0,0,0,0.23636048
ECK125137139 YEBKP2 FORWARD 1936590 SIGMA70 STRONG,0.99640274,0.19372433,1,0,1,0.99640274
ECK120035130 YEFMP REVERSE 2089733 SIGMA70 STRONG,0.955291,0.86749756,1,1,1,0.955291
ECK120048892 YEGRP REVERSE 2168349 SIGMA70 STRONG,0.9809192,0.99120516,1,1,1,0.99120516
ECK125137277 YEIQP6 FORWARD 2266214 SIGMA70 STRONG,0.9970094,0.9922276,1,1,1,0.9970094
ECK120034266 YEITP FORWARD 2233989 SIGMA70 STRONG,0.99569404,0.9950177,1,1,1,0.99569404
ECK125137341 YFCJP2 REVERSE 2440241 SIGMA70 STRONG,0.008769268,0.08655177,0,0,0,0.08655177
ECK120033723 YFDXP REVERSE 2494433 SIGMA70 STRONG,0.9423671,0.88121206,1,1,1,0.9423671
ECK125137396 YFGGP5 FORWARD 2629252 SIGMA70 STRONG,0.9964916,0.8750484,1,1,1,0.9964916
ECK125203421 YFIRP FORWARD 2741824 SIGMA70 STRONG,0.9981426,0.9881017,1,1,1,0.9981426
ECK125160781 YGFBP REVERSE 3055473 SIGMA70 STRONG,0.9997116,0.98523813,1,1,1,0.9997116
ECK125137560 YGGLP2 REVERSE 3102250 SIGMA70 STRONG,0.85624033,0.7693839,1,1,1,0.85624033
ECK125137648 YHAHP8 FORWARD 3252263 SIGMA70 STRONG,0.9950872,0.9591956,1,1,1,0.9950872
ECK125137726 YHDHP6 FORWARD 3403446 SIGMA70 STRONG,0.746009,0.95298517,1,1,1,0.95298517
ECK120016965 YHDTP FORWARD 3407351 SIGMA70 STRONG,0.92664075,0.8086092,1,1,1,0.92664075
ECK120010574 YHFAP REVERSE 3485951 SIGMA70 STRONG,0.8432258,0.75587577,1,1,1,0.8432258
ECK120030787 YHJAP REVERSE 3669261 SIGMA70 STRONG,0.90749246,0.8772544,1,1,1,0.90749246
ECK125203425 YHJRP REVERSE 3696364 SIGMA70 STRONG,0.9937505,0.99152327,1,1,1,0.9937505
ECK125145772 YHJXP REVERSE 3712043 SIGMA70 STRONG,0.7833298,0.31147856,1,0,1,0.7833298
ECK120010706 YIAJP REVERSE 3742618 SIGMA70 STRONG,0.62481886,0.59580076,1,1,1,0.62481886
ECK120010752 YIAKP FORWARD 3742674 SIGMA70 STRONG,0.98525083,0.941329,1,1,1,0.98525083
ECK125203417 YIBNP REVERSE 3785195 SIGMA70 STRONG,0.68701553,0.12787232,1,0,1,0.68701553
ECK120048896 YIFLP FORWARD 3994492 SIGMA70 STRONG,0.40843937,0.34386677,0,0,0,0.40843937
ECK125109810 YIHIP FORWARD 4051308 SIGMA70 STRONG,0.9929663,0.96931106,1,1,1,0.9929663
ECK125137950 YIHLP4 FORWARD 4060419 SIGMA70 STRONG,0.8488057,0.88225114,1,1,1,0.88225114
ECK120029972 YJBEP1 FORWARD 4235858 SIGMA70 STRONG,0.14773569,0.16086866,0,0,0,0.16086866
ECK125135019 YJBEP2 FORWARD 4235872 SIGMA70 STRONG,0.19800775,0.34804013,0,0,0,0.34804013
ECK120010774 YJEFP1 FORWARD 4393677 SIGMA70 STRONG,0.99826694,0.89461154,1,1,1,0.99826694
ECK120010775 YJEFP2 FORWARD 4393937 SIGMA70 STRONG,0.9824059,0.97395736,1,1,1,0.9824059
ECK120010776 YJEFP3 FORWARD 4394035 SIGMA70 STRONG,0.027047459,0.08840474,0,0,0,0.08840474
ECK120049216 YJEVP FORWARD 4392736 SIGMA70 STRONG,0.22116451,0.61963356,0,1,1,0.61963356
ECK120034380 YJJQP FORWARD 4603319 SIGMA70 STRONG,0.9986185,0.99947053,1,1,1,0.99947053
ECK125138124 YJJXP5 REVERSE 4633773 SIGMA70 STRONG,0.98380035,0.78626823,1,1,1,0.98380035
ECK125095198 YJJZP FORWARD 4605777 SIGMA70 STRONG,0.9997002,0.9672276,1,1,1,0.9997002
ECK125095433 YKGRP REVERSE 313285 SIGMA70 STRONG,0.95718175,0.8522524,1,1,1,0.95718175
ECK125136788 YMFJP10 REVERSE 1202184 SIGMA70 STRONG,0.9860032,0.5765105,1,1,1,0.9860032
ECK125203422 YMIAP FORWARD 1335090 SIGMA70 STRONG,0.98418105,0.9572814,1,1,1,0.98418105
ECK125136980 YNEJP5 FORWARD 1614780 SIGMA70 STRONG,0.9690196,0.8122226,1,1,1,0.9690196
ECK125108720 YNEMP FORWARD 1622588 SIGMA70 STRONG,0.95021516,0.81872994,1,1,1,0.95021516
ECK120010974 YNFEP FORWARD 1658003 SIGMA70 STRONG,0.9952142,0.9940562,1,1,1,0.9952142
ECK120034389 YOAEP REVERSE 1901772 SIGMA70 STRONG,0.64119136,0.5088281,1,1,1,0.64119136
ECK125095434 YOBFP1 REVERSE 1907793 SIGMA70 STRONG,0.9967589,0.97226936,1,1,1,0.9967589
ECK125109861 YQHDP FORWARD 3155302 SIGMA70 STRONG,0.35857952,0.31961623,0,0,0,0.35857952
ECK120029867 YQJAP1 FORWARD 3247548 SIGMA70 STRONG,0.19548544,0.07486109,0,0,0,0.19548544
ECK120030204 YRBGP FORWARD 3340211 SIGMA70 STRONG,0.9331199,0.5101923,1,1,1,0.9331199
ECK120051397 YRBNP REVERSE 3308086 SIGMA70 STRONG,0.19765009,0.058598664,0,0,0,0.19765009
ECK120015956 ZINTP FORWARD 2041346 SIGMA70 STRONG,0.9660831,0.97208226,1,1,1,0.97208226
ECK120010036 ZNTAP FORWARD 3606422 SIGMA70 STRONG,0.99577856,0.97518253,1,1,1,0.99577856
ECK120010035 ZNUCP FORWARD 1942634 SIGMA70 STRONG,0.9984792,0.9904964,1,1,1,0.9984792
ECK120010259 ZWFP REVERSE 1936376 SIGMA70 STRONG,0.73651487,0.8500845,1,1,1,0.8500845
ECK125135056 AAERP FORWARD 3389496 STRONG,0.99919134,0.9982663,1,1,1,0.99919134
ECK125135055 AAEXP REVERSE 3389430 STRONG,0.67344666,0.98722607,1,1,1,0.98722607
ECK125203427 ACCAP2 FORWARD 208326 STRONG,0.929972,0.8577146,1,1,1,0.929972
ECK125203428 ACCBP2 FORWARD 3405172 STRONG,0.99394506,0.9747551,1,1,1,0.99394506
ECK120034214 ACNAP3 FORWARD 1335827 STRONG,0.6553985,0.17809774,1,0,1,0.6553985
ECK120034394 ACNBP2 FORWARD 131564 STRONG,0.50777155,0.9581857,1,1,1,0.9581857
ECK120034418 ACRBP REVERSE 484685 STRONG,0.009628904,0.10301139,0,0,0,0.10301139
ECK120010778 ADIYP REVERSE 4338042 STRONG,0.9959156,0.9518233,1,1,1,0.9959156
ECK120010079 AESP REVERSE 500051 STRONG,0.03790138,0.20694745,0,0,0,0.20694745
ECK120015381 AGPP FORWARD 1065559 STRONG,0.8109223,0.9908702,1,1,1,0.9908702
ECK125160648 AGRAP FORWARD 3648063 STRONG,0.98212284,0.9890844,1,1,1,0.9890844
ECK125160649 AGRBP FORWARD 3648294 STRONG,0.99124557,0.9644191,1,1,1,0.99124557
ECK120010371 ALASP REVERSE 2822090 STRONG,0.97971743,0.9874889,1,1,1,0.9874889
ECK120015391 ALLAP FORWARD 532390 STRONG,0.99586797,0.9896819,1,1,1,0.99586797
ECK120015392 ALLSP REVERSE 532300 STRONG,0.35632506,0.75202715,0,1,1,0.75202715
ECK120034362 ALRP1 FORWARD 4265589 STRONG,0.6638014,0.8978248,1,1,1,0.8978248
ECK120034363 ALRP2 FORWARD 4265652 STRONG,0.58395517,0.65807676,1,1,1,0.65807676
ECK120010346 AMNP1 FORWARD 2055031 STRONG,0.98848104,0.990524,1,1,1,0.990524
ECK125135024 AMPD FORWARD 118703 STRONG,0.9624474,0.98196316,1,1,1,0.98196316
ECK120034406 AMPHP1 REVERSE 396363 STRONG,0.9965192,0.9364025,1,1,1,0.9965192
ECK120034407 AMPHP2 REVERSE 396319 STRONG,0.9973483,0.99716455,1,1,1,0.9973483
ECK120010377 ANSBP1 REVERSE 3100790 STRONG,0.99134916,0.9760356,1,1,1,0.99134916
ECK120010072 APAGP REVERSE 52034 STRONG,0.98893565,0.94606733,1,1,1,0.98893565
ECK120010559 APPAP FORWARD 1040599 STRONG,0.035439968,0.25387475,0,0,0,0.25387475
ECK120034317 ARCBP REVERSE 3353049 STRONG,0.99764997,0.98789924,1,1,1,0.99764997
ECK120033251 ARCZP FORWARD 3350577 STRONG,0.99314004,0.9931896,1,1,1,0.9931896
ECK120010436 ARGEP2 REVERSE 4155078 STRONG,0.17361952,0.1369384,0,0,0,0.17361952
ECK120009881 ARGPP FORWARD 3059730 STRONG,0.7873442,0.47441542,1,0,1,0.7873442
ECK120010389 ARGRP2 FORWARD 3384602 STRONG,0.99160624,0.9831297,1,1,1,0.99160624
ECK125165406 AROLP2 FORWARD 406355 STRONG,0.9943967,0.992262,1,1,1,0.9943967
ECK125203419 ASCBP FORWARD 2840942 STRONG,0.39195776,0.10301918,0,0,0,0.39195776
ECK120010300 ASNBP REVERSE 699222 STRONG,0.6238603,0.42582986,1,0,1,0.6238603
ECK120034193 ASNSP REVERSE 989044 STRONG,0.9971686,0.39683947,1,0,1,0.9971686
ECK120010311 ASPCP REVERSE 985743 STRONG,0.9956298,0.99043137,1,1,1,0.9956298
ECK120015413 ASPSP REVERSE 1950617 STRONG,0.9999181,0.98998976,1,1,1,0.9999181
ECK120034251 ASPSP1 REVERSE 1950701 STRONG,0.99108034,0.4385006,1,0,1,0.99108034
ECK120010416 ATPBP1 REVERSE 3922270 STRONG,0.5653129,0.7159427,1,1,1,0.7159427
ECK120010415 ATPBP2 REVERSE 3922134 STRONG,0.040981416,0.0316474,0,0,0,0.040981416
ECK120034333 AVTAP FORWARD 3739674 STRONG,0.9368437,0.98358077,1,1,1,0.98358077
ECK120015158 BDMP REVERSE 1556340 STRONG,0.33502084,0.5628801,0,1,1,0.5628801
ECK120034280 BEPAP2 FORWARD 2616026 STRONG,0.9876779,0.9904889,1,1,1,0.9904889
ECK120010045 BGLGP REVERSE 3906697 STRONG,0.9750328,0.9128078,1,1,1,0.9750328
ECK125165401 BGLGP2 REVERSE 3906717 STRONG,0.9344575,0.81888676,1,1,1,0.9344575
ECK125135057 BIOHP REVERSE 3544858 STRONG,0.53680146,0.65839964,1,1,1,0.65839964
ECK120051396 BLRP FORWARD 1704512 STRONG,0.99189067,0.7536279,1,1,1,0.99189067
ECK120015398 BORDP REVERSE 578921 STRONG,0.9837515,0.9903204,1,1,1,0.9903204
ECK120034411 BRNQP FORWARD 419488 STRONG,0.82305074,0.7106669,1,1,1,0.82305074
ECK120010027 CDARP FORWARD 182447 STRONG,0.9815182,0.9454445,1,1,1,0.9815182
ECK120010428 CDHPFORWARD 4109907 STRONG,0.95935327,0.9699894,1,1,1,0.9699894
ECK120010651 CHBBP REVERSE 1821726 STRONG,0.99840873,0.99140525,1,1,1,0.99840873
ECK125095196 CHIPP FORWARD 708236 STRONG,0.9725999,0.9225495,1,1,1,0.9725999
ECK120034438 CITCP1 REVERSE 651952 STRONG,0.07846368,0.60709316,0,1,1,0.60709316
ECK125095193 CITCP2 REVERSE 652039 STRONG,0.84337014,0.7981793,1,1,1,0.84337014
ECK120010539 CLPAP3 FORWARD 923210 STRONG,0.0769996,0.6038172,0,1,1,0.6038172
ECK120010513 CLPPP2 FORWARD 456646 STRONG,0.29417843,0.6161484,0,1,1,0.6161484
ECK120010623 CLSAP REVERSE 1308673 STRONG,0.9953961,0.98884636,1,1,1,0.9953961
ECK120034198 CLSCP FORWARD 1106292 STRONG,0.9973416,0.9887052,1,1,1,0.9973416
ECK120010718 CMRP FORWARD 883649 STRONG,0.9114133,0.9605849,1,1,1,0.9605849
ECK120035112 CMRP2 FORWARD 883569 STRONG,0.9042392,0.69556504,1,1,1,0.9042392
ECK120034943 COAAP REVERSE 4175107 STRONG,0.99712557,0.9783936,1,1,1,0.99712557
ECK125135036 COMRP REVERSE 1168844 STRONG,0.26106048,0.686067,0,1,1,0.686067
ECK120034301 CPTBP REVERSE 3041099 STRONG,0.9994567,0.99794453,1,1,1,0.9994567
ECK120034937 CREDP FORWARD 4638160 STRONG,0.983441,0.9743128,1,1,1,0.983441
ECK120030656 CRPP2 FORWARD 3486031 STRONG,0.20183873,0.5678814,0,1,1,0.5678814
ECK120010358 CRRP2 FORWARD 2535480 STRONG,0.9421826,0.88286084,1,1,1,0.9421826
ECK120010104 CSPBP REVERSE 1641715 STRONG,0.99354327,0.5618848,1,1,1,0.99354327
ECK120010105 CSPGP FORWARD 1051305 STRONG,0.98863435,0.8986156,1,1,1,0.98863435
ECK120010103 CSPIP REVERSE 1638812 STRONG,0.97573835,0.46118042,1,0,1,0.97573835
ECK125145773 CSPIP2 REVERSE 1638712 STRONG,0.67293257,0.12605228,1,0,1,0.67293257
ECK120010046 CSRCP FORWARD 4051036 STRONG,0.9966723,0.96509373,1,1,1,0.9966723
ECK120009947 CUEOP FORWARD 137045 STRONG,0.9321041,0.7757154,1,1,1,0.9321041
ECK120010352 CVPAP2 REVERSE 2430770 STRONG,0.90704626,0.56163615,1,1,1,0.90704626
ECK120030658 CYAAP1 FORWARD 3990790 STRONG,0.82589775,0.81831473,1,1,1,0.82589775
ECK120034374 CYCAP FORWARD 4429780 STRONG,0.999767,0.9865442,1,1,1,0.999767
ECK120010401 CYSEP REVERSE 3782681 STRONG,0.9069079,0.44134977,1,0,1,0.9069079
ECK120015377 CYSGP2 FORWARD 3497793 STRONG,0.029044643,0.26085544,0,0,0,0.26085544
ECK120034275 CYSKP2 FORWARD 2532344 STRONG,0.7663132,0.96407074,1,1,1,0.96407074
ECK120020516 CYSSP FORWARD 554577 STRONG,0.9783051,0.9655477,1,1,1,0.9783051
ECK125165405 DCUAP2 REVERSE 4366951 STRONG,0.99201125,0.9894834,1,1,1,0.99201125
ECK120010034 DCUBP2 REVERSE 4349091 STRONG,0.7347881,0.8216868,1,1,1,0.8216868
ECK120009898 DCUCP REVERSE 656083 STRONG,0.035903897,0.07571185,0,0,0,0.07571185
ECK120034253 DCYDP REVERSE 1999508 STRONG,0.9739677,0.7990409,1,1,1,0.9739677
ECK120034319 DEGQP1 FORWARD 3380654 STRONG,0.9524168,0.96529526,1,1,1,0.96529526
ECK120034336 DFPP FORWARD 3812703 STRONG,0.08805176,0.3125,0,0,0,0.3125
ECK120034359 DGKAP FORWARD 4256608 STRONG,0.99883264,0.99887305,1,1,1,0.99887305
ECK125135061 DGKAP1 FORWARD 4256457 STRONG,0.9973151,0.9569849,1,1,1,0.9973151
ECK120030651 DGTP1 FORWARD 179196 STRONG,0.9148311,0.8214124,1,1,1,0.9148311
ECK120030652 DGTP2 FORWARD 179214 STRONG,0.9500107,0.9345869,1,1,1,0.9500107
ECK120035102 DINDP FORWARD 3817699 STRONG,0.54981655,0.21458991,1,0,1,0.54981655
ECK120033650 DKSAP1 REVERSE 160722 STRONG,0.15541762,0.1635471,0,0,0,0.1635471
ECK120010411 DNAAP1 REVERSE 3883961 STRONG,0.99970835,0.9962153,1,1,1,0.99970835
ECK120034361 DNABP FORWARD 4264283 STRONG,0.901039,0.2125374,1,0,1,0.901039
ECK120010286 DNAQP1 FORWARD 235934 STRONG,0.46224797,0.046910845,0,0,0,0.46224797
ECK120010287 DNAQP2 FORWARD 236017 STRONG,0.45461798,0.62289333,0,1,1,0.62289333
ECK120016946 DNATP REVERSE 4601615 STRONG,0.96926796,0.6901111,1,1,1,0.96926796
ECK120030216 DNAXP FORWARD 492056 STRONG,0.9794404,0.86267084,1,1,1,0.9794404
ECK125095195 DPIBP2 FORWARD 652172 STRONG,0.9995204,0.992577,1,1,1,0.9995204
ECK120051394 DSBGP REVERSE 638800 STRONG,0.011448099,0.058472898,0,0,0,0.058472898
ECK125135045 DUSCP REVERSE 2230395 STRONG,0.776313,0.7484605,1,1,1,0.776313
ECK120034311 EBGRP FORWARD 3221437 STRONG,0.99563897,0.9876709,1,1,1,0.99563897
ECK120010339 EDAP1 REVERSE 1933109 STRONG,0.3719382,0.3055218,0,0,0,0.3719382
ECK120010338 EDAP2 REVERSE 1932799 STRONG,0.075416274,0.35577402,0,0,0,0.35577402
ECK120010337 EDAP3 REVERSE 1932784 STRONG,0.1821776,0.423178,0,0,0,0.423178
ECK120009944 EMRKP REVERSE 2483448 STRONG,0.073974974,0.25308374,0,0,0,0.25308374
ECK120030667 ENOP1 REVERSE 2908674 STRONG,0.09889824,0.23973128,0,0,0,0.23973128
ECK120030668 ENOP2 REVERSE 2908702 STRONG,0.4180866,0.08820876,0,0,0,0.4180866
ECK120030669 ENOP3 REVERSE 2908846 STRONG,0.071987346,0.03233581,0,0,0,0.071987346
ECK120034296 ENOP6 REVERSE 2908018 STRONG,0.6036519,0.98794913,1,1,1,0.98794913
ECK120034370 EPMAP FORWARD 4382618 STRONG,0.9847147,0.9789665,1,1,1,0.9847147
ECK120020517 ERPAP FORWARD 176561 STRONG,0.9952791,0.72832125,1,1,1,0.9952791
ECK125095192 EXUTP1 FORWARD 3245043 STRONG,0.035776008,0.05160671,0,0,0,0.05160671
ECK120010209 EXUTP2 FORWARD 3245002 STRONG,0.31308234,0.28496066,0,0,0,0.31308234
ECK125160782 FABHP FORWARD 1148516 STRONG,0.9986939,0.9355925,1,1,1,0.9986939
ECK125203429 FABIP REVERSE 1351121 STRONG,0.95994663,0.1724066,1,0,1,0.95994663
ECK125109866 FADHP FORWARD 3231624 STRONG,0.99604875,0.991939,1,1,1,0.99604875
ECK120034287 FFHP REVERSE 2747853 STRONG,0.8649282,0.07431196,1,0,1,0.8649282
ECK120010504 FIMBP2 FORWARD 4540667 STRONG,0.94226855,0.9411892,1,1,1,0.94226855
ECK120010509 FKPAP2 REVERSE 3477499 STRONG,0.7905406,0.8978325,1,1,1,0.8978325
ECK120010354 FLKP FORWARD 2437912 STRONG,0.95174885,0.96745145,1,1,1,0.96745145
ECK120009880 FLDAP REVERSE 711521 STRONG,0.9945614,0.992935,1,1,1,0.9945614
ECK120034255 FLUP1 FORWARD 2071474 STRONG,0.28999722,0.7190849,0,1,1,0.7190849
ECK120034256 FLUP2 FORWARD 2071503 STRONG,0.3933755,0.26478404,0,0,0,0.3933755
ECK120034422 FOLDP REVERSE 557781 STRONG,0.9748243,0.8829367,1,1,1,0.9748243
ECK120034347 FREP1 FORWARD 4026443 STRONG,0.026360052,0.0040325816,0,0,0,0.026360052
ECK120034348 FREP2 FORWARD 4026485 STRONG,0.010718723,0.0011912606,0,0,0,0.010718723
ECK120033245 FTSLP1 FORWARD 90688 STRONG,0.26229703,0.69640726,0,1,1,0.69640726
ECK120033246 FTSLP2 FORWARD 91012 STRONG,0.1852166,0.20812455,0,0,0,0.20812455
ECK120010551 FTSZP2 FORWARD 105045 STRONG,0.2776746,0.8193477,0,1,1,0.8193477
ECK120010552 FTSZP3 FORWARD 104693 STRONG,0.99565494,0.9935726,1,1,1,0.99565494
ECK120010553 FTSZP4 FORWARD 104636 STRONG,0.996644,0.9917596,1,1,1,0.996644
ECK120035126 GADWP1 REVERSE 3664651 STRONG,0.98485607,0.99248886,1,1,1,0.99248886
ECK120035127 GADWP2 REVERSE 3664781 STRONG,0.7606957,0.8122984,1,1,1,0.8122984
ECK120010033 GALEP3 REVERSE 792177 STRONG,0.9966775,0.95017624,1,1,1,0.9966775
ECK120034260 GALFP REVERSE 2114351 STRONG,0.9960835,0.97059524,1,1,1,0.9960835
ECK125165947 GALKP REVERSE 790463 STRONG,0.03429226,0.44681564,0,0,0,0.44681564
ECK120015383 GALUP FORWARD 1291405 STRONG,0.95667034,0.8466699,1,1,1,0.95667034
ECK125141981 GAPAP6 FORWARD 1862247 STRONG,0.040219266,0.026868869,0,0,0,0.040219266
ECK120034262 GATZP REVERSE 2176432 STRONG,0.12766306,0.16327299,0,0,0,0.16327299
ECK120009919 GCDP2 REVERSE 141279 STRONG,0.023278093,0.032875232,0,0,0,0.032875232
ECK120010565 GLGCP2 REVERSE 3569455 STRONG,0.2698769,0.41485274,0,0,0,0.41485274
ECK120010570 GLNBP3 REVERSE 2687526 STRONG,0.025497284,0.27019298,0,0,0,0.27019298
ECK125109859 GLNDP REVERSE 188655 STRONG,0.5833626,0.97804046,1,1,1,0.97804046
ECK120010307 GLNHP1 REVERSE 848198 STRONG,0.98309016,0.99715686,1,1,1,0.99715686
ECK120010302 GLNSP1 FORWARD 706060 STRONG,0.61418897,0.25399855,1,0,1,0.61418897
ECK120010712 GLPEP REVERSE 3561849 STRONG,0.91351914,0.83718306,1,1,1,0.91351914
ECK120010713 GLPGP REVERSE 3561480 STRONG,0.8865893,0.5392144,1,1,1,0.8865893
ECK120010714 GLPRP1 REVERSE 3560891 STRONG,0.06047846,0.4889963,0,0,0,0.4889963
ECK120010715 GLPRP2 REVERSE 3560756 STRONG,0.9647203,0.7886669,1,1,1,0.9647203
ECK120010304 GLTAP2 REVERSE 754670 STRONG,0.06340112,0.2630307,0,0,0,0.2630307
ECK120034400 GMHBP FORWARD 222806 STRONG,0.94334894,0.1413445,1,0,1,0.94334894
ECK120034230 GNSBP REVERSE 1637846 STRONG,0.93834406,0.97379005,1,1,1,0.97379005
ECK120010031 GNTRP3 REVERSE 3578862 STRONG,0.009532435,0.04582542,0,0,0,0.04582542
ECK120010032 GNTRP4 REVERSE 3578880 STRONG,0.13375778,0.04015603,0,0,0,0.13375778
ECK120010054 GNTTP2 FORWARD 3546446 STRONG,0.9993457,0.9836797,1,1,1,0.9993457
ECK120034366 GROLP1 FORWARD 4370783 STRONG,0.14891957,0.09166231,0,0,0,0.14891957
ECK120034367 GROLP2 FORWARD 4370873 STRONG,0.028352164,0.42711928,0,0,0,0.42711928
ECK120034368 GROLP3 FORWARD 4370976 STRONG,0.08712324,0.057382688,0,0,0,0.08712324
ECK120010760 GRXAP REVERSE 890776 STRONG,0.9582576,0.28605962,1,0,1,0.9582576
ECK120030210 GSPCP1 FORWARD 3455482 STRONG,0.99900466,0.99796885,1,1,1,0.99900466
ECK120034306 GSSP REVERSE 3138610 STRONG,0.9996793,0.9991105,1,1,1,0.9996793
ECK120034235 GSTAP FORWARD 1714327 STRONG,0.15932629,0.064470544,0,0,0,0.15932629
ECK120034433 GSTBP REVERSE 880519 STRONG,0.24009117,0.60378104,0,1,1,0.60378104
ECK120015166 HCAEP FORWARD 2668982 STRONG,0.016314946,0.074290134,0,0,0,0.074290134
ECK120015165 HCARP REVERSE 2668964 STRONG,0.17810659,0.6423743,0,1,1,0.6423743
ECK120010106 HCPPREVERSE 913845 STRONG,0.7022728,0.65313905,1,1,1,0.7022728
ECK120034234 HDHAP REVERSE 1698122 STRONG,0.8034242,0.8507196,1,1,1,0.8507196
ECK125135035 HELDP FORWARD 1024438 STRONG,0.18087162,0.4315013,0,0,0,0.4315013
ECK120010321 HEMAP2 FORWARD 1263583 STRONG,0.98908573,0.9876173,1,1,1,0.98908573
ECK120010747 HLYEP REVERSE 1230466 STRONG,0.9924737,0.9870301,1,1,1,0.9924737
ECK120034379 HOLDP FORWARD 4607781 STRONG,0.9965803,0.99895823,1,1,1,0.99895823
ECK120010726 HUPAP FORWARD 4200176 STRONG,0.9843285,0.94232655,1,1,1,0.9843285
ECK120010727 HUPBP1 FORWARD 461442 STRONG,0.77550876,0.7771172,1,1,1,0.7771172
ECK120010730 HUPBP4 FORWARD 461305 STRONG,0.09871581,0.03298169,0,0,0,0.09871581
ECK120010518 HYPBP FORWARD 2850839 STRONG,0.9970289,0.99867815,1,1,1,0.99867815
ECK120034431 IAAAP FORWARD 866537 STRONG,0.99237365,0.99040717,1,1,1,0.99237365
ECK125145774 IBAGP REVERSE 3336833 STRONG,0.9899038,0.6969927,1,1,1,0.9899038
ECK120010014 ICLRP REVERSE 4223652 STRONG,0.67269796,0.8508641,1,1,1,0.8508641
ECK120010039 IDNDP REVERSE 4494435 STRONG,0.35553873,0.896819,0,1,1,0.896819
ECK120030654 ILESP2 FORWARD 22034 STRONG,0.29308516,0.2771385,0,0,0,0.29308516
ECK120010421 ILVAP FORWARD 3955235 STRONG,0.26145956,0.65503824,0,1,1,0.65503824
ECK120010420 ILVEP3 FORWARD 3952388 STRONG,0.9116567,0.9397482,1,1,1,0.9397482
ECK120010279 ILVIP2 FORWARD 85540 STRONG,0.51984864,0.3522388,1,0,1,0.51984864
ECK120010331 INFCP REVERSE 1801346 STRONG,0.9996145,0.99612063,1,1,1,0.9996145
ECK120034252 INSA-5P REVERSE 1979226 STRONG,0.848296,0.45738238,1,0,1,0.848296
ECK120034205 IRAMP REVERSE 1212090 STRONG,0.9799487,0.94695324,1,1,1,0.9799487
ECK120034408 IRAPP2 FORWARD 401363 STRONG,0.9702912,0.91739285,1,1,1,0.9702912
ECK120034398 ISPUP1 FORWARD 194784 STRONG,0.9929652,0.975311,1,1,1,0.9929652
ECK120034399 ISPUP2 FORWARD 194901 STRONG,0.09723544,0.21454439,0,0,0,0.21454439
ECK120034419 KEFAP FORWARD 486492 STRONG,0.3731518,0.1563835,0,0,0,0.3731518
ECK120034341 KUPP1 FORWARD 3931103 STRONG,0.8681494,0.95074946,1,1,1,0.95074946
ECK120034342 KUPP2 FORWARD 3931181 STRONG,0.4768745,0.25125,0,0,0,0.4768745
ECK120034343 KUPP3 FORWARD 3931265 STRONG,0.014241933,0.010034817,0,0,0,0.014241933
ECK120010291 LACIP REVERSE 367538 STRONG,0.66278994,0.71435463,1,1,1,0.71435463
ECK120010041 LACZP2 REVERSE 366365 STRONG,0.8197454,0.9134779,1,1,1,0.9134779
ECK120030795 LDRDP REVERSE 3700272 STRONG,0.99648726,0.985365,1,1,1,0.99648726
ECK120034191 LDTDP FORWARD 980931 STRONG,0.9984706,0.9955545,1,1,1,0.9984706
ECK120010363 LEPAP REVERSE 2707196 STRONG,0.47044662,0.2100219,0,0,0,0.47044662
ECK125160647 LEUEP REVERSE 1880800 STRONG,0.98846287,0.9982374,1,1,1,0.9982374
ECK125141557 LEULP2 REVERSE 84024 STRONG,0.98651636,0.99217117,1,1,1,0.99217117
ECK125141555 LEUOP1 FORWARD 84154 STRONG,0.9086957,0.44259968,1,0,1,0.9086957
ECK125141556 LEUOP2 FORWARD 84304 STRONG,0.96574134,0.9835549,1,1,1,0.9835549
ECK120034274 LIGAP REVERSE 2530201 STRONG,0.0037499873,0.01144292,0,0,0,0.01144292
ECK120034426 LIPAP REVERSE 660301 STRONG,0.9962709,0.9590695,1,1,1,0.9962709
ECK120010555 LIVKP2 REVERSE 3597730 STRONG,0.7175904,0.8685498,1,1,1,0.8685498
ECK120010328 LPP FORWARD 1757383 STRONG,0.9986953,0.98486763,1,1,1,0.9986953
ECK120016585 LPPP2 FORWARD 1757296 STRONG,0.13008781,0.033455733,0,0,0,0.13008781
ECK120034392 LPXCP2 FORWARD 106530 STRONG,0.99251854,0.8520888,1,1,1,0.99251854
ECK120009843 LPXLP REVERSE 1116709 STRONG,0.9789756,0.35473284,1,0,1,0.9789756
ECK120034185 LTAEP REVERSE 909320 STRONG,0.9968592,0.94302946,1,1,1,0.9968592
ECK120035129 LUXSP2 REVERSE 2814816 STRONG,0.64832366,0.53500825,1,1,1,0.64832366
ECK120010078 MALZP FORWARD 422495 STRONG,0.19862013,0.88162214,0,1,1,0.88162214
ECK120034440 MARCP REVERSE 1618941 STRONG,0.97101235,0.9822772,1,1,1,0.9822772
ECK120034403 MATCP1 REVERSE 310119 STRONG,0.0085931765,0.033067275,0,0,0,0.033067275
ECK120034404 MATCP2 REVERSE 310076 STRONG,0.7665507,0.9816751,1,1,1,0.9816751
ECK120034195 MATPP FORWARD 1018459 STRONG,0.9958762,0.99223435,1,1,1,0.9958762
ECK120010734 MAZEP1 REVERSE 2911368 STRONG,0.99960726,0.9648433,1,1,1,0.99960726
ECK120010735 MAZEP2 REVERSE 2911355 STRONG,0.66404873,0.9165773,1,1,1,0.9165773
ECK125141453 MCASP REVERSE 1405751 STRONG,0.8923532,0.6553079,1,1,1,0.8923532
ECK125095190 MDHP2 REVERSE 3384470 STRONG,0.98203,0.9786209,1,1,1,0.98203
ECK120035109 MDTEP1 FORWARD 3659084 STRONG,0.37676305,0.4787934,0,0,0,0.4787934
ECK120035110 MDTEP2 FORWARD 3659140 STRONG,0.010574544,0.0034876775,0,0,0,0.010574544
ECK120034267 MEPSP FORWARD 2269920 STRONG,0.9680769,0.8751136,1,1,1,0.9680769
ECK125165404 MEPSP2 FORWARD 2269811 STRONG,0.99961495,0.9988457,1,1,1,0.99961495
ECK120015428 METEP FORWARD 4012884 STRONG,0.7326855,0.8235032,1,1,1,0.8235032
ECK120010433 METJP1 REVERSE 4128558 STRONG,0.9136459,0.9183402,1,1,1,0.9183402
ECK120015429 METRP1 REVERSE 4012855 STRONG,0.932695,0.98813033,1,1,1,0.98813033
ECK120010640 MGRBP REVERSE 1908792 STRONG,0.9694063,0.9713699,1,1,1,0.9713699
ECK120034196 MGSAP REVERSE 1027041 STRONG,0.9913669,0.981964,1,1,1,0.9913669
ECK120010542 MICLP2 REVERSE 1958986 STRONG,0.0523683,0.2990167,0,0,0,0.2990167
ECK120034339 MIOCP REVERSE 3926475 STRONG,0.9032099,0.17210971,1,0,1,0.9032099
ECK120034244 MIPAP REVERSE 1866506 STRONG,0.74520886,0.3103535,1,0,1,0.74520886
ECK120034271 MLAAP REVERSE 2465135 STRONG,0.99327224,0.97105765,1,1,1,0.99327224
ECK120009859 MOAAP1 FORWARD 816827 STRONG,0.87344646,0.7616492,1,1,1,0.87344646
ECK120009860 MOAAP2 FORWARD 816914 STRONG,0.9989718,0.9691985,1,1,1,0.9989718
ECK120015168 MOABP FORWARD 817977 STRONG,0.09274877,0.5146716,0,1,1,0.5146716
ECK120010690 MOBAP1 REVERSE 4042030 STRONG,0.073265366,0.010898816,0,0,0,0.073265366
ECK120010691 MOBAP2 REVERSE 4042121 STRONG,0.04902433,0.11758806,0,0,0,0.11758806
ECK120033222 MRAWP1 FORWARD 90010 STRONG,0.26250735,0.83096635,0,1,1,0.83096635
ECK120034329 MRCAP FORWARD 3522826 STRONG,0.99566144,0.59713966,1,1,1,0.99566144
ECK120034396 MRCBP FORWARD 164721 STRONG,0.6452438,0.35013792,1,0,1,0.6452438
ECK120030646 MREBP2 REVERSE 3401193 STRONG,0.6962301,0.17742188,1,0,1,0.6962301
ECK120034321 MSCLP FORWARD 3438001 STRONG,0.99884546,0.9991875,1,1,1,0.9991875
ECK120034303 MSCSP REVERSE 3069871 STRONG,0.99480116,0.9896841,1,1,1,0.99480116
ECK120010672 MSRAP REVERSE 4442261 STRONG,0.52605504,0.871779,1,1,1,0.871779
ECK120029974 MTRP1 REVERSE 3305932 STRONG,0.9198159,0.7128847,1,1,1,0.9198159
ECK120010083 MUTYP1 FORWARD 3102988 STRONG,0.37029117,0.2588169,0,0,0,0.37029117
ECK120010084 MUTYP2 FORWARD 3102911 STRONG,0.74338335,0.42119277,1,0,1,0.74338335
ECK120034429 NADAP FORWARD 782061 STRONG,0.65875775,0.6293063,1,1,1,0.65875775
ECK120015402 NAGAP REVERSE 703175 STRONG,0.04865484,0.23254895,0,0,0,0.23254895
ECK120010101 NANCP REVERSE 4539928 STRONG,0.984982,0.12868728,1,0,1,0.984982
ECK120020520 NAPFP3 REVERSE 2303695 STRONG,0.9996191,0.992384,1,1,1,0.9996191
ECK125135049 NARQP FORWARD 2585577 STRONG,0.7255095,0.49703154,1,0,1,0.7255095
ECK120030794 NEPIP REVERSE 3841771 STRONG,0.6772463,0.8662144,1,1,1,0.8662144
ECK120020518 NFUAP1 FORWARD 3545596 STRONG,0.888621,0.3875058,1,0,1,0.888621
ECK120010758 NIKRP FORWARD 3618537 STRONG,0.99773836,0.958082,1,1,1,0.99773836
ECK120029973 NLPAP REVERSE 3840017 STRONG,0.9853532,0.68784016,1,1,1,0.9853532
ECK120010699 NMPCP REVERSE 576870 STRONG,0.76042825,0.8859688,1,1,1,0.8859688
ECK120029473 NORRP REVERSE 2832307 STRONG,0.7010071,0.96252626,1,1,1,0.96252626
ECK120020521 NSRRP FORWARD 4406044 STRONG,0.9869953,0.8488217,1,1,1,0.9869953
ECK120010536 NUOAP1 REVERSE 2405335 STRONG,0.16020013,0.27600205,0,0,0,0.27600205
ECK120049218 OGTP REVERSE 1400284 STRONG,0.41294307,0.82474065,0,1,1,0.82474065
ECK120010573 OMPCP2 REVERSE 2312864 STRONG,0.99833906,0.89830035,1,1,1,0.99833906
ECK120010572 OMPCP3 REVERSE 2312887 STRONG,0.928693,0.45513833,1,0,1,0.928693
ECK120015406 OMPTP REVERSE 585665 STRONG,0.76170295,0.5185933,1,1,1,0.76170295
ECK120022344 OMPWP FORWARD 1313991 STRONG,0.9831518,0.91907346,1,1,1,0.9831518
ECK120022342 OMPXP2 FORWARD 850419 STRONG,0.98566365,0.99808383,1,1,1,0.99808383
ECK120021268 OMRAP REVERSE 2976189 STRONG,0.7455289,0.15699188,1,0,1,0.7455289
ECK120021267 OMRBP REVERSE 2976385 STRONG,0.99572766,0.93200284,1,1,1,0.99572766
ECK120010695 PAAZP REVERSE 1453670 STRONG,0.72126514,0.7941752,1,1,1,0.7941752
ECK120015404 PAGPP FORWARD 656526 STRONG,0.96022594,0.8517631,1,1,1,0.96022594
ECK120010353 PDXBP REVERSE 2437884 STRONG,0.55942166,0.38282543,1,0,1,0.55942166
ECK120026306 PDXHP REVERSE 1718034 STRONG,0.44013685,0.18004398,0,0,0,0.44013685
ECK120010725 PDXJP REVERSE 2701813 STRONG,0.6369962,0.811108,1,1,1,0.811108
ECK120034276 PDXKP1 REVERSE 2537319 STRONG,0.9902721,0.9850036,1,1,1,0.9902721
ECK120010290 PEPDP1 REVERSE 255809 STRONG,0.90435416,0.91935694,1,1,1,0.91935694
ECK120010289 PEPDP2 REVERSE 255776 STRONG,0.054170676,0.09114769,0,0,0,0.09114769
ECK120034194 PEPNP FORWARD 990591 STRONG,0.9664715,0.9814279,1,1,1,0.9814279
ECK120034350 PEPQP FORWARD 4031147 STRONG,0.06180592,0.037363283,0,0,0,0.06180592
ECK120020543 PEPTP FORWARD 1185823 STRONG,0.8023441,0.85151094,1,1,1,0.85151094
ECK120010462 PFLBP1 REVERSE 953579 STRONG,0.20408261,0.43283683,0,0,0,0.43283683
ECK120010463 PFLBP2 REVERSE 953641 STRONG,0.2611535,0.21302287,0,0,0,0.2611535
ECK120010464 PFLBP3 REVERSE 953741 STRONG,0.029654138,0.098393574,0,0,0,0.098393574
ECK120010465 PFLBP4 REVERSE 953851 STRONG,0.034864567,0.5214082,0,1,1,0.5214082
ECK120010466 PFLBP5 REVERSE 953925 STRONG,0.11321915,0.45729178,0,0,0,0.45729178
ECK120017002 PGAAP REVERSE 1092523 STRONG,0.7874996,0.72439855,1,1,1,0.7874996
ECK125109853 PGKP2 REVERSE 3072648 STRONG,0.023486203,0.10390947,0,0,0,0.10390947
ECK120010329 PHEMP REVERSE 1799301 STRONG,0.19905405,0.11213413,0,0,0,0.19905405
ECK120010624 PHOHP2 FORWARD 1084938 STRONG,0.56938493,0.37968445,1,0,1,0.56938493
ECK120010745 PHOPP2 REVERSE 1190508 STRONG,0.9565785,0.6843571,1,1,1,0.9565785
ECK120010705 PHRBP FORWARD 739421 STRONG,0.03675693,0.07294732,0,0,0,0.07294732
ECK120020544 PITAP FORWARD 3637612 STRONG,0.93839,0.9094032,1,1,1,0.93839
ECK120034376 PMBAP FORWARD 4457945 STRONG,0.99680746,0.9813349,1,1,1,0.99680746
ECK120010757 POLAP FORWARD 4046940 STRONG,0.20735386,0.22439167,0,0,0,0.22439167
ECK120033260 POTFP2 FORWARD 893634 STRONG,0.6555172,0.5233,1,1,1,0.6555172
ECK120034375 PPAP REVERSE 4449686 STRONG,0.99868184,0.9771005,1,1,1,0.99868184
ECK120010435 PPCPREVERSE 4153190 STRONG,0.05559575,0.34298074,0,0,0,0.34298074
ECK120034344 PPICP REVERSE 3959841 STRONG,0.99806374,0.98563945,1,1,1,0.99806374
ECK120034327 PRKBP FORWARD 3484311 STRONG,0.96150553,0.9494486,1,1,1,0.96150553
ECK120034409 PROCP REVERSE 405686 STRONG,0.99456644,0.9909594,1,1,1,0.99456644
ECK120030791 PSRDP FORWARD 1146589 STRONG,0.91338766,0.30668485,1,0,1,0.91338766
ECK120034248 PTRBP REVERSE 1928865 STRONG,0.17935428,0.7650259,0,1,1,0.7650259
ECK120009861 PTSGP1 FORWARD 1157766 STRONG,0.8705895,0.62986493,1,1,1,0.8705895
ECK120010314 PUTPP3 FORWARD 1079185 STRONG,0.09730812,0.21237056,0,0,0,0.21237056
ECK120010316 PUTPP5 FORWARD 1079291 STRONG,0.34812042,0.07684111,0,0,0,0.34812042
ECK125109858 PYKFP3 FORWARD 1755617 STRONG,0.03800921,0.045327473,0,0,0,0.045327473
ECK120034297 PYRGP REVERSE 2909713 STRONG,0.97614235,0.51594096,1,1,1,0.97614235
ECK120010373 PYRGP1 REVERSE 2909797 STRONG,0.22210518,0.69491684,0,1,1,0.69491684
ECK120010448 PYRLP1 REVERSE 4472745 STRONG,0.9333292,0.9733589,1,1,1,0.9733589
ECK120010447 PYRLP2 REVERSE 4472553 STRONG,0.9583313,0.7055966,1,1,1,0.9583313
ECK125135030 QMCAP REVERSE 515823 STRONG,0.9838194,0.85469,1,1,1,0.9838194
ECK120034360 QORP REVERSE 4264304 STRONG,0.8828796,0.88039917,1,1,1,0.8828796
ECK120010292 QUEAP FORWARD 424985 STRONG,0.998116,0.20686065,1,0,1,0.998116
ECK120034299 QUEFP FORWARD 2925321 STRONG,0.7191709,0.3763599,1,0,1,0.7191709
ECK120049217 QUEGP REVERSE 4394092 STRONG,0.9997894,0.9977354,1,1,1,0.9997894
ECK125165408 RALAP FORWARD 1413556 STRONG,0.7077533,0.9698756,1,1,1,0.9698756
ECK120034340 RAVAP REVERSE 3931128 STRONG,0.814035,0.017881142,1,0,1,0.814035
ECK120010404 RECFP1 REVERSE 3881841 STRONG,0.7347145,0.8692298,1,1,1,0.8692298
ECK120010405 RECFP2 REVERSE 3881861 STRONG,0.10453366,0.51591307,0,1,1,0.51591307
ECK120009995 RFADP2 FORWARD 3793896 STRONG,0.04909047,0.07817299,0,0,0,0.07817299
ECK120010425 RHOLP FORWARD 3966162 STRONG,0.9990945,0.99636865,1,1,1,0.9990945
ECK120034310 RIBBP REVERSE 3184718 STRONG,0.98965794,0.97261673,1,1,1,0.98965794
ECK120034377 RIDAP REVERSE 4470946 STRONG,0.060512368,0.021225503,0,0,0,0.060512368
ECK120015436 RIMJP FORWARD 1125522 STRONG,0.99899155,0.9593958,1,1,1,0.99899155
ECK120034432 RIMOP REVERSE 878070 STRONG,0.9947596,0.9837767,1,1,1,0.9947596
ECK120034298 RLMDP REVERSE 2915043 STRONG,0.4731665,0.18509528,0,0,0,0.4731665
ECK120034330 RLMJP FORWARD 3645350 STRONG,0.24035347,0.1184637,0,0,0,0.24035347
ECK120009915 RLMLP FORWARD 1007672 STRONG,0.99819285,0.99602,1,1,1,0.99819285
ECK125145767 RMFP FORWARD 1015657 STRONG,0.7674714,0.95476615,1,1,1,0.95476615
ECK120034425 RNAP REVERSE 645034 STRONG,0.96906024,0.90840906,1,1,1,0.96906024
ECK120034202 RNEP4 REVERSE 1144421 STRONG,0.011710512,0.015328563,0,0,0,0.015328563
ECK120010288 RNHAP REVERSE 236041 STRONG,0.27199677,0.1827396,0,0,0,0.27199677
ECK120010739 RNPBP REVERSE 3270592 STRONG,0.9991314,0.99884796,1,1,1,0.9991314
ECK120015489 ROBP REVERSE 4635353 STRONG,0.99968934,0.9805079,1,1,1,0.99968934
ECK120010628 RPEP REVERSE 3515153 STRONG,0.21250784,0.48715815,0,0,0,0.48715815
ECK120010402 RPHP1 REVERSE 3816580 STRONG,0.9520653,0.112198114,1,0,1,0.9520653
ECK120015378 RPIAP REVERSE 3059353 STRONG,0.9972499,0.99342924,1,1,1,0.9972499
ECK120010441 RPLJP FORWARD 4179623 STRONG,0.9958431,0.99569416,1,1,1,0.9958431
ECK120010440 RPLKP FORWARD 4178354 STRONG,0.6663072,0.9795623,1,1,1,0.9795623
ECK120010330 RPLTP REVERSE 1799763 STRONG,0.9994142,0.9847199,1,1,1,0.9994142
ECK120010696 RPMBP REVERSE 3811995 STRONG,0.997442,0.9839961,1,1,1,0.997442
ECK120034204 RPMFP FORWARD 1147338 STRONG,0.027232187,0.01274877,0,0,0,0.027232187
ECK120010413 RPMHP1 FORWARD 3884111 STRONG,0.093015976,0.804149,0,1,1,0.804149
ECK120010414 RPMHP2 FORWARD 3884237 STRONG,0.079582274,0.027559174,0,0,0,0.079582274
ECK120010412 RPMHP3 FORWARD 3884065 STRONG,0.30551377,0.17123029,0,0,0,0.30551377
ECK120010442 RPOBP FORWARD 4181063 STRONG,0.13371788,0.49891493,0,0,0,0.49891493
ECK120010692 RPOEP1A REVERSE 2710186 STRONG,0.29335204,0.8678212,0,1,1,0.8678212
ECK120034292 RPOSP1 REVERSE 2867567 STRONG,0.41927972,0.2950036,0,0,0,0.41927972
ECK120034293 RPOSP2 REVERSE 2867607 STRONG,0.16095874,0.17327845,0,0,0,0.17327845
ECK120034294 RPOSP3 REVERSE 2867654 STRONG,0.026795002,0.22242805,0,0,0,0.22242805
ECK120034295 RPOSP4 REVERSE 2867724 STRONG,0.039768957,0.06192875,0,0,0,0.06192875
ECK125135052 RPPHP REVERSE 2968993 STRONG,0.99617946,0.99070776,1,1,1,0.99617946
ECK120030792 RPRAP FORWARD 1770372 STRONG,0.9991749,0.79638034,1,1,1,0.9991749
ECK120010392 RPSLP REVERSE 3474621 STRONG,0.85688895,0.058054205,1,0,1,0.85688895
ECK120034322 RPSMP1 REVERSE 3442495 STRONG,0.011755647,0.039531365,0,0,0,0.039531365
ECK120010386 RPSOP REVERSE 3311786 STRONG,0.9984377,0.98811185,1,1,1,0.9984377
ECK120034378 RRABP2 FORWARD 4478445 STRONG,0.99784994,0.5156134,1,1,1,0.99784994
ECK120034427 RSFAP REVERSE 669072 STRONG,0.99784124,0.9984617,1,1,1,0.9984617
ECK120010070 RSMAP REVERSE 52588 STRONG,0.8469139,0.68457747,1,1,1,0.8469139
ECK120015399 RSTAP FORWARD 1682138 STRONG,0.93609023,0.7045638,1,1,1,0.93609023
ECK120016936 RSXAP FORWARD 1705755 STRONG,0.83998215,0.91550016,1,1,1,0.91550016
ECK120010341 RUVAP1 REVERSE 1946024 STRONG,0.2561955,0.08187592,0,0,0,0.2561955
ECK120030793 RYEAP FORWARD 1923066 STRONG,0.95034415,0.9698635,1,1,1,0.9698635
ECK120010347 SBCBP FORWARD 2082728 STRONG,0.48276153,0.8478139,0,1,1,0.8478139
ECK120034257 SBMCP1 REVERSE 2081325 STRONG,0.5679432,0.59121007,1,1,1,0.59121007
ECK120034258 SBMCP2 REVERSE 2081303 STRONG,0.1752553,0.25404224,0,0,0,0.25404224
ECK120030784 SECEP FORWARD 4177177 STRONG,0.35214132,0.6509483,0,1,1,0.6509483
ECK125108939 SELAP REVERSE 3761297 STRONG,0.005050688,0.029762127,0,0,0,0.029762127
ECK125108942 SELCP FORWARD 3836198 STRONG,0.9892771,0.9824086,1,1,1,0.9892771
ECK120033687 SELDP1 REVERSE 1848024 STRONG,0.012616517,0.39575952,0,0,0,0.39575952
ECK125165407 SERCP2 FORWARD 957579 STRONG,0.14516832,0.072630025,0,0,0,0.14516832
ECK120034188 SERSP FORWARD 939365 STRONG,0.9923878,0.9893078,1,1,1,0.9923878
ECK125165400 SFSBP FORWARD 3334858 STRONG,0.9974088,0.843608,1,1,1,0.9974088
ECK120035122 SIBCP FORWARD 3056851 STRONG,0.9988834,0.9921692,1,1,1,0.9988834
ECK120015400 SLYBP1 FORWARD 1719777 STRONG,0.99680966,0.9773522,1,1,1,0.99680966
ECK120015401 SLYBP2 FORWARD 1719748 STRONG,0.87218505,0.9758145,1,1,1,0.9758145
ECK120029526 SMFP REVERSE 3433686 STRONG,0.07273671,0.32335743,0,0,0,0.32335743
ECK120034200 SOLAP REVERSE 1120609 STRONG,0.9516967,0.9661428,1,1,1,0.9661428
ECK120010582 SRLRP FORWARD 2828860 STRONG,0.009207047,0.0014755391,0,0,0,0.009207047
ECK120032975 SROAP REVERSE 75608 STRONG,0.9992507,0.97260463,1,1,1,0.9992507
ECK120032983 SROHP REVERSE 4190487 STRONG,0.9976265,0.99607456,1,1,1,0.9976265
ECK120034285 SSEAP FORWARD 2652391 STRONG,0.44397742,0.30147552,0,0,0,0.44397742
ECK120034313 SSTTP FORWARD 3239863 STRONG,0.9878561,0.9212478,1,1,1,0.9878561
ECK120010483 STPAP3 REVERSE 2798578 STRONG,0.9633649,0.26888353,1,0,1,0.9633649
ECK120009876 SUGEP FORWARD 4376794 STRONG,0.013511616,0.004772705,0,0,0,0.013511616
ECK120034279 TALAP FORWARD 2578608 STRONG,0.2977197,0.048124515,0,0,0,0.2977197
ECK120034390 TALBP FORWARD 8191 STRONG,0.9993907,0.99760395,1,1,1,0.9993907
ECK120010711 TAUAP FORWARD 385205 STRONG,0.20585304,0.6455284,0,1,1,0.6455284
ECK120033675 TCYJP REVERSE 2000410 STRONG,0.98898166,0.8353109,1,1,1,0.98898166
ECK125229301 TCYPP FORWARD 1810882 STRONG,0.9781049,0.91902494,1,1,1,0.9781049
ECK120010189 TDCAP REVERSE 3267093 STRONG,0.96140647,0.9579886,1,1,1,0.96140647
ECK120016781 TEHAP FORWARD 1500536 STRONG,0.99577504,0.99170107,1,1,1,0.99577504
ECK120034416 TESBP REVERSE 475201 STRONG,0.988577,0.99581426,1,1,1,0.99581426
ECK120010627 TGTP FORWARD 426055 STRONG,0.99929476,0.9893645,1,1,1,0.99929476
ECK125138144 THIIP FORWARD 441468 STRONG,0.9746027,0.9886807,1,1,1,0.9886807
ECK120034264 THIMP REVERSE 2185451 STRONG,0.9862445,0.290576,1,0,1,0.9862445
ECK120016981 THRSP REVERSE 1802733 STRONG,0.98161745,0.71755946,1,1,1,0.98161745
ECK120034415 TIGP3 FORWARD 455122 STRONG,0.09082568,0.30137092,0,0,0,0.30137092
ECK120010980 TISBP FORWARD 3853337 STRONG,0.99996984,0.9986916,1,1,1,0.99996984
ECK120034304 TKTAP1 REVERSE 3081707 STRONG,0.06508473,0.048463833,0,0,0,0.06508473
ECK120035113 TOLCP1 FORWARD 3178004 STRONG,0.03441142,0.040161353,0,0,0,0.040161353
ECK120034232 TQSAP FORWARD 1673890 STRONG,0.9564302,0.7487445,1,1,1,0.9564302
ECK120034187 TRXBP REVERSE 932078 STRONG,0.99582326,0.9928785,1,1,1,0.99582326
ECK120034328 TSGAP FORWARD 3492519 STRONG,0.90375483,0.89356434,1,1,1,0.90375483
ECK120010342 TYRPP2 FORWARD 1989502 STRONG,0.13037539,0.5838066,0,1,1,0.5838066
ECK120026307 TYRSP1 REVERSE 1717269 STRONG,0.041752487,0.49767992,0,0,0,0.49767992
ECK120034236 TYRSP2 REVERSE 1717283 STRONG,0.27229738,0.14649805,0,0,0,0.27229738
ECK120034277 UCPAP1 REVERSE 2544664 STRONG,0.9653717,0.97807205,1,1,1,0.97807205
ECK120010064 UIDAP REVERSE 1696152 STRONG,0.031863797,0.21627915,0,0,0,0.21627915
ECK120010068 ULAGP REVERSE 4419675 STRONG,0.7479484,0.2326904,1,0,1,0.7479484
ECK120010301 UMPHP REVERSE 700352 STRONG,0.97715795,0.7316063,1,1,1,0.97715795
ECK120010364 UNGP FORWARD 2716738 STRONG,0.05944159,0.03709666,0,0,0,0.05944159
ECK120009879 UOFP REVERSE 710829 STRONG,0.9349579,0.84787655,1,1,1,0.9349579
ECK120010069 USGP REVERSE 2436890 STRONG,0.9915707,0.98877233,1,1,1,0.9915707
ECK120010525 USPAP2 FORWARD 3639998 STRONG,0.62114227,0.3024847,1,0,1,0.62114227
ECK120034220 USPEP REVERSE 1398659 STRONG,0.9984309,0.96222544,1,1,1,0.9984309
ECK120034222 USPFP REVERSE 1435641 STRONG,0.9962896,0.35601324,1,0,1,0.9962896
ECK120034424 USPGP REVERSE 641903 STRONG,0.99966395,0.8424092,1,1,1,0.99966395
ECK120010426 UVRDP2 FORWARD 3997971 STRONG,0.37875104,0.50517875,0,1,1,0.50517875
ECK125095191 UXACP1 REVERSE 3244843 STRONG,0.95492846,0.9926837,1,1,1,0.9926837
ECK120015160 WAAQP REVERSE 3808180 STRONG,0.0074495575,0.016002186,0,0,0,0.016002186
ECK120010746 XYLAP REVERSE 3730807 STRONG,0.8313288,0.6909907,1,1,1,0.8313288
ECK120010754 XYLFP FORWARD 3731069 STRONG,0.9963548,0.967644,1,1,1,0.9963548
ECK120010751 XYLRP FORWARD 3734906 STRONG,0.5429459,0.84321624,1,1,1,0.84321624
ECK120034395 YACLP FORWARD 134339 STRONG,0.980942,0.8343247,1,1,1,0.980942
ECK125135026 YAEPP REVERSE 214187 STRONG,0.17778999,0.9290083,0,1,1,0.9290083
ECK125135027 YAEQP FORWARD 214280 STRONG,0.45483992,0.6862739,0,1,1,0.6862739
ECK120034401 YAFVP REVERSE 240216 STRONG,0.9972631,0.993537,1,1,1,0.9972631
ECK120034402 YAFZP REVERSE 268026 STRONG,0.56192946,0.85330653,1,1,1,0.85330653
ECK120034405 YAHOP FORWARD 346432 STRONG,0.9347378,0.95035404,1,1,1,0.95035404
ECK120034410 YAIEP FORWARD 408148 STRONG,0.9947312,0.99462306,1,1,1,0.9947312
ECK125135028 YAIZP FORWARD 399454 STRONG,0.74502295,0.8569418,1,1,1,0.8569418
ECK120010625 YAJCP FORWARD 427205 STRONG,0.9888993,0.8762058,1,1,1,0.9888993
ECK120034412 YAJQP FORWARD 444658 STRONG,0.99812084,0.99163264,1,1,1,0.99812084
ECK120034413 YAJRP REVERSE 446687 STRONG,0.9559799,0.44085443,1,0,1,0.9559799
ECK120034420 YBALP REVERSE 503295 STRONG,0.9987093,0.8429076,1,1,1,0.9987093
ECK125135029 YBAQP FORWARD 508191 STRONG,0.04724935,0.043261334,0,0,0,0.04724935
ECK120009946 YBASP FORWARD 511573 STRONG,0.9965778,0.9914665,1,1,1,0.9965778
ECK120034421 YBBYP FORWARD 540359 STRONG,0.20211631,0.22831373,0,0,0,0.22831373
ECK120034423 YBDBP FORWARD 629292 STRONG,0.03910052,0.03319276,0,0,0,0.03910052
ECK120034428 YBELP FORWARD 674993 STRONG,0.9888285,0.98727965,1,1,1,0.9888285
ECK120016933 YBGIP1 FORWARD 742619 STRONG,0.07762435,0.06888912,0,0,0,0.07762435
ECK120016934 YBGIP2 FORWARD 742798 STRONG,0.984736,0.81634635,1,1,1,0.984736
ECK120033734 YBHCP REVERSE 807321 STRONG,0.2589296,0.46362498,0,0,0,0.46362498
ECK120034430 YBHQP FORWARD 824601 STRONG,0.9942457,0.98715276,1,1,1,0.9942457
ECK125135033 YBITP FORWARD 855947 STRONG,0.01385964,0.1863784,0,0,0,0.1863784
ECK120016183 YBISP REVERSE 855786 STRONG,0.42738846,0.5701,0,1,1,0.5701
ECK120015405 YBJGP REVERSE 883508 STRONG,0.9141166,0.44908482,1,0,1,0.9141166
ECK120034184 YBJQP FORWARD 904517 STRONG,0.99394304,0.6795024,1,1,1,0.99394304
ECK120034186 YBJXP REVERSE 919103 STRONG,0.87694734,0.856274,1,1,1,0.87694734
ECK120034190 YCBJP FORWARD 971672 STRONG,0.4953719,0.5917605,0,1,1,0.5917605
ECK120034192 YCBKP FORWARD 983023 STRONG,0.9844051,0.9941742,1,1,1,0.9941742
ECK125135034 YCCFP REVERSE 1024365 STRONG,0.33621955,0.95205826,0,1,1,0.95205826
ECK125135021 YCCTP REVERSE 1027837 STRONG,0.95368624,0.8188051,1,1,1,0.95368624
ECK120009844 YCEAP FORWARD 1116772 STRONG,0.98455644,0.8361267,1,1,1,0.98455644
ECK120010318 YCEDP1 FORWARD 1146649 STRONG,0.88014597,0.9660013,1,1,1,0.9660013
ECK120010319 YCEDP2 FORWARD 1146791 STRONG,0.99602026,0.9949143,1,1,1,0.99602026
ECK120034209 YCGBP REVERSE 1237285 STRONG,0.8580664,0.99591905,1,1,1,0.99591905
ECK120034207 YCGLP FORWARD 1227609 STRONG,0.34108895,0.9964051,0,1,1,0.9964051
ECK120034211 YCHJP REVERSE 1289177 STRONG,0.99328905,0.9818512,1,1,1,0.99328905
ECK120034212 YCIIP REVERSE 1310892 STRONG,0.9639346,0.9659245,1,1,1,0.9659245
ECK120034213 YCIVP FORWARD 1323188 STRONG,0.9982205,0.9768429,1,1,1,0.9982205
ECK120034218 YCJGP FORWARD 1388874 STRONG,0.27504703,0.3096092,0,0,0,0.3096092
ECK120034221 YDANP FORWARD 1408024 STRONG,0.17495222,0.08403755,0,0,0,0.17495222
ECK125135039 YDBJP FORWARD 1441029 STRONG,0.15745808,0.13643073,0,0,0,0.15745808
ECK125135038 YDBKP REVERSE 1440831 STRONG,0.022905042,0.040535092,0,0,0,0.040535092
ECK125135040 YDCIP REVERSE 1495134 STRONG,0.98203915,0.9618447,1,1,1,0.98203915
ECK120034224 YDCRP FORWARD 1509978 STRONG,0.8755771,0.5600947,1,1,1,0.8755771
ECK120034228 YDFGP FORWARD 1627491 STRONG,0.9978161,0.9982743,1,1,1,0.9982743
ECK120034229 YDFHP FORWARD 1628326 STRONG,0.99693835,0.9038227,1,1,1,0.99693835
ECK125135041 YDFKP FORWARD 1632723 STRONG,0.9721124,0.88762677,1,1,1,0.9721124
ECK120034233 YDGAP FORWARD 1689794 STRONG,0.99690527,0.89193153,1,1,1,0.99690527
ECK120016935 YDGKP FORWARD 1705207 STRONG,0.62184453,0.58830214,1,1,1,0.62184453
ECK120034240 YDIPP REVERSE 1779328 STRONG,0.9886607,0.9374659,1,1,1,0.9886607
ECK120020519 YDIUP REVERSE 1791254 STRONG,0.99517447,0.80228347,1,1,1,0.99517447
ECK125108940 YDJAP REVERSE 1848700 STRONG,0.30574116,0.8791011,0,1,1,0.8791011
ECK120034245 YEAGP2 FORWARD 1866765 STRONG,0.2242116,0.5713672,0,1,1,0.5713672
ECK120034246 YEALP FORWARD 1874323 STRONG,0.8324592,0.9115258,1,1,1,0.9115258
ECK125135044 YEAPP FORWARD 1877657 STRONG,0.70025194,0.53931445,1,1,1,0.70025194
ECK125165399 YECTP FORWARD 1961935 STRONG,0.9538885,0.91281813,1,1,1,0.9538885
ECK120034259 YEEEP REVERSE 2085552 STRONG,0.96107954,0.8111255,1,1,1,0.96107954
ECK120034261 YEGHP FORWARD 2137863 STRONG,0.91301465,0.8715436,1,1,1,0.91301465
ECK120034263 YEGTP FORWARD 2178781 STRONG,0.38871858,0.96534324,0,1,1,0.96534324
ECK125135048 YEIPP FORWARD 2265417 STRONG,0.92594063,0.42539605,1,0,1,0.92594063
ECK125135047 YEIWP REVERSE 2265330 STRONG,0.91831106,0.63326377,1,1,1,0.91831106
ECK125165402 YEJGP REVERSE 2278277 STRONG,0.8831141,0.6020161,1,1,1,0.8831141
ECK125165403 YEJGP2 REVERSE 2278397 STRONG,0.99688077,0.9649616,1,1,1,0.99688077
ECK120034269 YFAYP REVERSE 2363655 STRONG,0.9953616,0.8653051,1,1,1,0.9953616
ECK125165945 YFBUP REVERSE 2412594 STRONG,0.5404564,0.74009496,1,1,1,0.74009496
ECK120034270 YFCZP REVERSE 2460979 STRONG,0.99776506,0.8492732,1,1,1,0.99776506
ECK125158029 YFECP FORWARD 2518407 STRONG,0.9470583,0.9102093,1,1,1,0.9470583
ECK125109860 YFGFP REVERSE 2629031 STRONG,0.95850295,0.75493807,1,1,1,0.95850295
ECK120034281 YFGMP1 REVERSE 2639433 STRONG,0.7697185,0.5895085,1,1,1,0.7697185
ECK120034282 YFGMP2 REVERSE 2639402 STRONG,0.19005927,0.07126044,0,0,0,0.19005927
ECK120034283 YFGMP3 REVERSE 2639370 STRONG,0.7257008,0.91629744,1,1,1,0.91629744
ECK120034284 YFHMP REVERSE 2652324 STRONG,0.8116521,0.5376478,1,1,1,0.8116521
ECK120034288 YGAMP FORWARD 2800121 STRONG,0.9541236,0.9501113,1,1,1,0.9541236
ECK120016780 YGBAP REVERSE 2856828 STRONG,0.99826056,0.9792013,1,1,1,0.99826056
ECK120034300 YGEVP REVERSE 3005847 STRONG,0.9798794,0.99008524,1,1,1,0.99008524
ECK120034302 YGFZP FORWARD 3041282 STRONG,0.9735078,0.9654107,1,1,1,0.9735078
ECK120015376 YGGNP2B REVERSE 3101640 STRONG,0.026092231,0.05492933,0,0,0,0.05492933
ECK120010085 YGGXP FORWARD 3103993 STRONG,0.9742386,0.93265796,1,1,1,0.9742386
ECK120034308 YGHBP FORWARD 3153529 STRONG,0.99979097,0.910453,1,1,1,0.99979097
ECK120034307 YGHUP FORWARD 3138700 STRONG,0.980441,0.9732665,1,1,1,0.980441
ECK125165397 YGIZP REVERSE 3172323 STRONG,0.65063566,0.6078543,1,1,1,0.65063566
ECK120034312 YGJRP FORWARD 3237282 STRONG,0.99896777,0.98678386,1,1,1,0.99896777
ECK120034314 YHBTP1 REVERSE 3301368 STRONG,0.6739805,0.8746041,1,1,1,0.8746041
ECK120034315 YHBTP2 REVERSE 3301301 STRONG,0.8947455,0.40039465,1,0,1,0.8947455
ECK120034316 YHBYP FORWARD 3327759 STRONG,0.98254883,0.9767659,1,1,1,0.98254883
ECK120034318 YHCBP FORWARD 3380182 STRONG,0.25095588,0.20724246,0,0,0,0.25095588
ECK120034325 YHEOP1 REVERSE 3476506 STRONG,0.7505041,0.8994985,1,1,1,0.8994985
ECK120034326 YHEOP2 REVERSE 3476541 STRONG,0.9856757,0.96944314,1,1,1,0.9856757
ECK120034332 YIAFP REVERSE 3719097 STRONG,0.99521327,0.99719954,1,1,1,0.99719954
ECK120034334 YIBFP REVERSE 3761975 STRONG,0.35210705,0.65181714,0,1,1,0.65181714
ECK120035101 YICCP FORWARD 3816645 STRONG,0.03747682,0.05868728,0,0,0,0.05868728
ECK120034337 YICHP FORWARD 3830431 STRONG,0.9836357,0.9453154,1,1,1,0.9836357
ECK120010081 YICRP REVERSE 3812577 STRONG,0.78242826,0.17361891,1,0,1,0.78242826
ECK125165393 YIDLP FORWARD 3860253 STRONG,0.9849437,0.9962309,1,1,1,0.9962309
ECK120034346 YIGIP REVERSE 4004724 STRONG,0.79283875,0.083758354,1,0,1,0.79283875
ECK120034352 YIHDP FORWARD 4042049 STRONG,0.1404026,0.050294306,0,0,0,0.1404026
ECK120034353 YIHXP FORWARD 4075548 STRONG,0.024502581,0.0103246635,0,0,0,0.024502581
ECK120034358 YJBBP FORWARD 4227602 STRONG,0.9989371,0.9993211,1,1,1,0.9993211
ECK120034364 YJBQP FORWARD 4270214 STRONG,0.32160887,0.24159034,0,0,0,0.32160887
ECK125135058 YJCBP REVERSE 4275164 STRONG,0.39563838,0.090472326,0,0,0,0.39563838
ECK125135059 YJCDP FORWARD 4278321 STRONG,0.05893611,0.31455812,0,0,0,0.31455812
ECK120034365 YJDCP REVERSE 4363330 STRONG,0.6646235,0.6970621,1,1,1,0.6970621
ECK120034369 YJEIP FORWARD 4372761 STRONG,0.954622,0.9974431,1,1,1,0.9974431
ECK120026308 YJJBP REVERSE 4602177 STRONG,0.0033894435,0.3880092,0,0,0,0.3880092
ECK120034381 YJJPP REVERSE 4603034 STRONG,0.9960367,0.99602807,1,1,1,0.9960367
ECK125165396 YKIAP FORWARD 408574 STRONG,0.9977913,0.99761117,1,1,1,0.9977913
ECK120034417 YLACP REVERSE 479288 STRONG,0.9202644,0.024547538,1,0,1,0.9202644
ECK120034219 YNAIP REVERSE 1395973 STRONG,0.99887663,0.9742333,1,1,1,0.99887663
ECK125165395 YNBAP FORWARD 1477597 STRONG,0.28473157,0.15727149,0,0,0,0.28473157
ECK120034225 YNCEP FORWARD 1523227 STRONG,0.9244388,0.9932682,1,1,1,0.9932682
ECK120034226 YNCGP FORWARD 1526228 STRONG,0.9919646,0.88238406,1,1,1,0.9919646
ECK120034231 YNFBP FORWARD 1655709 STRONG,0.96422344,0.98677546,1,1,1,0.98677546
ECK125135042 YNFMP FORWARD 1669672 STRONG,0.9731678,0.66799545,1,1,1,0.9731678
ECK120034241 YNIBP REVERSE 1809263 STRONG,0.6771853,0.5833288,1,1,1,0.6771853
ECK120034242 YNICP FORWARD 1809326 STRONG,0.875208,0.009309542,1,0,1,0.875208
ECK120034243 YNJEP FORWARD 1839440 STRONG,0.52827144,0.0979805,1,0,1,0.52827144
ECK125135043 YNJFP REVERSE 1841432 STRONG,0.8751926,0.82286423,1,1,1,0.8751926
ECK125165394 YNJIPREVERSE 1844900 STRONG,0.98666555,0.99002457,1,1,1,0.99002457
ECK120034247 YOBFP2 REVERSE 1907617 STRONG,0.9131428,0.9188978,1,1,1,0.9188978
ECK125135046 YOHJP FORWARD 2230509 STRONG,0.044778015,0.04243667,0,0,0,0.044778015
ECK125135050 YPFMP REVERSE 2590970 STRONG,0.93610364,0.5738321,1,1,1,0.93610364
ECK125145771 YPJBP REVERSE 2784818 STRONG,0.9770239,0.8186658,1,1,1,0.9770239
ECK120035128 YQAEP REVERSE 2797085 STRONG,0.9945702,0.32100996,1,0,1,0.9945702
ECK125165398 YQHGP FORWARD 3157545 STRONG,0.9607748,0.67096573,1,1,1,0.9607748
ECK120022065 YQJIP FORWARD 3216753 STRONG,0.9998361,0.9894386,1,1,1,0.9998361
ECK125135054 YRARP REVERSE 3298897 STRONG,0.43048596,0.08731555,0,0,0,0.43048596
ECK120015397 YRBLP FORWARD 3348421 STRONG,0.5147544,0.29246593,1,0,1,0.5147544
ECK120034373 YTFBP REVERSE 4428819 STRONG,0.97226804,0.5095537,1,1,1,0.97226804
ECK120016779 YTFEP REVERSE 4432009 STRONG,0.9977557,0.9945351,1,1,1,0.9977557
ECK120010452 YTJBP REVERSE 4624799 STRONG,0.6970215,0.44654346,1,0,1,0.6970215
ECK120010446 YZFAP2 REVERSE 4448294 STRONG,0.11137708,0.06180627,0,0,0,0.11137708
ECK125135053 ZUPTP FORWARD 3182433 STRONG,0.9779398,0.9184497,1,1,1,0.9779398
ECK125137714 AAEBP3 REVERSE 3388263 SIGMA24 WEAK,0.08159634,0.101246625,0,0,0,0.101246625
ECK125137420 ACPSP2 REVERSE 2701137 SIGMA24 WEAK,0.028334191,0.51759726,0,1,1,0.51759726
ECK125137421 ACPSP3 REVERSE 2701162 SIGMA24 WEAK,0.41854715,0.47187814,0,0,0,0.47187814
ECK125137463 ALAEP1 FORWARD 2799070 SIGMA24 WEAK,0.3314447,0.29808173,0,0,0,0.3314447
ECK125137369 ALAXP2 REVERSE 2518279 SIGMA24 WEAK,0.17473324,0.116801396,0,0,0,0.17473324
ECK125136365 AMPDP5 FORWARD 118681 SIGMA24 WEAK,0.8729871,0.7740959,1,1,1,0.8729871
ECK125136491 AMPGP5 REVERSE 453627 SIGMA24 WEAK,0.9900592,0.95802414,1,1,1,0.9900592
ECK125136359 APAHP4 REVERSE 51293 SIGMA24 WEAK,0.0815565,0.22079602,0,0,0,0.22079602
ECK125137294 APBEP1 REVERSE 2311594 SIGMA24 WEAK,0.38713583,0.32739684,0,0,0,0.38713583
ECK125136669 AQPZP2 REVERSE 916212 SIGMA24 WEAK,0.09049775,0.4755417,0,0,0,0.4755417
ECK125137992 ARPAP1 REVERSE 4222629 SIGMA24 WEAK,0.9752636,0.9745696,1,1,1,0.9752636
ECK125137076 ASTEP3 REVERSE 1827069 SIGMA24 WEAK,0.34475413,0.44164506,0,0,0,0.44164506
ECK125136915 AZORP1 REVERSE 1482873 SIGMA24 WEAK,0.5206245,0.7497141,1,1,1,0.7497141
ECK125136916 AZORP6 REVERSE 1482927 SIGMA24 WEAK,0.9591106,0.9947056,1,1,1,0.9947056
ECK125137842 BISCP4 REVERSE 3716415 SIGMA24 WEAK,0.9869451,0.8097035,1,1,1,0.9869451
ECK125137288 CCMHP1 REVERSE 2292621 SIGMA24 WEAK,0.012514,0.051132374,0,0,0,0.051132374
ECK125137074 CHBGP4 REVERSE 1817242 SIGMA24 WEAK,0.01727763,0.04096701,0,0,0,0.04096701
ECK125136563 CITTP4 REVERSE 646632 SIGMA24 WEAK,0.37479454,0.111642815,0,0,0,0.37479454
ECK125137207 CLDP9 REVERSE 2098310 SIGMA24 WEAK,0.16646984,0.038639136,0,0,0,0.16646984
ECK125136579 COBCP7 REVERSE 669944 SIGMA24 WEAK,0.22067215,0.5224573,0,1,1,0.5224573
ECK125137971 CPXAP1 REVERSE 4105101 SIGMA24 WEAK,0.04235637,0.08363593,0,0,0,0.08363593
ECK125136566 CRCBP4 REVERSE 658008 SIGMA24 WEAK,0.25938556,0.6002864,0,1,1,0.6002864
ECK125136734 CSGGP1 REVERSE 1101755 SIGMA24 WEAK,0.09258079,0.17532295,0,0,0,0.17532295
ECK125137460 CSIRP3 FORWARD 2795471 SIGMA24 WEAK,0.005338876,0.019259615,0,0,0,0.019259615
ECK125136998 CSPFP8 FORWARD 1641846 SIGMA24 WEAK,0.68489534,0.97310334,1,1,1,0.97310334
ECK125136716 CSPHP13 REVERSE 1051373 SIGMA24 WEAK,0.10251137,0.22870536,0,0,0,0.22870536
ECK125136717 CSPHP14 REVERSE 1051304 SIGMA24 WEAK,0.14378116,0.32695106,0,0,0,0.32695106
ECK125136920 CYBBP5 FORWARD 1490761 SIGMA24 WEAK,0.5387803,0.35867065,1,0,1,0.5387803
ECK125136674 CYDCP5 REVERSE 929400 SIGMA24 WEAK,0.025466502,0.007963762,0,0,0,0.025466502
ECK125137379 CYSZP1 FORWARD 2531383 SIGMA24 WEAK,0.08989659,0.08763065,0,0,0,0.08989659
ECK125136574 DACAP2 REVERSE 663967 SIGMA24 WEAK,0.069456406,0.055063814,0,0,0,0.069456406
ECK125136884 DBPAP2 FORWARD 1409338 SIGMA24 WEAK,0.25041166,0.76243454,0,1,1,0.76243454
ECK125137803 DCRBP1 FORWARD 3609767 SIGMA24 WEAK,0.03839518,0.016986169,0,0,0,0.03839518
ECK125137804 DCRBP2 FORWARD 3609780 SIGMA24 WEAK,0.29191512,0.6485744,0,1,1,0.6485744
ECK125137684 DEADP1 REVERSE 3307909 SIGMA24 WEAK,0.6219255,0.8991918,1,1,1,0.8991918
ECK125136388 DXRP1 FORWARD 193471 SIGMA24 WEAK,0.47173262,0.8196269,0,1,1,0.8196269
ECK125136391 DXRP5 FORWARD 193411 SIGMA24 WEAK,0.6298463,0.1927653,1,0,1,0.6298463
ECK125137315 ELAAP4 REVERSE 2381686 SIGMA24 WEAK,0.015753154,0.011522897,0,0,0,0.015753154
ECK125136693 ELFAP6 FORWARD 997765 SIGMA24 WEAK,0.9602151,0.9365415,1,1,1,0.9602151
ECK125136696 ELFDP1 FORWARD 998321 SIGMA24 WEAK,0.33161584,0.06077371,0,0,0,0.33161584
ECK125137358 EMRYP1 REVERSE 2482334 SIGMA24 WEAK,0.4590541,0.4743589,0,0,0,0.4743589
ECK125137730 ENVRP11 REVERSE 3413487 SIGMA24 WEAK,0.09177415,0.21513002,0,0,0,0.21513002
ECK125137732 ENVRP13 REVERSE 3413601 SIGMA24 WEAK,0.99101853,0.99825424,1,1,1,0.99825424
ECK125136709 ETKP1 REVERSE 1044303 SIGMA24 WEAK,0.93477505,0.99232095,1,1,1,0.99232095
ECK125136494 FADMP1 FORWARD 464360 SIGMA24 WEAK,0.8240466,0.49649855,1,0,1,0.8240466
ECK125136532 FIMZP3 REVERSE 564607 SIGMA24 WEAK,0.09698323,0.18724872,0,0,0,0.18724872
ECK125136749 FLGNP1 REVERSE 1129914 SIGMA24 WEAK,0.004141914,0.08728808,0,0,0,0.08728808
ECK125138032 FRDDP1 REVERSE 4379473 SIGMA24 WEAK,0.8363463,0.9400605,1,1,1,0.9400605
ECK125138033 FRDDP2 REVERSE 4379433 SIGMA24 WEAK,0.110552594,0.9300731,0,1,1,0.9300731
ECK125136387 FRRP6 FORWARD 192849 SIGMA24 WEAK,0.09145591,0.058176074,0,0,0,0.09145591
ECK125137687 FTSHP1 REVERSE 3327102 SIGMA24 WEAK,0.17435917,0.3524353,0,0,0,0.3524353
ECK125137594 FTSPP1 REVERSE 3162851 SIGMA24 WEAK,0.25113565,0.7366689,0,1,1,0.7366689
ECK125137792 FTSXP3 REVERSE 3602252 SIGMA24 WEAK,0.18817468,0.94722825,0,1,1,0.94722825
ECK125136969 GADCP1 REVERSE 1570584 SIGMA24 WEAK,0.09488597,0.055432364,0,0,0,0.09488597
ECK125136970 GADCP5 REVERSE 1570527 SIGMA24 WEAK,0.04803834,0.3216207,0,0,0,0.3216207
ECK125136711 GFCAP1 REVERSE 1049834 SIGMA24 WEAK,0.10018382,0.1904078,0,0,0,0.1904078
ECK125137779 GLGXP3 REVERSE 3571419 SIGMA24 WEAK,0.06274924,0.054373536,0,0,0,0.06274924
ECK125137618 GLNEP1 REVERSE 3199698 SIGMA24 WEAK,0.38432387,0.39165136,0,0,0,0.39165136
ECK125138010 GLTPP1 FORWARD 4294378 SIGMA24 WEAK,0.5279718,0.8073561,1,1,1,0.8073561
ECK125138012 GLTPP8 FORWARD 4294268 SIGMA24 WEAK,0.9695348,0.98502314,1,1,1,0.98502314
ECK125136380 GLUQP1 REVERSE 160143 SIGMA24 WEAK,0.03644381,0.102325596,0,0,0,0.102325596
ECK125137586 GPRP1 FORWARD 3147781 SIGMA24 WEAK,0.036803808,0.11340981,0,0,0,0.11340981
ECK125137873 GPSAP8 REVERSE 3783681 SIGMA24 WEAK,0.022067368,0.04730361,0,0,0,0.04730361
ECK125137488 GUDDP1 REVERSE 2919513 SIGMA24 WEAK,0.006400342,0.0012965711,0,0,0,0.006400342
ECK125137414 HCATP1 REVERSE 2667863 SIGMA24 WEAK,0.90790194,0.62785035,1,1,1,0.90790194
ECK125136666 HCRP3 REVERSE 912200 SIGMA24 WEAK,0.055668525,0.058625963,0,0,0,0.058625963
ECK125137633 HIGAP8 REVERSE 3234341 SIGMA24 WEAK,0.38568416,0.2971678,0,0,0,0.38568416
ECK125137848 HOKAP6 REVERSE 3720810 SIGMA24 WEAK,0.27545172,0.07008048,0,0,0,0.27545172
ECK120035105 HOKEP FORWARD 607731 SIGMA24 WEAK,0.91348463,0.98847675,1,1,1,0.98847675
ECK125138102 HSDSP1 REVERSE 4581502 SIGMA24 WEAK,0.031697214,0.09181656,0,0,0,0.09181656
ECK125137532 HYUAP1 FORWARD 3009919 SIGMA24 WEAK,0.7160122,0.804419,1,1,1,0.804419
ECK125137533 HYUAP6 FORWARD 3009830 SIGMA24 WEAK,0.9336099,0.99071866,1,1,1,0.99071866
ECK125137477 IAPP6 FORWARD 2876544 SIGMA24 WEAK,0.19966687,0.02026302,0,0,0,0.19966687
ECK125122036 IBAGP2 REVERSE 3336886 SIGMA24 WEAK,0.2236462,0.23847389,0,0,0,0.23847389
ECK125136474 INSFP4 REVERSE 392660 SIGMA24 WEAK,0.0026547317,0.02068882,0,0,0,0.02068882
ECK125136595 INSHP3 REVERSE 689205 SIGMA24 WEAK,0.20403388,0.4506822,0,0,0,0.4506822
ECK125137849 INSJP4 FORWARD 3720594 SIGMA24 WEAK,0.72300524,0.88132304,1,1,1,0.88132304
ECK120015517 INSKP FORWARD 3721065 SIGMA24 WEAK,0.489815,0.968615,0,1,1,0.968615
ECK125136533 INTDP6 REVERSE 566101 SIGMA24 WEAK,0.09090149,0.15286683,0,0,0,0.15286683
ECK125136886 INTRP4 REVERSE 1413260 SIGMA24 WEAK,0.105976276,0.0076325247,0,0,0,0.105976276
ECK125137383 INTZP3 FORWARD 2558693 SIGMA24 WEAK,0.90398484,0.9026624,1,1,1,0.90398484
ECK125137410 ISCAP6 REVERSE 2659962 SIGMA24 WEAK,0.23371059,0.6989663,0,1,1,0.6989663
ECK125137400 ISPGP1 REVERSE 2641880 SIGMA24 WEAK,0.2805753,0.14161596,0,0,0,0.2805753
ECK125137401 ISPGP4 REVERSE 2641950 SIGMA24 WEAK,0.3110352,0.48673704,0,0,0,0.48673704
ECK125137118 KDGRP1 REVERSE 1910253 SIGMA24 WEAK,0.9930541,0.9944267,1,1,1,0.9944267
ECK125137119 KDGRP8 REVERSE 1910125 SIGMA24 WEAK,0.96899444,0.99087757,1,1,1,0.99087757
ECK125136818 LDCAP9 REVERSE 1243197 SIGMA24 WEAK,0.6590158,0.8699208,1,1,1,0.8699208
ECK125137422 LEPBP1 REVERSE 2705464 SIGMA24 WEAK,0.43586874,0.902546,0,1,1,0.902546
ECK125136363 LEUDP4 REVERSE 79594 SIGMA24 WEAK,0.0141822025,0.025998162,0,0,0,0.025998162
ECK125138110 LGORP4 REVERSE 4595947 SIGMA24 WEAK,0.704571,0.9287665,1,1,1,0.9287665
ECK125136572 LIPBP2 REVERSE 662401 SIGMA24 WEAK,0.05901968,0.18035188,0,0,0,0.18035188
ECK125136781 LITP1 FORWARD 1198516 SIGMA24 WEAK,0.53753585,0.61854464,1,1,1,0.61854464
ECK125136598 LNTP4 REVERSE 690984 SIGMA24 WEAK,0.46223065,0.8440657,0,1,1,0.8440657
ECK125136408 LPCAP1 FORWARD 243468 SIGMA24 WEAK,0.5551396,0.13927251,1,0,1,0.5551396
ECK125136438 MATAP1 REVERSE 311393 SIGMA24 WEAK,0.9911607,0.96347237,1,1,1,0.9911607
ECK125136439 MATAP5 REVERSE 311446 SIGMA24 WEAK,0.8020339,0.85531527,1,1,1,0.85531527
ECK125137487 MAZGP4 REVERSE 2910860 SIGMA24 WEAK,0.36520624,0.093987904,0,0,0,0.36520624
ECK125136801 MCRAP10 FORWARD 1210195 SIGMA24 WEAK,0.4243521,0.9803846,0,1,1,0.9803846
ECK125136798 MCRAP7 FORWARD 1210139 SIGMA24 WEAK,0.007435872,0.010026659,0,0,0,0.010026659
ECK125137606 MDABP1 FORWARD 3172423 SIGMA24 WEAK,0.20137677,0.1274713,0,0,0,0.20137677
ECK125137040 MDTKP10 FORWARD 1743269 SIGMA24 WEAK,0.69702405,0.43003744,1,0,1,0.69702405
ECK125138017 MDTPP6 REVERSE 4301236 SIGMA24 WEAK,0.17094642,0.74662036,0,1,1,0.74662036
ECK125137261 MGLCP6 REVERSE 2237959 SIGMA24 WEAK,0.20180821,0.92562133,0,1,1,0.92562133
ECK125137262 MGLCP9 REVERSE 2237923 SIGMA24 WEAK,0.06866038,0.1939079,0,0,0,0.1939079
ECK125136810 MINEP3 REVERSE 1224711 SIGMA24 WEAK,0.7847854,0.731556,1,1,1,0.7847854
ECK125136417 MMUPP1 FORWARD 275119 SIGMA24 WEAK,0.033101954,0.12563257,0,0,0,0.12563257
ECK125136418 MMUPP2 FORWARD 275315 SIGMA24 WEAK,0.83628654,0.5708435,1,1,1,0.83628654
ECK125136879 MPPAP5 FORWARD 1393054 SIGMA24 WEAK,0.05013257,0.2512241,0,0,0,0.2512241
ECK125137291 MQOP1 REVERSE 2306924 SIGMA24 WEAK,0.22016563,0.28123024,0,0,0,0.28123024
ECK125137244 MRPP2 REVERSE 2194175 SIGMA24 WEAK,0.90782547,0.978088,1,1,1,0.978088
ECK125137188 MTFAP1 FORWARD 2043618 SIGMA24 WEAK,0.057231307,0.022747006,0,0,0,0.057231307
ECK125137500 MUTHP5 FORWARD 2969582 SIGMA24 WEAK,0.2939653,0.7060998,0,1,1,0.7060998
ECK125138090 NANSP1 REVERSE 4537703 SIGMA24 WEAK,0.0920722,0.08071454,0,0,0,0.0920722
ECK125136957 NHOAP2 FORWARD 1533963 SIGMA24 WEAK,0.15609153,0.3134688,0,0,0,0.3134688
ECK125137061 NLPCP3 REVERSE 1792827 SIGMA24 WEAK,0.06795478,0.053521857,0,0,0,0.06795478
ECK125137758 NUDEP1 REVERSE 3526186 SIGMA24 WEAK,0.14257263,0.055766758,0,0,0,0.14257263
ECK125137080 NUDGP3 FORWARD 1841438 SIGMA24 WEAK,0.7292916,0.9353736,1,1,1,0.9353736
ECK125136930 OPGDP4 FORWARD 1496645 SIGMA24 WEAK,0.2491611,0.2170393,0,0,0,0.2491611
ECK125137359 OXCP10 REVERSE 2492130 SIGMA24 WEAK,0.10542263,0.015435187,0,0,0,0.10542263
ECK125137360 OXCP11 REVERSE 2492144 SIGMA24 WEAK,0.19505106,0.2811887,0,0,0,0.2811887
ECK125136755 PABCP1 FORWARD 1153293 SIGMA24 WEAK,0.09601441,0.32717285,0,0,0,0.32717285
ECK125136756 PABCP5 FORWARD 1153194 SIGMA24 WEAK,0.18615581,0.35887736,0,0,0,0.35887736
ECK125136373 PANCP2 REVERSE 148920 SIGMA24 WEAK,0.13342555,0.26064265,0,0,0,0.26064265
ECK125137790 PANZP1 FORWARD 3597828 SIGMA24 WEAK,0.9973494,0.99222696,1,1,1,0.9973494
ECK125136944 PATDP3 FORWARD 1515415 SIGMA24 WEAK,0.07689588,0.2577729,0,0,0,0.2577729
ECK125136945 PATDP4 FORWARD 1515440 SIGMA24 WEAK,0.2643264,0.06836136,0,0,0,0.2643264
ECK125136860 PGPBP5 FORWARD 1339193 SIGMA24 WEAK,0.07083652,0.073966965,0,0,0,0.073966965
ECK125136776 PHOQP5 REVERSE 1189940 SIGMA24 WEAK,0.3120316,0.34167296,0,0,0,0.34167296
ECK125136991 PINQP1 FORWARD 1633584 SIGMA24 WEAK,0.98094004,0.8362818,1,1,1,0.98094004
ECK125137623 PLSYP5 FORWARD 3204533 SIGMA24 WEAK,0.14039825,0.09304292,0,0,0,0.14039825
ECK125136600 POTEP1 REVERSE 718344 SIGMA24 WEAK,0.9944208,0.9983115,1,1,1,0.9983115
ECK125137567 PPPAP3 REVERSE 3114479 SIGMA24 WEAK,0.050113555,0.8689654,0,1,1,0.8689654
ECK125137057 PPSRP1 FORWARD 1787339 SIGMA24 WEAK,0.4252396,0.286669,0,0,0,0.4252396
ECK125136956 PPTAP7 FORWARD 1532858 SIGMA24 WEAK,0.5752298,0.98758554,1,1,1,0.98758554
ECK125137271 PSUGP4 REVERSE 2258557 SIGMA24 WEAK,0.077051274,0.2607167,0,0,0,0.2607167
ECK125137270 PSUTP2 REVERSE 2257496 SIGMA24 WEAK,0.03206921,0.08867848,0,0,0,0.08867848
ECK125136887 RACCP4 REVERSE 1417811 SIGMA24 WEAK,0.8685125,0.5626589,1,1,1,0.8685125
ECK125137239 RCNBP FORWARD 2186884 SIGMA24 WEAK,0.7403919,0.23068796,1,0,1,0.7403919
ECK125137295 RCSCP4 REVERSE 2320081 SIGMA24 WEAK,0.6241311,0.19595145,1,0,1,0.6241311
ECK125137929 RECQP1 FORWARD 4005858 SIGMA24 WEAK,0.027349178,0.5008147,0,1,1,0.5008147
ECK125136999 REMP1 REVERSE 1644972 SIGMA24 WEAK,0.8074517,0.45526445,1,0,1,0.8074517
ECK125137813 RHSBP12 FORWARD 3619097 SIGMA24 WEAK,0.7850672,0.36414382,1,0,1,0.7850672
ECK125137808 RHSBP3 FORWARD 3619074 SIGMA24 WEAK,0.18828246,0.60706574,0,1,1,0.60706574
ECK125137810 RHSBP9 FORWARD 3619044 SIGMA24 WEAK,0.21588744,0.044506747,0,0,0,0.21588744
ECK125136594 RIHAP3 REVERSE 684602 SIGMA24 WEAK,0.1437139,0.55131525,0,1,1,0.55131525
ECK125136641 RLMFP1 FORWARD 842192 SIGMA24 WEAK,0.71888137,0.93485,1,1,1,0.93485
ECK125137634 RLMGP4 REVERSE 3235892 SIGMA24 WEAK,0.18944624,0.008232901,0,0,0,0.18944624
ECK125136361 RLUAP1 REVERSE 60450 SIGMA24 WEAK,0.17047605,0.39298645,0,0,0,0.39298645
ECK125137995 RLUFP1 FORWARD 4230309 SIGMA24 WEAK,0.7248506,0.53973305,1,1,1,0.7248506
ECK125137440 RPLSP1 REVERSE 2744642 SIGMA24 WEAK,0.12590055,0.14437793,0,0,0,0.14437793
ECK125137794 RSMDP1 FORWARD 3604352 SIGMA24 WEAK,0.2864034,0.52025115,0,1,1,0.52025115
ECK125137554 RSMEP1 FORWARD 3091018 SIGMA24 WEAK,0.22691794,0.8989723,0,1,1,0.8989723
ECK125137775 RTCAP1 REVERSE 3556880 SIGMA24 WEAK,0.9558567,0.9214943,1,1,1,0.9558567
ECK125137776 RTCAP2 REVERSE 3557002 SIGMA24 WEAK,0.4928902,0.7603969,0,1,1,0.7603969
ECK125136724 RUTGP2 REVERSE 1070045 SIGMA24 WEAK,0.09774048,0.55365455,0,1,1,0.55365455
ECK125136979 SADP5 REVERSE 1614799 SIGMA24 WEAK,0.098352574,0.05991271,0,0,0,0.098352574
ECK125136869 SAPFP5 REVERSE 1352657 SIGMA24 WEAK,0.60482705,0.9108264,1,1,1,0.9108264
ECK125136484 SBCCP2 REVERSE 415847 SIGMA24 WEAK,0.32149294,0.19321595,0,0,0,0.32149294
ECK125137892 SETCP14 FORWARD 3836744 SIGMA24 WEAK,0.471615,0.7568892,0,1,1,0.7568892
ECK125136883 SMRAP1 FORWARD 1405936 SIGMA24 WEAK,0.21689293,0.16789658,0,0,0,0.21689293
ECK125138052 TAMAP1 FORWARD 4442270 SIGMA24 WEAK,0.20110482,0.5716965,0,1,1,0.5716965
ECK125137663 TDCRP8 FORWARD 3267254 SIGMA24 WEAK,0.14785405,0.49136022,0,0,0,0.49136022
ECK125136837 TDKP1 FORWARD 1293516 SIGMA24 WEAK,0.5711381,0.90130955,1,1,1,0.90130955
ECK125136794 TFAEP1 REVERSE 1209266 SIGMA24 WEAK,0.7572628,0.7979449,1,1,1,0.7979449
ECK125136795 TFAEP6 REVERSE 1209189 SIGMA24 WEAK,0.69912374,0.6900994,1,1,1,0.69912374
ECK125137238 THIDP3 REVERSE 2184673 SIGMA24 WEAK,0.105248116,0.13070373,0,0,0,0.13070373
ECK125137499 THYAP2 REVERSE 2965348 SIGMA24 WEAK,0.42973265,0.05065402,0,0,0,0.42973265
ECK125136721 TORTP1 FORWARD 1056220 SIGMA24 WEAK,0.043148022,0.10990062,0,0,0,0.10990062
ECK125137789 UGPQP1 REVERSE 3588300 SIGMA24 WEAK,0.023765802,0.1464287,0,0,0,0.1464287
ECK125138039 ULARP5 REVERSE 4418562 SIGMA24 WEAK,0.53060657,0.74619013,1,1,1,0.74619013
ECK125137882 WAAUP9 REVERSE 3799398 SIGMA24 WEAK,0.69043314,0.35628137,1,0,1,0.69043314
ECK125137213 WBBKP4 REVERSE 2104606 SIGMA24 WEAK,0.031661186,0.5638802,0,1,1,0.5638802
ECK125137222 WCAMP1 REVERSE 2115934 SIGMA24 WEAK,0.6364209,0.9194191,1,1,1,0.9194191
ECK125137888 XANPP5 FORWARD 3828821 SIGMA24 WEAK,0.2673366,0.9310073,0,1,1,0.9310073
ECK125137997 XYLEP1 REVERSE 4242270 SIGMA24 WEAK,0.385237,0.092456244,0,0,0,0.385237
ECK125136345 YAAAP3 REVERSE 6587 SIGMA24 WEAK,0.9561309,0.9545148,1,1,1,0.9561309
ECK125136366 YACHP3 REVERSE 131307 SIGMA24 WEAK,0.4554346,0.94418025,0,1,1,0.94418025
ECK125136368 YADEP3 FORWARD 144965 SIGMA24 WEAK,0.59969974,0.49781165,1,0,1,0.59969974
ECK125136377 YADNP1 REVERSE 156984 SIGMA24 WEAK,0.63346726,0.6879752,1,1,1,0.6879752
ECK125136385 YADSP7 REVERSE 177757 SIGMA24 WEAK,0.4189482,0.44807187,0,0,0,0.44807187
ECK125136397 YAEFP1 REVERSE 217135 SIGMA24 WEAK,0.29240847,0.632483,0,1,1,0.632483
ECK125136395 YAEQP3 FORWARD 214088 SIGMA24 WEAK,0.66270435,0.74335355,1,1,1,0.74335355
ECK125136462 YAHMP5 FORWARD 345336 SIGMA24 WEAK,0.922761,0.84476835,1,1,1,0.922761
ECK125136482 YAIIP7 FORWARD 405698 SIGMA24 WEAK,0.04126515,0.14300092,0,0,0,0.14300092
ECK125136467 YAIOP6 REVERSE 380850 SIGMA24 WEAK,0.008521159,0.32886243,0,0,0,0.32886243
ECK125136468 YAIPP5 REVERSE 383985 SIGMA24 WEAK,0.040531382,0.08583248,0,0,0,0.08583248
ECK125136471 YAISP13 REVERSE 384738 SIGMA24 WEAK,0.017914534,0.07211961,0,0,0,0.07211961
ECK125136487 YAJIP6 REVERSE 433034 SIGMA24 WEAK,0.9589976,0.9665129,1,1,1,0.9665129
ECK125136501 YBANP1 FORWARD 490718 SIGMA24 WEAK,0.09646913,0.11340882,0,0,0,0.11340882
ECK125136512 YBAPP6 REVERSE 508284 SIGMA24 WEAK,0.5285375,0.44596672,1,0,1,0.5285375
ECK125136545 YBCHP4 REVERSE 588070 SIGMA24 WEAK,0.06656658,0.14441834,0,0,0,0.14441834
ECK125136543 YBCWP4 FORWARD 579805 SIGMA24 WEAK,0.006862504,0.48413327,0,0,0,0.48413327
ECK125136555 YBDDP2 FORWARD 631991 SIGMA24 WEAK,0.048990592,0.034148768,0,0,0,0.048990592
ECK125136546 YBDFP5 REVERSE 606053 SIGMA24 WEAK,0.39781633,0.46063462,0,0,0,0.46063462
ECK125136551 YBDKP3 REVERSE 607561 SIGMA24 WEAK,0.07280578,0.17612013,0,0,0,0.17612013
ECK125136559 YBDMP2 REVERSE 635555 SIGMA24 WEAK,0.68928593,0.98693466,1,1,1,0.98693466
ECK125136580 YBEQP1 REVERSE 676706 SIGMA24 WEAK,0.42806166,0.022558406,0,0,0,0.42806166
ECK125136588 YBERP7 FORWARD 676560 SIGMA24 WEAK,0.99844664,0.98941374,1,1,1,0.99844664
ECK125136602 YBFAP7 FORWARD 729037 SIGMA24 WEAK,0.1075339,0.58665633,0,1,1,0.58665633
ECK125136599 YBFFP1 REVERSE 712846 SIGMA24 WEAK,0.015413895,0.032802522,0,0,0,0.032802522
ECK125136610 YBGDP9 REVERSE 752958 SIGMA24 WEAK,0.868594,0.9922984,1,1,1,0.9922984
ECK125136609 YBGOP4 REVERSE 749182 SIGMA24 WEAK,0.7815839,0.50100034,1,1,1,0.7815839
ECK125136619 YBGSP1 REVERSE 785339 SIGMA24 WEAK,0.08421544,0.5091001,0,1,1,0.5091001
ECK125136620 YBGSP2 REVERSE 785459 SIGMA24 WEAK,0.12168548,0.10776853,0,0,0,0.12168548
ECK125136631 YBHHP8 FORWARD 800552 SIGMA24 WEAK,0.09515792,0.10630367,0,0,0,0.10630367
ECK125136651 YBIUP5 REVERSE 859100 SIGMA24 WEAK,0.9710053,0.9975841,1,1,1,0.9975841
ECK125136663 YBJOP4 FORWARD 897852 SIGMA24 WEAK,0.024933703,0.017607952,0,0,0,0.024933703
ECK125136675 YCADP1 FORWARD 945719 SIGMA24 WEAK,0.49363655,0.74716353,0,1,1,0.74716353
ECK125136685 YCALP1 FORWARD 960132 SIGMA24 WEAK,0.92107475,0.9965765,1,1,1,0.9965765
ECK125136708 YCCXP7 FORWARD 1029994 SIGMA24 WEAK,0.10904327,0.7068248,0,1,1,0.7068248
ECK125136729 YCDUP1 FORWARD 1095693 SIGMA24 WEAK,0.19940135,0.34309903,0,0,0,0.34309903
ECK125136730 YCDUP9 FORWARD 1095633 SIGMA24 WEAK,0.056749914,0.04374765,0,0,0,0.056749914
ECK125136746 YCEHP2 FORWARD 1126081 SIGMA24 WEAK,0.662593,0.9647866,1,1,1,0.9647866
ECK125136748 YCEMP4 FORWARD 1126604 SIGMA24 WEAK,0.031604964,0.8346406,0,1,1,0.8346406
ECK125136741 YCEOP1 REVERSE 1119511 SIGMA24 WEAK,0.27241635,0.48885238,0,0,0,0.48885238
ECK125136742 YCEOP7 REVERSE 1119632 SIGMA24 WEAK,0.7590907,0.9652142,1,1,1,0.9652142
ECK125136766 YCFTP11 REVERSE 1175329 SIGMA24 WEAK,0.12061526,0.34667128,0,0,0,0.34667128
ECK125136822 YCGYP1 FORWARD 1245083 SIGMA24 WEAK,0.45543894,0.8266975,0,1,1,0.8266975
ECK125136823 YCGYP6 FORWARD 1245101 SIGMA24 WEAK,0.9135105,0.9615179,1,1,1,0.9615179
ECK125136832 YCHNP4 REVERSE 1273655 SIGMA24 WEAK,0.03429243,0.040293097,0,0,0,0.040293097
ECK125136844 YCIBP3 REVERSE 1313055 SIGMA24 WEAK,0.076164424,0.14716388,0,0,0,0.14716388
ECK125136846 YCIEP6 REVERSE 1315238 SIGMA24 WEAK,0.46343976,0.2676673,0,0,0,0.46343976
ECK125136865 YCITP1 REVERSE 1344544 SIGMA24 WEAK,0.9730006,0.97110254,1,1,1,0.9730006
ECK125136841 YCIUP5 REVERSE 1307352 SIGMA24 WEAK,0.0566938,0.23563676,0,0,0,0.23563676
ECK125136866 YCIWP4 REVERSE 1350236 SIGMA24 WEAK,0.3756164,0.5519976,0,1,1,0.5519976
ECK125136867 YCJDP4 REVERSE 1351866 SIGMA24 WEAK,0.39378744,0.5869324,0,1,1,0.5869324
ECK125136872 YCJMP4 FORWARD 1370003 SIGMA24 WEAK,0.01565638,0.14136644,0,0,0,0.14136644
ECK125136910 YDBJP1 FORWARD 1440856 SIGMA24 WEAK,0.59130883,0.504461,1,1,1,0.59130883
ECK125136923 YDCAP6 FORWARD 1491647 SIGMA24 WEAK,0.4538063,0.38536334,0,0,0,0.4538063
ECK125136934 YDCKP8 REVERSE 1500640 SIGMA24 WEAK,0.18094191,0.16830641,0,0,0,0.18094191
ECK125136939 YDCLP7 FORWARD 1502323 SIGMA24 WEAK,0.1975468,0.73643076,0,1,1,0.73643076
ECK125136947 YDCXP1 FORWARD 1517221 SIGMA24 WEAK,0.97674245,0.8003445,1,1,1,0.97674245
ECK125136951 YDCZP1 REVERSE 1518375 SIGMA24 WEAK,0.86195713,0.3411424,1,0,1,0.86195713
ECK125136972 YDDBP6 REVERSE 1577666 SIGMA24 WEAK,0.5469942,0.71055907,1,1,1,0.71055907
ECK125136959 YDDJP1 REVERSE 1544866 SIGMA24 WEAK,0.7847442,0.6445514,1,1,1,0.7847442
ECK125136962 YDDJP8 REVERSE 1544758 SIGMA24 WEAK,0.17177664,0.4699774,0,0,0,0.4699774
ECK125136986 YDEIP1 REVERSE 1624516 SIGMA24 WEAK,0.24091256,0.38719586,0,0,0,0.38719586
ECK125136975 YDERP1 REVERSE 1588298 SIGMA24 WEAK,0.5505798,0.804825,1,1,1,0.804825
ECK125136990 YDFKP5 FORWARD 1632985 SIGMA24 WEAK,0.28091067,0.98238546,0,1,1,0.98238546
ECK125137034 YDHBP2 REVERSE 1739809 SIGMA24 WEAK,0.4511121,0.8034361,0,1,1,0.8034361
ECK125137031 YDHFP1 REVERSE 1725648 SIGMA24 WEAK,0.38594595,0.5499581,0,1,1,0.5499581
ECK125137041 YDHSP3 FORWARD 1747068 SIGMA24 WEAK,0.11002252,0.5618246,0,1,1,0.5618246
ECK125137042 YDHSP5 FORWARD 1747113 SIGMA24 WEAK,0.6150708,0.810142,1,1,1,0.810142
ECK125137043 YDHSP6 FORWARD 1747082 SIGMA24 WEAK,0.5448803,0.79339933,1,1,1,0.79339933
ECK125137044 YDHTP1 REVERSE 1749569 SIGMA24 WEAK,0.014067508,0.52227515,0,1,1,0.52227515
ECK125137046 YDHZP6 REVERSE 1755209 SIGMA24 WEAK,0.75767714,0.28136286,1,0,1,0.75767714
ECK125137054 YDIMP1 FORWARD 1770930 SIGMA24 WEAK,0.69045615,0.9896863,1,1,1,0.9896863
ECK120035108 YDIVP REVERSE 1792087 SIGMA24 WEAK,0.057522435,0.05452392,0,0,0,0.057522435
ECK125137064 YDIYP6 REVERSE 1806217 SIGMA24 WEAK,0.16429594,0.876735,0,1,1,0.876735
ECK125137085 YDJEP5 REVERSE 1853983 SIGMA24 WEAK,0.06370558,0.6570926,0,1,1,0.6570926
ECK125137087 YDJFP1 REVERSE 1854924 SIGMA24 WEAK,0.89419776,0.18686618,1,0,1,0.89419776
ECK125137077 YDJXP1 FORWARD 1833308 SIGMA24 WEAK,0.098381184,0.5092922,0,1,1,0.5092922
ECK125137092 YEAIP6 FORWARD 1870243 SIGMA24 WEAK,0.6537709,0.07054622,1,0,1,0.6537709
ECK125137094 YEAMP1 REVERSE 1875648 SIGMA24 WEAK,0.115524255,0.15635616,0,0,0,0.15635616
ECK125137096 YEANP4 FORWARD 1875463 SIGMA24 WEAK,0.01625354,0.12526402,0,0,0,0.12526402
ECK125137099 YEAOP4 FORWARD 1876777 SIGMA24 WEAK,0.20384876,0.7795448,0,1,1,0.7795448
ECK125137102 YEAQP1 REVERSE 1879390 SIGMA24 WEAK,0.6475836,0.853753,1,1,1,0.853753
ECK125137141 YEBAP1 REVERSE 1941683 SIGMA24 WEAK,0.60711086,0.45541543,1,0,1,0.60711086
ECK125137142 YEBAP5 REVERSE 1941833 SIGMA24 WEAK,0.055235717,0.43100137,0,0,0,0.43100137
ECK125137143 YEBAP6 REVERSE 1941721 SIGMA24 WEAK,0.1686296,0.22946352,0,0,0,0.22946352
ECK125137126 YEBVP1 FORWARD 1921745 SIGMA24 WEAK,0.4395196,0.6008577,0,1,1,0.6008577
ECK125137130 YEBWP3 FORWARD 1921957 SIGMA24 WEAK,0.06699762,0.07144318,0,0,0,0.07144318
ECK125137147 YECDP4 FORWARD 1950778 SIGMA24 WEAK,0.45201772,0.98450917,0,1,1,0.98450917
ECK125137179 YEDJP3 REVERSE 2033203 SIGMA24 WEAK,0.03543288,0.05014375,0,0,0,0.05014375
ECK125137201 YEEAP6 REVERSE 2080661 SIGMA24 WEAK,0.5162846,0.04839689,1,0,1,0.5162846
ECK125137202 YEEFP2 REVERSE 2087238 SIGMA24 WEAK,0.39617717,0.92077696,0,1,1,0.92077696
ECK125137193 YEEOP1 REVERSE 2059828 SIGMA24 WEAK,0.009055123,0.051206607,0,0,0,0.051206607
ECK125137194 YEEOP6 REVERSE 2059875 SIGMA24 WEAK,0.07601374,0.8470553,0,1,1,0.8470553
ECK125137204 YEEZP7 REVERSE 2089176 SIGMA24 WEAK,0.41419092,0.5494676,0,1,1,0.5494676
ECK125137236 YEGXP1 REVERSE 2183801 SIGMA24 WEAK,0.3143234,0.12427853,0,0,0,0.3143234
ECK125137237 YEGXP6 REVERSE 2183820 SIGMA24 WEAK,0.3775036,0.19862242,0,0,0,0.3775036
ECK125137241 YEHEP1 REVERSE 2192909 SIGMA24 WEAK,0.6766528,0.1652146,1,0,1,0.6766528
ECK125137269 YEIIP2 FORWARD 2251653 SIGMA24 WEAK,0.037545133,0.006263132,0,0,0,0.037545133
ECK125137275 YEIWP7 REVERSE 2265413 SIGMA24 WEAK,0.06718633,0.6937341,0,1,1,0.6937341
ECK125137280 YEJGP5 REVERSE 2278353 SIGMA24 WEAK,0.8691167,0.92662805,1,1,1,0.92662805
ECK125137281 YEJGP8 REVERSE 2278446 SIGMA24 WEAK,0.29912654,0.5767649,0,1,1,0.5767649
ECK125137287 YEJKP5 REVERSE 2284109 SIGMA24 WEAK,0.64104015,0.9619446,1,1,1,0.9619446
ECK125137298 YFALP1 REVERSE 2344218 SIGMA24 WEAK,0.8291589,0.73885655,1,1,1,0.8291589
ECK125137299 YFALP3 REVERSE 2344265 SIGMA24 WEAK,0.9860276,0.9386445,1,1,1,0.9860276
ECK125137297 YFAPP4 REVERSE 2328199 SIGMA24 WEAK,0.17313793,0.24928744,0,0,0,0.24928744
ECK125137319 YFBKP7 REVERSE 2385905 SIGMA24 WEAK,0.47580567,0.26657328,0,0,0,0.47580567
ECK125137322 YFBLP7 FORWARD 2385828 SIGMA24 WEAK,0.9943025,0.9925149,1,1,1,0.9943025
ECK125137325 YFBNP1 REVERSE 2388587 SIGMA24 WEAK,0.8211515,0.8531345,1,1,1,0.8531345
ECK125137327 YFBOP1 FORWARD 2388573 SIGMA24 WEAK,0.9489655,0.8479534,1,1,1,0.9489655
ECK125137330 YFBPP7 FORWARD 2388995 SIGMA24 WEAK,0.17720103,0.0888658,0,0,0,0.17720103
ECK125137336 YFCIP7 REVERSE 2423712 SIGMA24 WEAK,0.09794734,0.30334333,0,0,0,0.30334333
ECK125137337 YFCIP8 REVERSE 2423614 SIGMA24 WEAK,0.0647466,0.049514983,0,0,0,0.0647466
ECK125137347 YFCVP8 REVERSE 2455688 SIGMA24 WEAK,0.6729347,0.7181394,1,1,1,0.7181394
ECK125137354 YFDGP4 FORWARD 2467737 SIGMA24 WEAK,0.3423493,0.042659253,0,0,0,0.3423493
ECK125137373 YFECP4 FORWARD 2518375 SIGMA24 WEAK,0.2993777,0.13866465,0,0,0,0.2993777
ECK125137377 YFEHP5 FORWARD 2526909 SIGMA24 WEAK,0.317771,0.9478682,0,1,1,0.9478682
ECK125137375 YFERP1 REVERSE 2527039 SIGMA24 WEAK,0.30699986,0.69831383,0,1,1,0.69831383
ECK125137384 YFFOP1 FORWARD 2562080 SIGMA24 WEAK,0.02240719,0.037448965,0,0,0,0.037448965
ECK125137387 YFFQP1 FORWARD 2563389 SIGMA24 WEAK,0.78666437,0.870137,1,1,1,0.870137
ECK125137388 YFFQP3 FORWARD 2563409 SIGMA24 WEAK,0.05058996,0.011810989,0,0,0,0.05058996
ECK125137398 YFGGP7 FORWARD 2629085 SIGMA24 WEAK,0.80466396,0.8352293,1,1,1,0.8352293
ECK125137412 YFHRP2 FORWARD 2664244 SIGMA24 WEAK,0.14229472,0.14959921,0,0,0,0.14959921
ECK125137449 YFJIP8 FORWARD 2758881 SIGMA24 WEAK,0.30452564,0.32436538,0,0,0,0.32436538
ECK125137454 YFJPP5 FORWARD 2767642 SIGMA24 WEAK,0.99733514,0.9907182,1,1,1,0.99733514
ECK125137472 YGBNP2 FORWARD 2864907 SIGMA24 WEAK,0.29907688,0.059200857,0,0,0,0.29907688
ECK125137486 YGCGP7 FORWARD 2905605 SIGMA24 WEAK,0.20391396,0.9138535,0,1,1,0.9138535
ECK125137479 YGCNP3 FORWARD 2892572 SIGMA24 WEAK,0.83785003,0.104993775,1,0,1,0.83785003
ECK125137480 YGCUP5 REVERSE 2899607 SIGMA24 WEAK,0.11445519,0.4807503,0,0,0,0.4807503
ECK125137481 YGCWP11 REVERSE 2900409 SIGMA24 WEAK,0.5756388,0.40621006,1,0,1,0.5756388
ECK125137482 YGCWP12 REVERSE 2900471 SIGMA24 WEAK,0.32952756,0.91492563,0,1,1,0.91492563
ECK125137506 YGEAP5 REVERSE 2980803 SIGMA24 WEAK,0.22716561,0.7560811,0,1,1,0.7560811
ECK125137528 YGERP1 REVERSE 3000039 SIGMA24 WEAK,0.49419248,0.53946644,0,1,1,0.53946644
ECK125137529 YGEWP1 FORWARD 3006224 SIGMA24 WEAK,0.21901685,0.11360552,0,0,0,0.21901685
ECK125137538 YGFSP5 REVERSE 3029164 SIGMA24 WEAK,0.09818263,0.6466559,0,1,1,0.6466559
ECK125137539 YGFUP6 FORWARD 3031189 SIGMA24 WEAK,0.5722853,0.9576204,1,1,1,0.9576204
ECK125137547 YGGCP1 REVERSE 3074756 SIGMA24 WEAK,0.04696497,0.71554327,0,1,1,0.71554327
ECK125137553 YGGIP6 FORWARD 3089588 SIGMA24 WEAK,0.6595129,0.578111,1,1,1,0.6595129
ECK125137565 YGHDP3 REVERSE 3111276 SIGMA24 WEAK,0.12020879,0.54779005,0,1,1,0.54779005
ECK125137574 YGHQP1 REVERSE 3132593 SIGMA24 WEAK,0.016640857,0.06589973,0,0,0,0.06589973
ECK125137584 YGHTP14 FORWARD 3133915 SIGMA24 WEAK,0.1140079,0.19141051,0,0,0,0.19141051
ECK125137610 YGIDP2 REVERSE 3182561 SIGMA24 WEAK,0.4852253,0.53752774,0,1,1,0.53752774
ECK125137611 YGIDP3 REVERSE 3182429 SIGMA24 WEAK,0.9739335,0.9832756,1,1,1,0.9832756
ECK125137592 YGIQP1 REVERSE 3161310 SIGMA24 WEAK,0.07375899,0.7627631,0,1,1,0.7627631
ECK125137631 YGJIP1 FORWARD 3226142 SIGMA24 WEAK,0.6557898,0.19997379,1,0,1,0.6557898
ECK125137632 YGJIP2 FORWARD 3226070 SIGMA24 WEAK,0.030526102,0.08981269,0,0,0,0.08981269
ECK125137636 YGJQP4 FORWARD 3236365 SIGMA24 WEAK,0.30920866,0.87739944,0,1,1,0.87739944
ECK125137647 YHAHP7 FORWARD 3252249 SIGMA24 WEAK,0.5235103,0.5785539,1,1,1,0.5785539
ECK125137652 YHAIP12 FORWARD 3252825 SIGMA24 WEAK,0.99611074,0.9942624,1,1,1,0.99611074
ECK125137649 YHAIP9 FORWARD 3252700 SIGMA24 WEAK,0.022385303,0.29187173,0,0,0,0.29187173
ECK125137656 YHAKP4 FORWARD 3254274 SIGMA24 WEAK,0.9974969,0.99921954,1,1,1,0.99921954
ECK125137681 YHBUP1 FORWARD 3301329 SIGMA24 WEAK,0.92618036,0.9511711,1,1,1,0.9511711
ECK125137683 YHBUP7 FORWARD 3301279 SIGMA24 WEAK,0.091309555,0.3259972,0,0,0,0.3259972
ECK125137698 YHCAP1 FORWARD 3362039 SIGMA24 WEAK,0.13563257,0.87052375,0,1,1,0.87052375
ECK125137708 YHCMP1 REVERSE 3380156 SIGMA24 WEAK,0.14905407,0.32154498,0,0,0,0.32154498
ECK125137712 YHCOP1 REVERSE 3386210 SIGMA24 WEAK,0.54221654,0.5160403,1,1,1,0.54221654
ECK125137725 YHDHP1 FORWARD 3403280 SIGMA24 WEAK,0.05739778,0.0245994,0,0,0,0.05739778
ECK125137728 YHDUP1 FORWARD 3412497 SIGMA24 WEAK,0.05730647,0.017974027,0,0,0,0.05730647
ECK125137756 YHFYP1 REVERSE 3511617 SIGMA24 WEAK,0.007303753,0.0752849,0,0,0,0.0752849
ECK125137773 YHGFP2 FORWARD 3537176 SIGMA24 WEAK,0.59877,0.8798479,1,1,1,0.8798479
ECK125137819 YHIMP11 FORWARD 3634817 SIGMA24 WEAK,0.8929529,0.85086316,1,1,1,0.8929529
ECK125137831 YHJRP10 REVERSE 3696283 SIGMA24 WEAK,0.098597616,0.34319308,0,0,0,0.34319308
ECK125137833 YHJRP12 REVERSE 3696215 SIGMA24 WEAK,0.5805365,0.4319927,1,0,1,0.5805365
ECK125137839 YHJXP6 REVERSE 3712097 SIGMA24 WEAK,0.708293,0.6504218,1,1,1,0.708293
ECK125137852 YIABP1 REVERSE 3727797 SIGMA24 WEAK,0.6915006,0.34256497,1,0,1,0.6915006
ECK125137876 YIBBP6 REVERSE 3793834 SIGMA24 WEAK,0.048643563,0.26271835,0,0,0,0.26271835
ECK125137868 YIBGP6 FORWARD 3768064 SIGMA24 WEAK,0.9026539,0.6421705,1,1,1,0.9026539
ECK125137893 YICNP4 REVERSE 3842509 SIGMA24 WEAK,0.51317155,0.73485386,1,1,1,0.73485386
ECK125137894 YICOP1 REVERSE 3843957 SIGMA24 WEAK,0.98060834,0.70462245,1,1,1,0.98060834
ECK125137897 YICOP11 REVERSE 3843819 SIGMA24 WEAK,0.38150924,0.6370913,0,1,1,0.6370913
ECK125137895 YICOP5 REVERSE 3843880 SIGMA24 WEAK,0.9369346,0.9628197,1,1,1,0.9628197
ECK125137905 YIEHP4 FORWARD 3896657 SIGMA24 WEAK,0.8095043,0.95203805,1,1,1,0.95203805
ECK125137908 YIEKP2 REVERSE 3899464 SIGMA24 WEAK,0.07685665,0.404815,0,0,0,0.404815
ECK125137942 YIHFP1 FORWARD 4044175 SIGMA24 WEAK,0.9036127,0.8955697,1,1,1,0.9036127
ECK125137943 YIHFP4 FORWARD 4044055 SIGMA24 WEAK,0.06826797,0.89667326,0,1,1,0.89667326
ECK125137949 YIHLP2 FORWARD 4060253 SIGMA24 WEAK,0.038095646,0.323563,0,0,0,0.323563
ECK125137952 YIHNP5 FORWARD 4062166 SIGMA24 WEAK,0.7913324,0.8123661,1,1,1,0.8123661
ECK125137955 YIHQP1 REVERSE 4069446 SIGMA24 WEAK,0.47904998,0.626154,0,1,1,0.626154
ECK125137977 YIJEP5 FORWARD 4136089 SIGMA24 WEAK,0.2593012,0.12433418,0,0,0,0.2593012
ECK125138007 YJCEP7 FORWARD 4279835 SIGMA24 WEAK,0.9393802,0.9996953,1,1,1,0.9996953
ECK125138038 YJFPP5 FORWARD 4416935 SIGMA24 WEAK,0.087893106,0.090798,0,0,0,0.090798
ECK125138073 YJGZP1 FORWARD 4501058 SIGMA24 WEAK,0.8087265,0.6489276,1,1,1,0.8087265
ECK125138078 YJHBP7 FORWARD 4503882 SIGMA24 WEAK,0.4902998,0.7136447,0,1,1,0.7136447
ECK125138089 YJHGP4 REVERSE 4524226 SIGMA24 WEAK,0.20080823,0.32215533,0,0,0,0.32215533
ECK125138104 YJIAP7 REVERSE 4589048 SIGMA24 WEAK,0.5383178,0.99047464,1,1,1,0.99047464
ECK125138093 YJIJP4 REVERSE 4562682 SIGMA24 WEAK,0.10195501,0.2441776,0,0,0,0.2441776
ECK125138095 YJIKP7 REVERSE 4563730 SIGMA24 WEAK,0.1522525,0.5627135,0,1,1,0.5627135
ECK125138105 YJIYP3 REVERSE 4591347 SIGMA24 WEAK,0.120022625,0.9433616,0,1,1,0.9433616
ECK125138112 YJJAP1 REVERSE 4600337 SIGMA24 WEAK,0.056679778,0.38611448,0,0,0,0.38611448
ECK125138107 YJJLP6 REVERSE 4594844 SIGMA24 WEAK,0.768573,0.7927156,1,1,1,0.7927156
ECK125138109 YJJLP8 REVERSE 4594882 SIGMA24 WEAK,0.79232216,0.6551849,1,1,1,0.79232216
ECK125136415 YKFIP7 REVERSE 263818 SIGMA24 WEAK,0.05536529,0.7608123,0,1,1,0.7608123
ECK125136444 YKGBP3 REVERSE 318376 SIGMA24 WEAK,0.076968,0.076691724,0,0,0,0.076968
ECK125136449 YKGCP1 REVERSE 320215 SIGMA24 WEAK,0.3544981,0.99797636,0,1,1,0.99797636
ECK125136435 YKGJP2 REVERSE 304258 SIGMA24 WEAK,0.7670069,0.992415,1,1,1,0.992415
ECK125136443 YKGLP1 FORWARD 311939 SIGMA24 WEAK,0.058313444,0.12111388,0,0,0,0.12111388
ECK125136521 YLBAP2 REVERSE 544056 SIGMA24 WEAK,0.02006513,0.04072001,0,0,0,0.04072001
ECK125136739 YMDBP4 FORWARD 1105738 SIGMA24 WEAK,0.54484814,0.47456115,1,0,1,0.54484814
ECK125136784 YMFIP1 FORWARD 1201440 SIGMA24 WEAK,0.6863438,0.87771505,1,1,1,0.87771505
ECK125136787 YMFJP9 REVERSE 1202259 SIGMA24 WEAK,0.31642222,0.13515365,0,0,0,0.31642222
ECK125136820 YMGEP6 FORWARD 1244579 SIGMA24 WEAK,0.03626476,0.055773158,0,0,0,0.055773158
ECK125136806 YMGFP1 FORWARD 1218814 SIGMA24 WEAK,0.16463889,0.028858744,0,0,0,0.16463889
ECK125136952 YNCBP4 FORWARD 1518892 SIGMA24 WEAK,0.9723158,0.98716915,1,1,1,0.98716915
ECK125136976 YNEEP5 REVERSE 1609182 SIGMA24 WEAK,0.1787816,0.23694646,0,0,0,0.23694646
ECK125136978 YNEFP7 REVERSE 1611874 SIGMA24 WEAK,0.9266847,0.9720692,1,1,1,0.9720692
ECK125137005 YNFAP7 REVERSE 1655679 SIGMA24 WEAK,0.82537335,0.9454081,1,1,1,0.9454081
ECK125137007 YNFDP6 FORWARD 1657414 SIGMA24 WEAK,0.67815906,0.4656593,1,0,1,0.67815906
ECK125136993 YNFOP1 FORWARD 1636727 SIGMA24 WEAK,0.2130103,0.23977354,0,0,0,0.23977354
ECK125137067 YNIAP1 FORWARD 1807719 SIGMA24 WEAK,0.51048946,0.76102155,1,1,1,0.76102155
ECK125137069 YNIAP7 FORWARD 1807579 SIGMA24 WEAK,0.12510885,0.9764871,0,1,1,0.9764871
ECK125137063 YNIDP6 FORWARD 1805101 SIGMA24 WEAK,0.7070566,0.9715403,1,1,1,0.9715403
ECK125137081 YNJIP1 REVERSE 1845011 SIGMA24 WEAK,0.014126159,0.044523768,0,0,0,0.044523768
ECK125137109 YOACP1 FORWARD 1893966 SIGMA24 WEAK,0.30213407,0.30051494,0,0,0,0.30213407
ECK125137112 YOAHP1 REVERSE 1894933 SIGMA24 WEAK,0.9425886,0.89486855,1,1,1,0.9425886
ECK125137187 YODBP16 FORWARD 2042294 SIGMA24 WEAK,0.9707127,0.9827687,1,1,1,0.9827687
ECK125137255 YOHCP3 REVERSE 2225679 SIGMA24 WEAK,0.22893047,0.15435736,0,0,0,0.22893047
ECK125137257 YOHDP2 FORWARD 2225763 SIGMA24 WEAK,0.15507396,0.3680147,0,0,0,0.3680147
ECK125137361 YPDIP1 FORWARD 2494494 SIGMA24 WEAK,0.03889331,0.21421447,0,0,0,0.21421447
ECK125137392 YPFMP2 REVERSE 2591070 SIGMA24 WEAK,0.9947429,0.9048205,1,1,1,0.9947429
ECK125137459 YPJAP8 REVERSE 2782822 SIGMA24 WEAK,0.71111196,0.8353062,1,1,1,0.8353062
ECK125137508 YQEFP1 REVERSE 2985624 SIGMA24 WEAK,0.990249,0.97101957,1,1,1,0.990249
ECK125137510 YQEFP11 REVERSE 2985809 SIGMA24 WEAK,0.088109516,0.3966701,0,0,0,0.3966701
ECK125137509 YQEFP8 REVERSE 2985701 SIGMA24 WEAK,0.94417596,0.93089527,1,1,1,0.94417596
ECK125137511 YQEGP1 FORWARD 2985719 SIGMA24 WEAK,0.023747943,0.010460608,0,0,0,0.023747943
ECK125137516 YQEIP1 FORWARD 2988344 SIGMA24 WEAK,0.09064953,0.060783595,0,0,0,0.09064953
ECK125137523 YQEKP12 REVERSE 2990570 SIGMA24 WEAK,0.9679215,0.93369937,1,1,1,0.9679215
ECK125137545 YQFAP10 REVERSE 3043364 SIGMA24 WEAK,0.012170698,0.009761658,0,0,0,0.012170698
ECK125137562 YQGAP1 FORWARD 3109534 SIGMA24 WEAK,0.8846674,0.9863744,1,1,1,0.9863744
ECK125137563 YQGAP4 FORWARD 3109521 SIGMA24 WEAK,0.30689293,0.112546384,0,0,0,0.30689293
ECK125137548 YQGBP1 REVERSE 3086250 SIGMA24 WEAK,0.08511029,0.1506633,0,0,0,0.1506633
ECK125137590 YQHCP1 REVERSE 3155384 SIGMA24 WEAK,0.15666305,0.31601,0,0,0,0.31601
ECK125137612 YQICP1 FORWARD 3184831 SIGMA24 WEAK,0.8019759,0.9956027,1,1,1,0.9956027
ECK125137665 YRAHP4 FORWARD 3287365 SIGMA24 WEAK,0.95981926,0.99907196,1,1,1,0.99907196
ECK125137678 YRARP1 REVERSE 3299012 SIGMA24 WEAK,0.08465897,0.36699873,0,0,0,0.36699873
ECK125137762 YRFFP6 FORWARD 3526274 SIGMA24 WEAK,0.8226637,0.96239066,1,1,1,0.96239066
ECK125137786 YRHBP9 FORWARD 3584720 SIGMA24 WEAK,0.8167448,0.79123557,1,1,1,0.8167448
ECK125137851 YSABP1 REVERSE 3725902 SIGMA24 WEAK,0.9738566,0.988437,1,1,1,0.988437
ECK125138046 YTFHP6 FORWARD 4434104 SIGMA24 WEAK,0.98484683,0.9898344,1,1,1,0.9898344
ECK125138053 YTFQP6 FORWARD 4449817 SIGMA24 WEAK,0.32219756,0.02633709,0,0,0,0.32219756
ECK125136964 ADHPP5 REVERSE 1553994 SIGMA28 WEAK,0.0057978793,0.08857445,0,0,0,0.08857445
ECK125137639 ALXP3 FORWARD 3238555 SIGMA28 WEAK,0.030833157,0.017164662,0,0,0,0.030833157
ECK125136492 AMPGP6 REVERSE 453684 SIGMA28 WEAK,0.11033674,0.34750488,0,0,0,0.34750488
ECK125137915 ASPTP1 FORWARD 3946780 SIGMA28 WEAK,0.03283883,0.13514923,0,0,0,0.13514923
ECK125136355 CAIEP3 REVERSE 35499 SIGMA28 WEAK,0.03740092,0.2072888,0,0,0,0.2072888
ECK125136357 CAIEP7 REVERSE 35399 SIGMA28 WEAK,0.04755174,0.06265556,0,0,0,0.06265556
ECK125137075 CHBGP5 REVERSE 1817312 SIGMA28 WEAK,0.0063059004,0.1961023,0,0,0,0.1961023
ECK125137208 CLDP10 REVERSE 2098475 SIGMA28 WEAK,0.9663272,0.9283716,1,1,1,0.9663272
ECK125136672 CLPSP7 FORWARD 922912 SIGMA28 WEAK,0.62174183,0.37571043,1,0,1,0.62174183
ECK125136578 COBCP6 REVERSE 670046 SIGMA28 WEAK,0.1610306,0.88693404,0,1,1,0.88693404
ECK125137806 DCRBP8 FORWARD 3609913 SIGMA28 WEAK,0.7609506,0.9143453,1,1,1,0.9143453
ECK125137106 DMLAP4 FORWARD 1881712 SIGMA28 WEAK,0.016232153,0.07575255,0,0,0,0.07575255
ECK125136390 DXRP4 FORWARD 193338 SIGMA28 WEAK,0.06373122,0.055327307,0,0,0,0.06373122
ECK125137290 ECOP7 FORWARD 2303851 SIGMA28 WEAK,0.19849958,0.99733436,0,1,1,0.99733436
ECK120009892 FLGKP FORWARD 1138351 SIGMA28 WEAK,0.6856916,0.45448923,1,0,1,0.6856916
ECK120009891 FLGMP REVERSE 1130165 SIGMA28 WEAK,0.528259,0.12764113,1,0,1,0.528259
ECK125137156 FLHCP3 REVERSE 1977932 SIGMA28 WEAK,0.13600568,0.026500467,0,0,0,0.13600568
ECK120016224 FLIEP REVERSE 2013093 SIGMA28 WEAK,0.12596942,0.6468803,0,1,1,0.6468803
ECK120016703 FLIFP FORWARD 2013205 SIGMA28 WEAK,0.05553573,0.22381505,0,0,0,0.22381505
ECK120009886 FLXAP FORWARD 1646388 SIGMA28 WEAK,0.07718069,0.22601172,0,0,0,0.22601172
ECK125137968 FRVRP4 REVERSE 4089902 SIGMA28 WEAK,0.033366576,0.3257561,0,0,0,0.3257561
ECK125137364 FRYAP6 REVERSE 2504493 SIGMA28 WEAK,0.17216626,0.14898254,0,0,0,0.17216626
ECK125136624 GALMP4 REVERSE 788898 SIGMA28 WEAK,0.15071471,0.030522818,0,0,0,0.15071471
ECK125137847 GHRBP2 FORWARD 3717189 SIGMA28 WEAK,0.27795896,0.16777612,0,0,0,0.27795896
ECK125137572 GLCAP12 REVERSE 3121321 SIGMA28 WEAK,0.19696718,0.81518614,0,1,1,0.81518614
ECK125137911 GLMSP2 REVERSE 3913811 SIGMA28 WEAK,0.024115954,0.09525078,0,0,0,0.09525078
ECK125137917 HDFRP6 REVERSE 3948160 SIGMA28 WEAK,0.16988201,0.16755538,0,0,0,0.16988201
ECK125109035 HEMLP1 REVERSE 174902 SIGMA28 WEAK,0.046663128,0.42985842,0,0,0,0.42985842
ECK125109036 HEMLP2 REVERSE 174941 SIGMA28 WEAK,0.052444324,0.15753461,0,0,0,0.15753461
ECK125137766 HSLOP3 FORWARD 3529733 SIGMA28 WEAK,0.9992737,0.9970374,1,1,1,0.9992737
ECK125137914 HSRAP6 REVERSE 3940706 SIGMA28 WEAK,0.015826842,0.010525053,0,0,0,0.015826842
ECK125137199 INSHP4 REVERSE 2067511 SIGMA28 WEAK,0.42833734,0.09332158,0,0,0,0.42833734
ECK125136882 INSHP7 FORWARD 1395971 SIGMA28 WEAK,0.04747124,0.04620246,0,0,0,0.04747124
ECK125136552 INSLP5 FORWARD 608056 SIGMA28 WEAK,0.7604665,0.44307473,1,0,1,0.7604665
ECK125137473 ISPFP2 REVERSE 2871911 SIGMA28 WEAK,0.13831852,0.5211855,0,1,1,0.5211855
ECK125137430 KGTPP7 REVERSE 2725760 SIGMA28 WEAK,0.14416263,0.06336199,0,0,0,0.14416263
ECK120015438 LOLBP REVERSE 1263556 SIGMA28 WEAK,0.2493035,0.064882234,0,0,0,0.2493035
ECK120029594 MODAP1 FORWARD 794995 SIGMA28 WEAK,0.34470567,0.81905043,0,1,1,0.81905043
ECK120009888 MOTAP REVERSE 1977302 SIGMA28 WEAK,0.66450125,0.50074965,1,1,1,0.66450125
ECK125137685 NLPIP2 REVERSE 3309040 SIGMA28 WEAK,0.02164443,0.3735425,0,0,0,0.3735425
ECK125137761 NUDEP9 REVERSE 3526329 SIGMA28 WEAK,0.053814635,0.2883503,0,0,0,0.2883503
ECK125136777 NUDJP6 REVERSE 1194437 SIGMA28 WEAK,0.04020581,0.23179685,0,0,0,0.23179685
ECK120010266 OPPAP FORWARD 1301085 SIGMA28 WEAK,0.21057618,0.6777133,0,1,1,0.6777133
ECK125137406 PBPCP1 REVERSE 2647493 SIGMA28 WEAK,0.23808536,0.8134758,0,1,1,0.8134758
ECK125137982 PFLDP4 FORWARD 4143858 SIGMA28 WEAK,0.02677525,0.0965515,0,0,0,0.0965515
ECK120029592 PPDAP REVERSE 2964220 SIGMA28 WEAK,0.29427037,0.4298841,0,0,0,0.4298841
ECK125137394 PPKP5 FORWARD 2622874 SIGMA28 WEAK,0.051274713,0.34530586,0,0,0,0.34530586
ECK125137123 PRCP1 REVERSE 1915027 SIGMA28 WEAK,0.95667046,0.8814023,1,1,1,0.95667046
ECK125137989 PURDP1 REVERSE 4205986 SIGMA28 WEAK,0.002937075,0.0075693675,0,0,0,0.0075693675
ECK125137296 RCSCP5 REVERSE 2319979 SIGMA28 WEAK,0.49218002,0.68117094,0,1,1,0.68117094
ECK125137931 RHTCP2 FORWARD 4007739 SIGMA28 WEAK,0.34396937,0.67450243,0,1,1,0.67450243
ECK125137996 RLUFP6 FORWARD 4230162 SIGMA28 WEAK,0.081306815,0.18631567,0,0,0,0.18631567
ECK125136562 RNKP7 REVERSE 644180 SIGMA28 WEAK,0.2773696,0.8695211,0,1,1,0.8695211
ECK125137796 RSMDP11 FORWARD 3604315 SIGMA28 WEAK,0.8513258,0.8910489,1,1,1,0.8910489
ECK125137673 RSMIP6 REVERSE 3293393 SIGMA28 WEAK,0.97461075,0.90621233,1,1,1,0.97461075
ECK125137777 RTCAP6 REVERSE 3556948 SIGMA28 WEAK,0.12558734,0.43681917,0,0,0,0.43681917
ECK125137745 SLYDP5 REVERSE 3478540 SIGMA28 WEAK,0.022834256,0.24126224,0,0,0,0.24126224
ECK125138060 TABAP5 FORWARD 4474783 SIGMA28 WEAK,0.7013826,0.5774593,1,1,1,0.7013826
ECK125137722 TLDDP7 REVERSE 3392184 SIGMA28 WEAK,0.08290338,0.19242723,0,0,0,0.19242723
ECK125136723 TORTP7 FORWARD 1056207 SIGMA28 WEAK,0.14752959,0.10025434,0,0,0,0.14752959
ECK125136851 TRPAP8 REVERSE 1317241 SIGMA28 WEAK,0.11846908,0.20334186,0,0,0,0.20334186
ECK125137936 UBIEP4 FORWARD 4018747 SIGMA28 WEAK,0.18699723,0.95525736,0,1,1,0.95525736
ECK125136427 YAGGP9 FORWARD 285207 SIGMA28 WEAK,0.2809369,0.19902451,0,0,0,0.2809369
ECK125136500 YBAMP3 REVERSE 490324 SIGMA28 WEAK,0.0038598804,0.015105729,0,0,0,0.015105729
ECK125136504 YBANP9 FORWARD 490879 SIGMA28 WEAK,0.20069093,0.6039422,0,1,1,0.6039422
ECK125136515 YBBJP1 REVERSE 515077 SIGMA28 WEAK,0.013696407,0.30460718,0,0,0,0.30460718
ECK125136550 YBDJP5 REVERSE 606264 SIGMA28 WEAK,0.012487141,0.120719016,0,0,0,0.120719016
ECK125136635 YBHNP5 REVERSE 822648 SIGMA28 WEAK,0.11085901,0.3880478,0,0,0,0.3880478
ECK125136655 YBIWP4 REVERSE 862783 SIGMA28 WEAK,0.009856927,0.03722025,0,0,0,0.03722025
ECK125136639 YBIXP2 REVERSE 839274 SIGMA28 WEAK,0.044050816,0.13922685,0,0,0,0.13922685
ECK125136691 YCAIP8 FORWARD 964108 SIGMA28 WEAK,0.7187453,0.11992423,1,0,1,0.7187453
ECK125136740 YCEIP5 REVERSE 1118641 SIGMA28 WEAK,0.013963462,0.036839087,0,0,0,0.036839087
ECK120009895 YCGRP REVERSE 1244556 SIGMA28 WEAK,0.7613822,0.7583328,1,1,1,0.7613822
ECK125136919 YDCFP4 FORWARD 1487231 SIGMA28 WEAK,0.27659,0.4887375,0,0,0,0.4887375
ECK120029596 YECFP FORWARD 1995717 SIGMA28 WEAK,0.2890157,0.3247796,0,0,0,0.3247796
ECK125137166 YECHP5 REVERSE 1989652 SIGMA28 WEAK,0.10419755,0.07610862,0,0,0,0.10419755
ECK125137164 YECJP4 REVERSE 1987802 SIGMA28 WEAK,0.038991097,0.15122783,0,0,0,0.15122783
ECK125137181 YEDVP6 REVERSE 2038202 SIGMA28 WEAK,0.033349536,0.1904162,0,0,0,0.1904162
ECK125137278 YEIRP3 FORWARD 2267742 SIGMA28 WEAK,0.009875481,0.03692768,0,0,0,0.03692768
ECK125137304 YFADP5 FORWARD 2356690 SIGMA28 WEAK,0.024164593,0.06445239,0,0,0,0.06445239
ECK125137357 YFDPP9 FORWARD 2473572 SIGMA28 WEAK,0.76985437,0.77961606,1,1,1,0.77961606
ECK125137381 YFEXP5 REVERSE 2550678 SIGMA28 WEAK,0.21341893,0.7000202,0,1,1,0.7000202
ECK125137382 YFEZP3 REVERSE 2551921 SIGMA28 WEAK,0.045866877,0.28087908,0,0,0,0.28087908
ECK125137439 YFIRP8 FORWARD 2741702 SIGMA28 WEAK,0.09642421,0.18748835,0,0,0,0.18748835
ECK120029593 YGBKP FORWARD 2862197 SIGMA28 WEAK,0.015235066,0.11389952,0,0,0,0.11389952
ECK125137491 YGDGP2 FORWARD 2930873 SIGMA28 WEAK,0.95409083,0.9918276,1,1,1,0.9918276
ECK125137503 YGDRP5 FORWARD 2971247 SIGMA28 WEAK,0.46514183,0.9159835,0,1,1,0.9159835
ECK125137638 YGJQP6 FORWARD 3236462 SIGMA28 WEAK,0.2233093,0.12387832,0,0,0,0.2233093
ECK125137703 YHCFP5 FORWARD 3366889 SIGMA28 WEAK,0.10372158,0.0518354,0,0,0,0.10372158
ECK125137709 YHCMP4 REVERSE 3380119 SIGMA28 WEAK,0.26444638,0.091348834,0,0,0,0.26444638
ECK125137818 YHIMP10 FORWARD 3634635 SIGMA28 WEAK,0.19604273,0.09323991,0,0,0,0.19604273
ECK120009896 YHJHP REVERSE 3679229 SIGMA28 WEAK,0.39144343,0.31509143,0,0,0,0.39144343
ECK125137920 YIFBP9 FORWARD 3949984 SIGMA28 WEAK,0.0154733565,0.13544498,0,0,0,0.13544498
ECK125137954 YIHOP3 REVERSE 4065971 SIGMA28 WEAK,0.048725408,0.05464234,0,0,0,0.05464234
ECK125137988 YJAHP1 FORWARD 4200511 SIGMA28 WEAK,0.2503205,0.09971032,0,0,0,0.2503205
ECK125138014 YJCOP3 REVERSE 4297330 SIGMA28 WEAK,0.07533246,0.35061833,0,0,0,0.35061833
ECK125109031 YJDAP1 FORWARD 4327079 SIGMA28 WEAK,0.52523875,0.43215752,1,0,1,0.52523875
ECK125109030 YJDAP2 FORWARD 4327064 SIGMA28 WEAK,0.93061155,0.93671733,1,1,1,0.93671733
ECK125138028 YJDLP4 REVERSE 4356507 SIGMA28 WEAK,0.94006646,0.5709407,1,1,1,0.94006646
ECK125138057 YJGAP11 REVERSE 4458046 SIGMA28 WEAK,0.012293593,0.12605695,0,0,0,0.12605695
ECK125138054 YJGAP5 REVERSE 4458081 SIGMA28 WEAK,0.22071214,0.019322343,0,0,0,0.22071214
ECK125138056 YJGAP9 REVERSE 4458065 SIGMA28 WEAK,0.058468178,0.062691346,0,0,0,0.062691346
ECK125138086 YJHUP8 REVERSE 4520540 SIGMA28 WEAK,0.8206351,0.9952076,1,1,1,0.9952076
ECK125109033 YKFBP1 REVERSE 266158 SIGMA28 WEAK,0.058085665,0.23505037,0,0,0,0.23505037
ECK125109034 YKFBP2 REVERSE 266227 SIGMA28 WEAK,0.08035974,0.68313175,0,1,1,0.68313175
ECK125136451 YKGCP8 REVERSE 320088 SIGMA28 WEAK,0.16793886,0.4151977,0,0,0,0.4151977
ECK125136737 YMDAP9 FORWARD 1105412 SIGMA28 WEAK,0.63849473,0.28171903,1,0,1,0.63849473
ECK125136821 YMGEP7 FORWARD 1244555 SIGMA28 WEAK,0.013595239,0.3065611,0,0,0,0.3065611
ECK125136954 YNCDP11 REVERSE 1523276 SIGMA28 WEAK,0.10216357,0.3090308,0,0,0,0.3090308
ECK125137079 YNJFP6 REVERSE 1841611 SIGMA28 WEAK,0.16444375,0.3860428,0,0,0,0.3860428
ECK120029595 YNJHP REVERSE 1842163 SIGMA28 WEAK,0.05899836,0.2474536,0,0,0,0.2474536
ECK125109029 YNJHP2 REVERSE 1842188 SIGMA28 WEAK,0.42283532,0.9005921,0,1,1,0.9005921
ECK125137111 YOACP7 REVERSE 1894112 SIGMA28 WEAK,0.37688705,0.73240215,0,1,1,0.73240215
ECK125137185 YODBP14 FORWARD 2042261 SIGMA28 WEAK,0.12711975,0.20302352,0,0,0,0.20302352
ECK125137417 YPHBP2 REVERSE 2674795 SIGMA28 WEAK,0.21688096,0.016901826,0,0,0,0.21688096
ECK125137520 YQEIP8 FORWARD 2988415 SIGMA28 WEAK,0.21470402,0.4403808,0,0,0,0.4403808
ECK125137677 YRAQP4 REVERSE 3298207 SIGMA28 WEAK,0.24921195,0.26060534,0,0,0,0.26060534
ECK125137765 YRFFP12 FORWARD 3526403 SIGMA28 WEAK,0.10238628,0.051031113,0,0,0,0.10238628
ECK125138050 YTFIP11 FORWARD 4437617 SIGMA28 WEAK,0.97942835,0.95094657,1,1,1,0.97942835
ECK125137715 AAEBP7 REVERSE 3388236 SIGMA32 WEAK,0.02205942,0.15543595,0,0,0,0.15543595
ECK120010468 ACKAP FORWARD 2413459 SIGMA32 WEAK,0.24597351,0.15310536,0,0,0,0.24597351
ECK125138023 ADICP7 REVERSE 4337202 SIGMA32 WEAK,0.1549973,0.16855034,0,0,0,0.16855034
ECK125137333 ALAAP9 FORWARD 2407408 SIGMA32 WEAK,0.11721897,0.4174268,0,0,0,0.4174268
ECK125138020 ALSEP3 REVERSE 4308667 SIGMA32 WEAK,0.006798945,0.11307986,0,0,0,0.11307986
ECK125138018 ALSKP1 REVERSE 4307995 SIGMA32 WEAK,0.032083075,0.008804453,0,0,0,0.032083075
ECK125137163 ARAHP7 REVERSE 1983560 SIGMA32 WEAK,0.07119172,0.3289971,0,0,0,0.3289971
ECK125136917 AZORP8 REVERSE 1482991 SIGMA32 WEAK,0.2680918,0.37619513,0,0,0,0.37619513
ECK125136458 BETAP5 REVERSE 327261 SIGMA32 WEAK,0.56066793,0.6909456,1,1,1,0.6909456
ECK125136356 CAIEP5 REVERSE 35440 SIGMA32 WEAK,0.39499468,0.8001254,0,1,1,0.8001254
ECK125137903 CBRAP6 FORWARD 3869314 SIGMA32 WEAK,0.004342735,0.0027138044,0,0,0,0.004342735
ECK125137155 CHEWP5 REVERSE 1973462 SIGMA32 WEAK,0.009980503,0.08336437,0,0,0,0.08336437
ECK125137206 CLDP7 REVERSE 2098413 SIGMA32 WEAK,0.04569766,0.31631517,0,0,0,0.31631517
ECK125136791 COHEP10 REVERSE 1203088 SIGMA32 WEAK,0.8026168,0.697908,1,1,1,0.8026168
ECK125136792 CROEP4 FORWARD 1202883 SIGMA32 WEAK,0.008778279,0.027403723,0,0,0,0.027403723
ECK125137461 CSIRP5 FORWARD 2795643 SIGMA32 WEAK,0.07372059,0.7216695,0,1,1,0.7216695
ECK125136715 CSPHP12 REVERSE 1051284 SIGMA32 WEAK,0.012464576,0.065403074,0,0,0,0.065403074
ECK125136712 CSPHP8 REVERSE 1051205 SIGMA32 WEAK,0.42103142,0.96021026,0,1,1,0.96021026
ECK125137476 CYSCP3 REVERSE 2874028 SIGMA32 WEAK,0.009389951,0.13664483,0,0,0,0.13664483
ECK125136989 DCPP3 REVERSE 1627422 SIGMA32 WEAK,0.12647225,0.02057335,0,0,0,0.12647225
ECK125137805 DCRBP6 FORWARD 3609930 SIGMA32 WEAK,0.015398221,0.033905957,0,0,0,0.033905957
ECK125137340 DEDAP2 REVERSE 2434940 SIGMA32 WEAK,0.039585877,0.05279296,0,0,0,0.05279296
ECK125137338 DEDDP2 REVERSE 2431868 SIGMA32 WEAK,0.25716355,0.48573333,0,0,0,0.48573333
ECK125136967 DOSPP3 REVERSE 1565743 SIGMA32 WEAK,0.08039388,0.060833387,0,0,0,0.08039388
ECK125138003 DUSAP9 FORWARD 4261600 SIGMA32 WEAK,0.15913965,0.019779898,0,0,0,0.15913965
ECK125136553 ENTDP1 REVERSE 610254 SIGMA32 WEAK,0.027586939,0.12364913,0,0,0,0.12364913
ECK120010971 EXURP FORWARD 3246508 SIGMA32 WEAK,0.41491103,0.8943833,0,1,1,0.8943833
ECK125138080 FECEP3 REVERSE 4511530 SIGMA32 WEAK,0.015968725,0.091183715,0,0,0,0.091183715
ECK125138081 FECEP4 REVERSE 4511644 SIGMA32 WEAK,0.012231,0.03600781,0,0,0,0.03600781
ECK125137755 FRLAP17 FORWARD 3499759 SIGMA32 WEAK,0.8656908,0.8433569,1,1,1,0.8656908
ECK125136364 FRURP8 FORWARD 87947 SIGMA32 WEAK,0.0012424825,0.02226136,0,0,0,0.02226136
ECK125136656 FSAAP6 FORWARD 863530 SIGMA32 WEAK,0.29898527,0.6606097,0,1,1,0.6606097
ECK125136507 FSRP8 REVERSE 504767 SIGMA32 WEAK,0.07108743,0.009809085,0,0,0,0.07108743
ECK125136508 FSRP9 REVERSE 504855 SIGMA32 WEAK,0.55529433,0.859295,1,1,1,0.859295
ECK125137595 FTSPP2 REVERSE 3162866 SIGMA32 WEAK,0.053724557,0.2518131,0,0,0,0.2518131
ECK125137979 GLDAP4 REVERSE 4139046 SIGMA32 WEAK,0.4103971,0.56963456,0,1,1,0.56963456
ECK125137778 GLGPP1 REVERSE 3566773 SIGMA32 WEAK,0.01839865,0.062633306,0,0,0,0.062633306
ECK125137619 GLNEP5 REVERSE 3199753 SIGMA32 WEAK,0.300315,0.31136426,0,0,0,0.31136426
ECK125137780 GNTUP2 REVERSE 3577085 SIGMA32 WEAK,0.027195863,0.022693526,0,0,0,0.027195863
ECK125137771 GREBP7 FORWARD 3536780 SIGMA32 WEAK,0.4424194,0.7453803,0,1,1,0.7453803
ECK125137415 HCATP6 REVERSE 2667928 SIGMA32 WEAK,0.27885628,0.19344503,0,0,0,0.27885628
ECK125137416 HCATP7 REVERSE 2668053 SIGMA32 WEAK,0.010771243,0.038211502,0,0,0,0.038211502
ECK125136593 HSCCP7 REVERSE 683594 SIGMA32 WEAK,0.06478136,0.54289854,0,1,1,0.54289854
ECK125137543 IDIP10 FORWARD 3032970 SIGMA32 WEAK,0.18311387,0.023864536,0,0,0,0.18311387
ECK125136475 INSFP5 REVERSE 392619 SIGMA32 WEAK,0.08847234,0.41434655,0,0,0,0.41434655
ECK125136904 INSHP3 REVERSE 1428926 SIGMA32 WEAK,0.0017541634,0.0017954705,0,0,0,0.0017954705
ECK125136407 IVYP5 FORWARD 240329 SIGMA32 WEAK,0.8704643,0.81558126,1,1,1,0.8704643
ECK125136358 KEFFP2 FORWARD 47080 SIGMA32 WEAK,0.072380565,0.014816197,0,0,0,0.072380565
ECK125137885 LIGBP4 REVERSE 3821288 SIGMA32 WEAK,0.212831,0.15938292,0,0,0,0.212831
ECK125138121 LPLAP2 REVERSE 4624238 SIGMA32 WEAK,0.3486875,0.16380516,0,0,0,0.3486875
ECK125137505 LPLTP3 REVERSE 2973939 SIGMA32 WEAK,0.024896279,0.09800345,0,0,0,0.09800345
ECK120016340 MACBP1 FORWARD 920094 SIGMA32 WEAK,0.0015301841,0.007237206,0,0,0,0.007237206
ECK120016341 MACBP2 FORWARD 920337 SIGMA32 WEAK,0.027326686,0.050549746,0,0,0,0.050549746
ECK125136966 MAEAP4 REVERSE 1555727 SIGMA32 WEAK,0.016526712,0.13802402,0,0,0,0.13802402
ECK125136953 MCBRP3 FORWARD 1520096 SIGMA32 WEAK,0.0076516652,0.0083387,0,0,0,0.0083387
ECK125137260 MGLCP5 REVERSE 2237858 SIGMA32 WEAK,0.15327957,0.6383131,0,1,1,0.6383131
ECK125095205 MHPTP FORWARD 375386 SIGMA32 WEAK,0.62005794,0.9299937,1,1,1,0.9299937
ECK125137249 MLRAP9 FORWARD 2214785 SIGMA32 WEAK,0.2107582,0.102906525,0,0,0,0.2107582
ECK125136420 MMUPP6 FORWARD 275206 SIGMA32 WEAK,0.008537947,0.13667472,0,0,0,0.13667472
ECK120010025 MNGAP FORWARD 765811 SIGMA32 WEAK,0.013150082,0.021662153,0,0,0,0.021662153
ECK125136875 MPAAP4 REVERSE 1390639 SIGMA32 WEAK,0.10732445,0.048657507,0,0,0,0.10732445
ECK125136878 MPPAP4 FORWARD 1393204 SIGMA32 WEAK,0.23939052,0.5532513,0,1,1,0.5532513
ECK120016345 MUTMP2 REVERSE 3811277 SIGMA32 WEAK,0.061211415,0.5495477,0,1,1,0.5495477
ECK125136757 PABCP8 FORWARD 1153093 SIGMA32 WEAK,0.03774571,0.30371204,0,0,0,0.30371204
ECK125137407 PBPCP2 REVERSE 2647368 SIGMA32 WEAK,0.02815428,0.6168846,0,1,1,0.6168846
ECK125137980 PFLDP2 FORWARD 4143880 SIGMA32 WEAK,0.19415654,0.36168444,0,0,0,0.36168444
ECK125136627 PGLP2 FORWARD 798539 SIGMA32 WEAK,0.03267048,0.0055197235,0,0,0,0.03267048
ECK125095209 PGPCP REVERSE 2698638 SIGMA32 WEAK,0.15796132,0.26348662,0,0,0,0.26348662
ECK125137933 PLDBP6 FORWARD 4009014 SIGMA32 WEAK,0.0025927927,0.0038722332,0,0,0,0.0038722332
ECK125137015 PNTBP6 REVERSE 1676548 SIGMA32 WEAK,0.009637912,0.42193073,0,0,0,0.42193073
ECK125138117 PRFCP2 FORWARD 4609344 SIGMA32 WEAK,0.017625166,0.018443443,0,0,0,0.018443443
ECK125136414 PROBP11 FORWARD 260303 SIGMA32 WEAK,0.011088723,0.035601776,0,0,0,0.035601776
ECK125137138 PURTP5 FORWARD 1930719 SIGMA32 WEAK,0.047999505,0.13510911,0,0,0,0.13510911
ECK125137883 PYREP4 REVERSE 3815985 SIGMA32 WEAK,0.01787833,0.0389579,0,0,0,0.0389579
ECK125136541 QUUDP3 FORWARD 573774 SIGMA32 WEAK,0.0038062783,0.06394328,0,0,0,0.06394328
ECK125137927 RARDP4 REVERSE 4004241 SIGMA32 WEAK,0.029550575,0.047623467,0,0,0,0.047623467
ECK125137928 RARDP5 REVERSE 4004297 SIGMA32 WEAK,0.005068696,0.08389262,0,0,0,0.08389262
ECK125137218 RFBXP5 REVERSE 2109676 SIGMA32 WEAK,0.03272485,0.15640904,0,0,0,0.15640904
ECK125137214 RFCP7 REVERSE 2107394 SIGMA32 WEAK,0.10089353,0.036479272,0,0,0,0.10089353
ECK125136604 RHSCP3 FORWARD 729379 SIGMA32 WEAK,0.06872263,0.24052396,0,0,0,0.24052396
ECK125136576 RLPAP5 REVERSE 665222 SIGMA32 WEAK,0.012588428,0.018323286,0,0,0,0.018323286
ECK120009867 RRSEP FORWARD 4207863 SIGMA32 WEAK,0.9866996,0.9620793,1,1,1,0.9866996
ECK125137739 RSMBP4 FORWARD 3434991 SIGMA32 WEAK,0.0034934462,0.21228456,0,0,0,0.21228456
ECK125137674 RSMIP8 REVERSE 3293553 SIGMA32 WEAK,0.04162338,0.007144243,0,0,0,0.04162338
ECK125137283 RSUAP3 REVERSE 2280548 SIGMA32 WEAK,0.055469565,0.03817915,0,0,0,0.055469565
ECK125137144 RUVBP1 REVERSE 1945366 SIGMA32 WEAK,0.017402405,0.01173816,0,0,0,0.017402405
ECK125137146 RUVBP4 REVERSE 1945544 SIGMA32 WEAK,0.03275882,0.79533386,0,1,1,0.79533386
ECK125137408 RYFAP11 FORWARD 2653699 SIGMA32 WEAK,0.010343966,0.02143464,0,0,0,0.02143464
ECK125137259 SANAP3 FORWARD 2232684 SIGMA32 WEAK,0.00097249437,0.0019584638,0,0,0,0.0019584638
ECK125138123 SLTP7 FORWARD 4630700 SIGMA32 WEAK,0.14224388,0.8377415,0,1,1,0.8377415
ECK125137744 SLYXP4 FORWARD 3477431 SIGMA32 WEAK,0.009953471,0.34676126,0,0,0,0.34676126
ECK125137343 SMRBP4 FORWARD 2448568 SIGMA32 WEAK,0.118088484,0.27488285,0,0,0,0.27488285
ECK125137490 SYDP2 REVERSE 2925369 SIGMA32 WEAK,0.04042753,0.07165401,0,0,0,0.07165401
ECK125136992 TFAQP6 REVERSE 1634956 SIGMA32 WEAK,0.35909694,0.18806653,0,0,0,0.35909694
ECK125137721 TLDDP6 REVERSE 3392075 SIGMA32 WEAK,0.0044128755,0.015875177,0,0,0,0.015875177
ECK125136615 TOLBP3 FORWARD 777560 SIGMA32 WEAK,0.013017463,0.034318395,0,0,0,0.034318395
ECK125136850 TRPAP7 REVERSE 1317339 SIGMA32 WEAK,0.017632624,0.046621982,0,0,0,0.046621982
ECK125137743 TUSBP7 REVERSE 3475109 SIGMA32 WEAK,0.091949716,0.6029236,0,1,1,0.6029236
ECK125136348 YAAWP3 REVERSE 11542 SIGMA32 WEAK,0.009511747,0.027857384,0,0,0,0.027857384
ECK125136371 YADDP4 FORWARD 146959 SIGMA32 WEAK,0.059574608,0.18061572,0,0,0,0.18061572
ECK125136398 YAFCP6 REVERSE 231083 SIGMA32 WEAK,0.056582402,0.06183868,0,0,0,0.06183868
ECK125136426 YAGGP8 FORWARD 285353 SIGMA32 WEAK,0.10782486,0.9481881,0,1,1,0.9481881
ECK125136432 YAGNP4 REVERSE 295671 SIGMA32 WEAK,0.14913106,0.051385626,0,0,0,0.14913106
ECK125136463 YAHNP5 REVERSE 346435 SIGMA32 WEAK,0.011180445,0.027698599,0,0,0,0.027698599
ECK125136466 YAIOP5 REVERSE 380973 SIGMA32 WEAK,0.2648774,0.16391152,0,0,0,0.2648774
ECK125136469 YAISP9 REVERSE 384708 SIGMA32 WEAK,0.21327178,0.51662445,0,1,1,0.51662445
ECK125136486 YAJDP6 FORWARD 430469 SIGMA32 WEAK,0.0018652076,0.021894338,0,0,0,0.021894338
ECK125136488 YAJLP2 REVERSE 443748 SIGMA32 WEAK,0.01963057,0.03257016,0,0,0,0.03257016
ECK120016347 YBBNP2 REVERSE 518568 SIGMA32 WEAK,0.011002399,0.030722335,0,0,0,0.030722335
ECK125136526 YBCJP5 REVERSE 557006 SIGMA32 WEAK,0.014234685,0.02633761,0,0,0,0.02633761
ECK125136540 YBCNP6 FORWARD 572314 SIGMA32 WEAK,0.2566437,0.09179876,0,0,0,0.2566437
ECK125136548 YBDJP3 REVERSE 606411 SIGMA32 WEAK,0.011657531,0.0026794153,0,0,0,0.011657531
ECK125136570 YBEFP6 REVERSE 661510 SIGMA32 WEAK,0.16505907,0.18369566,0,0,0,0.18369566
ECK125136583 YBEQP10 REVERSE 676624 SIGMA32 WEAK,0.3242465,0.59266394,0,1,1,0.59266394
ECK125136591 YBEUP5 FORWARD 679465 SIGMA32 WEAK,0.51836497,0.5154237,1,1,1,0.51836497
ECK120035106 YBFEP REVERSE 711939 SIGMA32 WEAK,0.16282855,0.9047807,0,1,1,0.9047807
ECK125136614 YBGCP6 FORWARD 774644 SIGMA32 WEAK,0.29140133,0.23377766,0,0,0,0.29140133
ECK125136612 YBGEP4 FORWARD 774150 SIGMA32 WEAK,0.22449347,0.1522581,0,0,0,0.22449347
ECK125136623 YBGSP8 REVERSE 785496 SIGMA32 WEAK,0.01619133,0.04844073,0,0,0,0.04844073
ECK125136637 YBIAP6 REVERSE 832960 SIGMA32 WEAK,0.0039786156,0.048246183,0,0,0,0.048246183
ECK125136646 YBIPP5 REVERSE 852626 SIGMA32 WEAK,0.033732697,0.01209875,0,0,0,0.033732697
ECK125136668 YBJEP5 REVERSE 915077 SIGMA32 WEAK,0.009040356,0.27678913,0,0,0,0.27678913
ECK125136682 YCAKP4 FORWARD 949574 SIGMA32 WEAK,0.0049504517,0.020084534,0,0,0,0.020084534
ECK125136703 YCCSP3 REVERSE 1023976 SIGMA32 WEAK,0.14954032,0.23062378,0,0,0,0.23062378
ECK125136731 YCDUP11 FORWARD 1095759 SIGMA32 WEAK,0.34370452,0.887089,0,1,1,0.887089
ECK125136770 YCFZP5 REVERSE 1181380 SIGMA32 WEAK,0.029588986,0.6737972,0,1,1,0.6737972
ECK125136771 YCFZP6 REVERSE 1181346 SIGMA32 WEAK,0.010170483,0.006052167,0,0,0,0.010170483
ECK125136843 YCIAP8 REVERSE 1312414 SIGMA32 WEAK,0.015087275,0.009069022,0,0,0,0.015087275
ECK125136847 YCIEP7 REVERSE 1315321 SIGMA32 WEAK,0.050331444,0.012656826,0,0,0,0.050331444
ECK125136853 YCINP8 REVERSE 1330702 SIGMA32 WEAK,0.12383862,0.9595525,0,1,1,0.9595525
ECK125136876 YCJYP6 REVERSE 1392072 SIGMA32 WEAK,0.02666738,0.4054192,0,0,0,0.4054192
ECK125136877 YCJZP7 FORWARD 1391872 SIGMA32 WEAK,0.1421093,0.04315582,0,0,0,0.1421093
ECK125136894 YDASP3 FORWARD 1420170 SIGMA32 WEAK,0.011331261,0.049503,0,0,0,0.049503
ECK125136949 YDCXP9 FORWARD 1517354 SIGMA32 WEAK,0.027329817,0.06081375,0,0,0,0.06081375
ECK125136958 YDDEP5 REVERSE 1535869 SIGMA32 WEAK,0.17557114,0.8291865,0,1,1,0.8291865
ECK125137001 YDFAP6 FORWARD 1648457 SIGMA32 WEAK,0.0034360848,0.015062063,0,0,0,0.015062063
ECK125137013 YDGDP4 FORWARD 1671953 SIGMA32 WEAK,0.72027117,0.7892595,1,1,1,0.7892595
ECK125137016 YDGHP5 FORWARD 1678377 SIGMA32 WEAK,0.52265865,0.51302296,1,1,1,0.52265865
ECK125137052 YDIHP2 REVERSE 1765291 SIGMA32 WEAK,0.17604603,0.44089475,0,0,0,0.44089475
ECK125137070 YDJOP4 REVERSE 1813348 SIGMA32 WEAK,0.92891824,0.9661429,1,1,1,0.9661429
ECK125137078 YDJXP5 FORWARD 1833217 SIGMA32 WEAK,0.004402737,0.07370567,0,0,0,0.07370567
ECK125137103 YEAQP3 REVERSE 1879360 SIGMA32 WEAK,0.020373035,0.00759802,0,0,0,0.020373035
ECK125137171 YECCP3 REVERSE 1997823 SIGMA32 WEAK,0.013911893,0.16139652,0,0,0,0.16139652
ECK125137173 YEDEP8 FORWARD 2008155 SIGMA32 WEAK,0.0053212913,0.10541492,0,0,0,0.10541492
ECK125137183 YEDYP4 FORWARD 2039286 SIGMA32 WEAK,0.043508757,0.0063056075,0,0,0,0.043508757
ECK125137189 YEEJP8 FORWARD 2044763 SIGMA32 WEAK,0.0458074,0.21114886,0,0,0,0.21114886
ECK125137232 YEGSP5 FORWARD 2168558 SIGMA32 WEAK,0.17349742,0.021354333,0,0,0,0.17349742
ECK125137265 YEIEP5 REVERSE 2249711 SIGMA32 WEAK,0.37070194,0.5107885,0,1,1,0.5107885
ECK125137276 YEIQP5 FORWARD 2266164 SIGMA32 WEAK,0.4111349,0.8298312,0,1,1,0.8298312
ECK125137303 YFAEP2 FORWARD 2348338 SIGMA32 WEAK,0.09975783,0.4812633,0,0,0,0.4812633
ECK125137320 YFBLP3 FORWARD 2385760 SIGMA32 WEAK,0.34594685,0.48672462,0,0,0,0.48672462
ECK125137334 YFBRP3 FORWARD 2408831 SIGMA32 WEAK,0.0045102723,0.021789107,0,0,0,0.021789107
ECK125137349 YFDFP4 FORWARD 2462802 SIGMA32 WEAK,0.26755333,0.83427,0,1,1,0.83427
ECK125137355 YFDPP5 FORWARD 2473422 SIGMA32 WEAK,0.088266164,0.016989203,0,0,0,0.088266164
ECK125137376 YFEHP3 FORWARD 2526933 SIGMA32 WEAK,0.5543849,0.64448273,1,1,1,0.64448273
ECK125137386 YFFOP8 FORWARD 2561902 SIGMA32 WEAK,0.026690738,0.11904227,0,0,0,0.11904227
ECK125137413 YFHRP4 FORWARD 2664204 SIGMA32 WEAK,0.0064796195,0.073478505,0,0,0,0.073478505
ECK125137438 YFIRP7 FORWARD 2741677 SIGMA32 WEAK,0.40208834,0.024201944,0,0,0,0.40208834
ECK125137451 YFJIP10 FORWARD 2758928 SIGMA32 WEAK,0.07411408,0.018313974,0,0,0,0.07411408
ECK125137456 YFJPP8 FORWARD 2767540 SIGMA32 WEAK,0.30110672,0.20629047,0,0,0,0.30110672
ECK125137458 YFJXP2 FORWARD 2775888 SIGMA32 WEAK,0.020473436,0.03167207,0,0,0,0.03167207
ECK125137470 YGBLP4 FORWARD 2863569 SIGMA32 WEAK,0.04749944,0.026606362,0,0,0,0.04749944
ECK125137471 YGBLP5 FORWARD 2863537 SIGMA32 WEAK,0.017013613,0.027116032,0,0,0,0.027116032
ECK125137494 YGDIP10 REVERSE 2943263 SIGMA32 WEAK,0.30613908,0.50316066,0,1,1,0.50316066
ECK125137493 YGDIP7 REVERSE 2943229 SIGMA32 WEAK,0.030077355,0.007698189,0,0,0,0.030077355
ECK125137530 YGEWP5 FORWARD 3006118 SIGMA32 WEAK,0.0018203452,0.0064749033,0,0,0,0.0064749033
ECK125137552 YGGIP5 FORWARD 3089749 SIGMA32 WEAK,0.13815285,0.12065113,0,0,0,0.13815285
ECK125137566 YGHDP4 REVERSE 3111307 SIGMA32 WEAK,0.025378888,0.05634345,0,0,0,0.05634345
ECK125137570 YGHJP7 REVERSE 3119266 SIGMA32 WEAK,0.7349951,0.105617866,1,0,1,0.7349951
ECK125137576 YGHQP7 REVERSE 3132525 SIGMA32 WEAK,0.098486274,0.0998924,0,0,0,0.0998924
ECK125137578 YGHTP4 FORWARD 3133977 SIGMA32 WEAK,0.0045201206,0.008618705,0,0,0,0.008618705
ECK125137601 YGIVP3 REVERSE 3169291 SIGMA32 WEAK,0.0070084627,0.0030959153,0,0,0,0.0070084627
ECK125137602 YGIWP5 REVERSE 3169887 SIGMA32 WEAK,0.077917874,0.32610577,0,0,0,0.32610577
ECK125137604 YGIWP7 REVERSE 3169688 SIGMA32 WEAK,0.08126104,0.025004674,0,0,0,0.08126104
ECK125137635 YGJQP3 FORWARD 3236399 SIGMA32 WEAK,0.034912996,0.119149365,0,0,0,0.119149365
ECK125137655 YHAKP3 FORWARD 3254291 SIGMA32 WEAK,0.028183194,0.047115628,0,0,0,0.047115628
ECK125137700 YHCAP11 FORWARD 3361978 SIGMA32 WEAK,0.37942052,0.18655974,0,0,0,0.37942052
ECK125137704 YHCHP2 REVERSE 3369562 SIGMA32 WEAK,0.16345121,0.004565024,0,0,0,0.16345121
ECK125137713 YHCOP3 REVERSE 3386303 SIGMA32 WEAK,0.10616378,0.11867304,0,0,0,0.11867304
ECK125137727 YHDJP2 FORWARD 3411617 SIGMA32 WEAK,0.014301663,0.0068226135,0,0,0,0.014301663
ECK125137735 YHDVP9 FORWARD 3418196 SIGMA32 WEAK,0.37484366,0.25579834,0,0,0,0.37484366
ECK125137774 YHGAP6 FORWARD 3543147 SIGMA32 WEAK,0.029529626,0.0012131417,0,0,0,0.029529626
ECK125137788 YHHAP6 FORWARD 3586729 SIGMA32 WEAK,0.34469134,0.8272464,0,1,1,0.8272464
ECK125137815 YHHJP3 REVERSE 3626848 SIGMA32 WEAK,0.0125053115,0.8764432,0,1,1,0.8764432
ECK125137781 YHHXP4 REVERSE 3580859 SIGMA32 WEAK,0.12057509,0.031159626,0,0,0,0.12057509
ECK125137837 YHJVP3 FORWARD 3700398 SIGMA32 WEAK,0.2458464,0.5083699,0,1,1,0.5083699
ECK125137846 YIADP4 FORWARD 3716356 SIGMA32 WEAK,0.012750722,0.1419305,0,0,0,0.1419305
ECK125137900 YIDFP5 REVERSE 3855790 SIGMA32 WEAK,0.0005960194,0.014245482,0,0,0,0.014245482
ECK125137945 YIHAP9 REVERSE 4050985 SIGMA32 WEAK,0.016369354,0.035745088,0,0,0,0.035745088
ECK125137960 YIHVP6 FORWARD 4073532 SIGMA32 WEAK,0.02763031,0.32645485,0,0,0,0.32645485
ECK125137983 YIJOP5 REVERSE 4148429 SIGMA32 WEAK,0.023282424,0.10013423,0,0,0,0.10013423
ECK125138015 YJCOP4 REVERSE 4297134 SIGMA32 WEAK,0.39117336,0.6271737,0,1,1,0.6271737
ECK125138016 YJCOP5 REVERSE 4297222 SIGMA32 WEAK,0.005886184,0.004198909,0,0,0,0.005886184
ECK125138030 YJEJP7 REVERSE 4374369 SIGMA32 WEAK,0.9849513,0.98754543,1,1,1,0.98754543
ECK125138037 YJFPP4 FORWARD 4416756 SIGMA32 WEAK,0.11097447,0.14434811,0,0,0,0.14434811
ECK125138041 YJFZP7 REVERSE 4427526 SIGMA32 WEAK,0.73061574,0.8348028,1,1,1,0.8348028
ECK125138070 YJGBP8 REVERSE 4496349 SIGMA32 WEAK,0.2279759,0.9887106,0,1,1,0.9887106
ECK125138075 YJHBP2 FORWARD 4504020 SIGMA32 WEAK,0.32725862,0.62750983,0,1,1,0.62750983
ECK125138103 YJIAP6 REVERSE 4588995 SIGMA32 WEAK,0.06946148,0.032039072,0,0,0,0.06946148
ECK125138097 YJILP2 REVERSE 4564793 SIGMA32 WEAK,0.0028311696,0.010855926,0,0,0,0.010855926
ECK125136457 YKGEP10 FORWARD 321537 SIGMA32 WEAK,0.055428796,0.71918404,0,1,1,0.71918404
ECK125136870 YMJAP5 REVERSE 1357810 SIGMA32 WEAK,0.02365984,0.032342855,0,0,0,0.032342855
ECK125136913 YNBAP3 FORWARD 1477462 SIGMA32 WEAK,0.16698903,0.12015897,0,0,0,0.16698903
ECK125136983 YNEKP6 FORWARD 1615550 SIGMA32 WEAK,0.06966189,0.10212532,0,0,0,0.10212532
ECK125137003 YNFAP4 REVERSE 1655699 SIGMA32 WEAK,0.8723326,0.94473255,1,1,1,0.94473255
ECK125137006 YNFCP9 REVERSE 1657547 SIGMA32 WEAK,0.17978251,0.25033742,0,0,0,0.25033742
ECK125137047 YNHGP4 REVERSE 1758945 SIGMA32 WEAK,0.062354382,0.18512467,0,0,0,0.18512467
ECK125137107 YOABP2 FORWARD 1893321 SIGMA32 WEAK,0.022289094,0.031041333,0,0,0,0.031041333
ECK125137184 YODBP13 FORWARD 2042308 SIGMA32 WEAK,0.6094327,0.92789316,1,1,1,0.92789316
ECK125137186 YODBP15 FORWARD 2042176 SIGMA32 WEAK,0.52042973,0.56879014,1,1,1,0.56879014
ECK125137176 YODCP7 REVERSE 2028410 SIGMA32 WEAK,0.08025634,0.081646055,0,0,0,0.081646055
ECK125137441 YPJDP4 FORWARD 2747846 SIGMA32 WEAK,0.03426803,0.121879086,0,0,0,0.121879086
ECK125137534 YQECP5 REVERSE 3015234 SIGMA32 WEAK,0.19000116,0.52045244,0,1,1,0.52045244
ECK125137513 YQEGP8 FORWARD 2985819 SIGMA32 WEAK,0.11857521,0.10217435,0,0,0,0.11857521
ECK125137549 YQGBP4 REVERSE 3086182 SIGMA32 WEAK,0.3775465,0.33527026,0,0,0,0.3775465
ECK125137556 YQGEP3 FORWARD 3092884 SIGMA32 WEAK,0.0027751615,0.004828773,0,0,0,0.004828773
ECK125137587 YQHAP7 REVERSE 3149575 SIGMA32 WEAK,0.040559355,0.017843014,0,0,0,0.040559355
ECK125137591 YQHHP4 FORWARD 3158421 SIGMA32 WEAK,0.006621939,0.0054666842,0,0,0,0.006621939
ECK125137644 YQJFP3 FORWARD 3250472 SIGMA32 WEAK,0.20609275,0.78971547,0,1,1,0.78971547
ECK125138000 ZURP7 REVERSE 4260114 SIGMA32 WEAK,0.111286744,0.17089155,0,0,0,0.17089155
ECK125203432 BSMAP REVERSE 4416869 SIGMA38 WEAK,0.9880977,0.58811617,1,1,1,0.9880977
ECK120015953 CPXRP REVERSE 4105686 SIGMA38 WEAK,0.97119325,0.9751881,1,1,1,0.9751881
ECK125137689 DACBP5 FORWARD 3328857 SIGMA38 WEAK,0.28565934,0.13673362,0,0,0,0.28565934
ECK125140838 DDPXP2 REVERSE 1563201 SIGMA38 WEAK,0.008374293,0.03264178,0,0,0,0.03264178
ECK125140839 DDPXP3 REVERSE 1563249 SIGMA38 WEAK,0.99735814,0.9746513,1,1,1,0.99735814
ECK120015497 DHAKP REVERSE 1250944 SIGMA38 WEAK,0.9098954,0.69780123,1,1,1,0.9098954
ECK120015496 DHARP FORWARD 1251003 SIGMA38 WEAK,0.91148996,0.97243756,1,1,1,0.97243756
ECK125095206 DKGBP FORWARD 229098 SIGMA38 WEAK,0.4810099,0.32025346,0,0,0,0.4810099
ECK125137174 DSRBP5 REVERSE 2024843 SIGMA38 WEAK,0.7116352,0.64159715,1,1,1,0.7116352
ECK125095207 FTSBP REVERSE 2872901 SIGMA38 WEAK,0.36833113,0.8509325,0,1,1,0.8509325
ECK125137975 GLPXP2 REVERSE 4115606 SIGMA38 WEAK,0.04230331,0.27147692,0,0,0,0.27147692
ECK125137850 GLYSP4 REVERSE 3724495 SIGMA38 WEAK,0.07785816,0.5147094,0,1,1,0.5147094
ECK125134717 HDFRP REVERSE 3948021 SIGMA38 WEAK,0.9975994,0.94687307,1,1,1,0.9975994
ECK125095185 HOFMP REVERSE 3522928 SIGMA38 WEAK,0.853653,0.82451594,1,1,1,0.853653
ECK125136381 HRPBP2 FORWARD 162075 SIGMA38 WEAK,0.76586217,0.60538095,1,1,1,0.76586217
ECK125137462 KBPP4 REVERSE 2796814 SIGMA38 WEAK,0.7905449,0.9075396,1,1,1,0.9075396
ECK125137140 LPXMP4 REVERSE 1940228 SIGMA38 WEAK,0.99840564,0.9956008,1,1,1,0.99840564
ECK120015409 LSRAP FORWARD 1601460 SIGMA38 WEAK,0.4879458,0.966343,0,1,1,0.966343
ECK120015494 MDTAP FORWARD 2153979 SIGMA38 WEAK,0.9917081,0.9953506,1,1,1,0.9953506
ECK120009848 MPLP1 FORWARD 4455728 SIGMA38 WEAK,0.845515,0.9242689,1,1,1,0.9242689
ECK120009940 NARUP2 REVERSE 1544163 SIGMA38 WEAK,0.6763325,0.9981596,1,1,1,0.9981596
ECK125136636 RHLEP5 FORWARD 830783 SIGMA38 WEAK,0.79977936,0.06975042,1,0,1,0.79977936
ECK120010188 SPECP REVERSE 3109175 SIGMA38 WEAK,0.90233344,0.99888474,1,1,1,0.99888474
ECK120015379 TKTBP FORWARD 2579308 SIGMA38 WEAK,0.99748045,0.9730555,1,1,1,0.99748045
ECK125136369 YADEP4 FORWARD 145053 SIGMA38 WEAK,0.092817985,0.42068973,0,0,0,0.42068973
ECK125136633 YBHBP4 REVERSE 807930 SIGMA38 WEAK,0.117125355,0.6972429,0,1,1,0.6972429
ECK125136638 YBIIP6 REVERSE 838484 SIGMA38 WEAK,0.8715485,0.8920953,1,1,1,0.8920953
ECK120027918 YCIGP REVERSE 1316092 SIGMA38 WEAK,0.99503267,0.98922336,1,1,1,0.99503267
ECK120033654 YDBDP FORWARD 1475066 SIGMA38 WEAK,0.3808208,0.93324584,0,1,1,0.93324584
ECK125136909 YDBKP4 REVERSE 1440846 SIGMA38 WEAK,0.5967129,0.5646913,1,1,1,0.5967129
ECK125160783 YDCSP1 FORWARD 1511599 SIGMA38 WEAK,0.10136979,0.08192981,0,0,0,0.10136979
ECK125137235 YEGSP8 FORWARD 2168683 SIGMA38 WEAK,0.27190286,0.17276749,0,0,0,0.27190286
ECK125137654 YHAJP7 REVERSE 3254261 SIGMA38 WEAK,0.080131635,0.10562226,0,0,0,0.10562226
ECK125137807 YHHTP4 FORWARD 3611841 SIGMA38 WEAK,0.60376805,0.41910547,1,0,1,0.60376805
ECK125134716 YHIMP FORWARD 3634743 SIGMA38 WEAK,0.3494562,0.95439345,0,1,1,0.95439345
ECK125137934 YIGMP3 FORWARD 4011050 SIGMA38 WEAK,0.29734623,0.15375398,0,0,0,0.29734623
ECK125138072 YJGBP10 REVERSE 4496234 SIGMA38 WEAK,0.4084841,0.56662244,0,1,1,0.56662244
ECK125138122 YJJKP11 REVERSE 4630566 SIGMA38 WEAK,0.5933646,0.31224066,1,0,1,0.5933646
ECK125137136 YOBBP8 FORWARD 1925209 SIGMA38 WEAK,0.8926489,0.8988874,1,1,1,0.8988874
ECK120010964 ZNUAP REVERSE 1942661 SIGMA38 WEAK,0.32804638,0.18585946,0,0,0,0.32804638
ECK125095451 ACRDP2 FORWARD 2587550 SIGMA54 WEAK,0.97993636,0.863322,1,1,1,0.97993636
ECK125095447 ACTPP REVERSE 4284935 SIGMA54 WEAK,0.019344753,0.25834745,0,0,0,0.25834745
ECK120009973 ARGTP REVERSE 2427849 SIGMA54 WEAK,0.38382614,0.40176964,0,0,0,0.40176964
ECK120026316 ASLBP FORWARD 3982781 SIGMA54 WEAK,0.029889727,0.19281764,0,0,0,0.19281764
ECK120010180 ATODP FORWARD 2323412 SIGMA54 WEAK,0.22242117,0.32236004,0,0,0,0.32236004
ECK120033259 CHACP FORWARD 1272422 SIGMA54 WEAK,0.6614829,0.47605035,1,0,1,0.6614829
ECK125095439 CRLP2 FORWARD 257824 SIGMA54 WEAK,0.16870724,0.34217298,0,0,0,0.34217298
ECK120021266 DCUDP2 FORWARD 3374583 SIGMA54 WEAK,0.07020401,0.08079411,0,0,0,0.08079411
ECK120009977 DDPXP REVERSE 1563107 SIGMA54 WEAK,0.0063264514,0.14379315,0,0,0,0.14379315
ECK125136726 EFEOP2 FORWARD 1082154 SIGMA54 WEAK,0.035077427,0.034764767,0,0,0,0.035077427
ECK125095441 EMRDP FORWARD 3853845 SIGMA54 WEAK,0.9668127,0.8449639,1,1,1,0.9668127
ECK125136496 FFSP5 FORWARD 476399 SIGMA54 WEAK,0.54637474,0.60583466,1,1,1,0.60583466
ECK125095446 FLHDP2 REVERSE 1978577 SIGMA54 WEAK,0.08073805,0.41487044,0,0,0,0.41487044
ECK120010750 GLNKP FORWARD 472556 SIGMA54 WEAK,0.12703413,0.037452135,0,0,0,0.12703413
ECK125137767 HSLOP4 FORWARD 3529672 SIGMA54 WEAK,0.35164794,0.9699562,0,1,1,0.9699562
ECK125095445 HTPGP3 FORWARD 494817 SIGMA54 WEAK,0.38173375,0.66145706,0,1,1,0.66145706
ECK125136375 HTREP1 REVERSE 155518 SIGMA54 WEAK,0.019515371,0.03537953,0,0,0,0.03537953
ECK125136597 INSHP6 REVERSE 689222 SIGMA54 WEAK,0.2721241,0.028151076,0,0,0,0.2721241
ECK125137409 ISCXP3 REVERSE 2656917 SIGMA54 WEAK,0.24987537,0.034328856,0,0,0,0.24987537
ECK125137474 ISPFP3 REVERSE 2871984 SIGMA54 WEAK,0.027813055,0.026352495,0,0,0,0.027813055
ECK120010018 KCHP REVERSE 1310523 SIGMA54 WEAK,0.054819122,0.12544954,0,0,0,0.12544954
ECK125138101 MCRCP5 REVERSE 4578062 SIGMA54 WEAK,0.49567175,0.5909965,0,1,1,0.5909965
ECK125095440 NIKAP2 FORWARD 3613439 SIGMA54 WEAK,0.024115043,0.67855453,0,1,1,0.67855453
ECK125137953 OMPLP1 REVERSE 4064479 SIGMA54 WEAK,0.04044295,0.055979677,0,0,0,0.055979677
ECK125137113 PABBP6 FORWARD 1894779 SIGMA54 WEAK,0.06188765,0.6424464,0,1,1,0.6424464
ECK125137114 PABBP7 FORWARD 1894628 SIGMA54 WEAK,0.011617981,0.12603062,0,0,0,0.12603062
ECK125136864 PGPBP9 FORWARD 1339165 SIGMA54 WEAK,0.29035127,0.003747706,0,0,0,0.29035127
ECK125136797 PINEP3 FORWARD 1209672 SIGMA54 WEAK,0.046646256,0.016661165,0,0,0,0.046646256
ECK120009957 POTFP1 FORWARD 893736 SIGMA54 WEAK,0.96681386,0.94992304,1,1,1,0.96681386
ECK125137395 PPKP6 FORWARD 2622990 SIGMA54 WEAK,0.22233304,0.6656238,0,1,1,0.6656238
ECK120009974 PRPBP FORWARD 348646 SIGMA54 WEAK,0.060284246,0.023026893,0,0,0,0.060284246
ECK120010019 PUUPP REVERSE 1359373 SIGMA54 WEAK,0.01923792,0.0050694584,0,0,0,0.01923792
ECK125136411 RAYTP1 FORWARD 247544 SIGMA54 WEAK,0.36520085,0.7012355,0,1,1,0.7012355
ECK125137617 RFAEP1 REVERSE 3196926 SIGMA54 WEAK,0.01940254,0.42370299,0,0,0,0.42370299
ECK125095448 RHADP REVERSE 4094385 SIGMA54 WEAK,0.47669592,0.10037583,0,0,0,0.47669592
ECK125138115 RSMCP1 REVERSE 4607868 SIGMA54 WEAK,0.048455577,0.7866558,0,1,1,0.7866558
ECK125137795 RSMDP2 FORWARD 3604297 SIGMA54 WEAK,0.1514734,0.91400856,0,1,1,0.91400856
ECK120009979 RUTAP REVERSE 1074026 SIGMA54 WEAK,0.26364934,0.15120403,0,0,0,0.26364934
ECK125137050 RYDBP1 REVERSE 1764930 SIGMA54 WEAK,0.3134811,0.16924359,0,0,0,0.3134811
ECK125137393 TMCAP5 REVERSE 2595938 SIGMA54 WEAK,0.0874561,0.24801162,0,0,0,0.24801162
ECK125137018 TUSP2 FORWARD 1684173 SIGMA54 WEAK,0.118020415,0.04849838,0,0,0,0.118020415
ECK125137946 TYPAP1 FORWARD 4058230 SIGMA54 WEAK,0.1569721,0.058444276,0,0,0,0.1569721
ECK125095438 YAAUP FORWARD 45592 SIGMA54 WEAK,0.13907318,0.54905814,0,1,1,0.54905814
ECK125095437 YAHEP FORWARD 335739 SIGMA54 WEAK,0.84142125,0.9816471,1,1,1,0.9816471
ECK125136534 YBCKP1 FORWARD 568787 SIGMA54 WEAK,0.1248181,0.25843766,0,0,0,0.25843766
ECK120010017 YBHKP REVERSE 816692 SIGMA54 WEAK,0.18948539,0.48157585,0,0,0,0.48157585
ECK125136644 YBIOP5 REVERSE 845664 SIGMA54 WEAK,0.3272534,0.7863542,0,1,1,0.7863542
ECK125136805 YCGGP7 FORWARD 1217307 SIGMA54 WEAK,0.15480353,0.2626694,0,0,0,0.2626694
ECK125136812 YCGNP1 FORWARD 1228683 SIGMA54 WEAK,0.07121295,0.3666759,0,0,0,0.3666759
ECK125136868 YCJDP5 REVERSE 1351896 SIGMA54 WEAK,0.3175629,0.85821915,0,1,1,0.85821915
ECK120009975 YEAGP1 FORWARD 1866815 SIGMA54 WEAK,0.7774424,0.8059658,1,1,1,0.8059658
ECK125137127 YEBVP2 FORWARD 1921715 SIGMA54 WEAK,0.5078055,0.062253077,1,0,1,0.5078055
ECK125137263 YEIBP2 REVERSE 2243073 SIGMA54 WEAK,0.13562901,0.5733831,0,1,1,0.5733831
ECK125095444 YEJHP FORWARD 2280622 SIGMA54 WEAK,0.9741072,0.8558786,1,1,1,0.9741072
ECK125137368 YFEAP6 REVERSE 2517892 SIGMA54 WEAK,0.017535891,0.005407785,0,0,0,0.017535891
ECK125095443 YGFKP FORWARD 3015992 SIGMA54 WEAK,0.109818466,0.028399063,0,0,0,0.109818466
ECK125137557 YGGMP1 REVERSE 3099757 SIGMA54 WEAK,0.0038817232,0.0026782597,0,0,0,0.0038817232
ECK120009976 YHDWP FORWARD 3418972 SIGMA54 WEAK,0.55230147,0.9213649,1,1,1,0.9213649
ECK125137748 YHEVP1 REVERSE 3478985 SIGMA54 WEAK,0.015362931,0.020125149,0,0,0,0.020125149
ECK125137797 YHHMP1 REVERSE 3605794 SIGMA54 WEAK,0.19552091,0.21057168,0,0,0,0.21057168
ECK125137823 YHIDP1 REVERSE 3656110 SIGMA54 WEAK,0.2712632,0.024298526,0,0,0,0.2712632
ECK125095442 YHJCP FORWARD 3672136 SIGMA54 WEAK,0.2968701,0.36362955,0,0,0,0.36362955
ECK125137948 YIHLP1 FORWARD 4060372 SIGMA54 WEAK,0.48067564,0.5996613,0,1,1,0.5996613
ECK125137990 YJAAP3 FORWARD 4213224 SIGMA54 WEAK,0.6269795,0.39829442,1,0,1,0.6269795
ECK125137987 YJAGP4 FORWARD 4199373 SIGMA54 WEAK,0.16089272,0.5659713,0,1,1,0.5659713
ECK125138085 YJHUP1 REVERSE 4520381 SIGMA54 WEAK,0.04610152,0.08801675,0,0,0,0.08801675
ECK125138125 YJJXP6 REVERSE 4633899 SIGMA54 WEAK,0.028186303,0.033892304,0,0,0,0.033892304
ECK125137737 YRDBP1 REVERSE 3430062 SIGMA54 WEAK,0.07471896,0.01679463,0,0,0,0.07471896
ECK125137738 YRDBP4 REVERSE 3430088 SIGMA54 WEAK,0.014352059,0.0105324695,0,0,0,0.014352059
ECK125138044 YTFFP6 REVERSE 4433131 SIGMA54 WEAK,0.22938074,0.3995872,0,0,0,0.3995872
ECK125137976 ZAPBP1 FORWARD 4118386 SIGMA54 WEAK,0.008028899,0.13359445,0,0,0,0.13359445
ECK120010765 ZRAPP REVERSE 4201712 SIGMA54 WEAK,0.37390667,0.74124056,0,1,1,0.74124056
ECK120010766 ZRASP FORWARD 4201905 SIGMA54 WEAK,0.16381142,0.2702638,0,0,0,0.2702638
ECK125137720 AAERP10 FORWARD 3389381 SIGMA70 WEAK,0.821462,0.717977,1,1,1,0.821462
ECK125137718 AAERP7 FORWARD 3389461 SIGMA70 WEAK,0.977413,0.93579996,1,1,1,0.977413
ECK125136673 AATP5 REVERSE 927460 SIGMA70 WEAK,0.98656255,0.93679774,1,1,1,0.98656255
ECK120015500 ACRDP FORWARD 2587475 SIGMA70 WEAK,0.32541507,0.6326717,0,1,1,0.6326717
ECK120016232 ACREP FORWARD 3413702 SIGMA70 WEAK,0.7908316,0.675256,1,1,1,0.7908316
ECK120015959 ACRRP FORWARD 485699 SIGMA70 WEAK,0.31764236,0.45633543,0,0,0,0.45633543
ECK120009980 ACSP1 REVERSE 4287595 SIGMA70 WEAK,0.99287534,0.51723874,1,1,1,0.99287534
ECK125137021 ADDP6 FORWARD 1702202 SIGMA70 WEAK,0.97711116,0.6168799,1,1,1,0.97711116
ECK125137899 ADEP7 FORWARD 3843930 SIGMA70 WEAK,0.5540277,0.21053515,1,0,1,0.5540277
ECK125137309 AISP4 REVERSE 2365756 SIGMA70 WEAK,0.9898996,0.99526775,1,1,1,0.99526775
ECK125137311 AISP8 REVERSE 2365698 SIGMA70 WEAK,0.95137197,0.49069044,1,0,1,0.95137197
ECK120030790 ALACP REVERSE 2498399 SIGMA70 WEAK,0.9993437,0.85102564,1,1,1,0.9993437
ECK125137464 ALAEP11 FORWARD 2799087 SIGMA70 WEAK,0.9014406,0.5912343,1,1,1,0.9014406
ECK120010611 ALAWP REVERSE 2518253 SIGMA70 WEAK,0.3493004,0.08741551,0,0,0,0.3493004
ECK125137370 ALAXP4 REVERSE 2518306 SIGMA70 WEAK,0.4993056,0.06102884,0,0,0,0.4993056
ECK120010162 ALKBP REVERSE 2309445 SIGMA70 WEAK,0.99442023,0.9875087,1,1,1,0.99442023
ECK120015473 ALLDP REVERSE 546411 SIGMA70 WEAK,0.6292508,0.7827054,1,1,1,0.7827054
ECK125137640 ALXP4 FORWARD 3238370 SIGMA70 WEAK,0.9074057,0.6256798,1,1,1,0.9074057
ECK125137497 AMICP6 REVERSE 2949189 SIGMA70 WEAK,0.48973852,0.7163757,0,1,1,0.7163757
ECK125137498 AMICP7 REVERSE 2949066 SIGMA70 WEAK,0.36017787,0.5519698,0,1,1,0.5519698
ECK120015384 AMYAP FORWARD 2006115 SIGMA70 WEAK,0.9474262,0.75433064,1,1,1,0.9474262
ECK125137027 ANMKP9 REVERSE 1719673 SIGMA70 WEAK,0.84195143,0.99379313,1,1,1,0.99379313
ECK120010165 APPCP FORWARD 1037710 SIGMA70 WEAK,0.9405578,0.8027729,1,1,1,0.9405578
ECK120020532 APPYP FORWARD 583567 SIGMA70 WEAK,0.998014,0.9918242,1,1,1,0.998014
ECK125136670 AQPZP3 REVERSE 916133 SIGMA70 WEAK,0.5563152,0.06600443,1,0,1,0.5563152
ECK120020530 ARGAP FORWARD 2949156 SIGMA70 WEAK,0.2410469,0.60227644,0,1,1,0.60227644
ECK120010080 ARGGP FORWARD 3318562 SIGMA70 WEAK,0.9489599,0.9065512,1,1,1,0.9489599
ECK120010588 ARGUP FORWARD 564703 SIGMA70 WEAK,0.079986386,0.053142697,0,0,0,0.079986386
ECK120010595 ARGWP FORWARD 2466308 SIGMA70 WEAK,0.024776848,0.020850135,0,0,0,0.024776848
ECK125137993 ARPAP8 REVERSE 4222513 SIGMA70 WEAK,0.97124195,0.76073825,1,1,1,0.97124195
ECK125137994 ARPAP9 REVERSE 4222691 SIGMA70 WEAK,0.58250207,0.6475393,1,1,1,0.6475393
ECK125135022 ARRSP REVERSE 3658054 SIGMA70 WEAK,0.99754083,0.9918921,1,1,1,0.99754083
ECK120016939 ASCGP REVERSE 2839287 SIGMA70 WEAK,0.944374,0.98325515,1,1,1,0.98325515
ECK120010591 ASNTP FORWARD 2044541 SIGMA70 WEAK,0.0044995076,0.0058950633,0,0,0,0.0058950633
ECK120010592 ASNUP FORWARD 2059845 SIGMA70 WEAK,0.17904899,0.08087885,0,0,0,0.17904899
ECK120010593 ASNVP FORWARD 2062252 SIGMA70 WEAK,0.12376004,0.007762972,0,0,0,0.12376004
ECK120010586 ASPVP FORWARD 236913 SIGMA70 WEAK,0.24397895,0.09577756,0,0,0,0.24397895
ECK120009851 ASTCP1 REVERSE 1832013 SIGMA70 WEAK,0.9730558,0.7561797,1,1,1,0.9730558
ECK125137912 ATPCP1 REVERSE 3916059 SIGMA70 WEAK,0.7348252,0.09108038,1,0,1,0.7348252
ECK125138022 BASSP4 REVERSE 4333477 SIGMA70 WEAK,0.7917728,0.6284058,1,1,1,0.7917728
ECK125137855 BAXP5 REVERSE 3737221 SIGMA70 WEAK,0.14488922,0.32444018,0,0,0,0.32444018
ECK125137856 BAXP7 REVERSE 3737234 SIGMA70 WEAK,0.4697455,0.5055921,0,1,1,0.5055921
ECK120016406 BCSBP REVERSE 3692673 SIGMA70 WEAK,0.44925374,0.9263712,0,1,1,0.9263712
ECK125137836 BCSEP11 FORWARD 3696395 SIGMA70 WEAK,0.44341362,0.35090363,0,0,0,0.44341362
ECK125095201 BDCAP REVERSE 4474064 SIGMA70 WEAK,0.9891593,0.9576761,1,1,1,0.9891593
ECK125136763 BHSAP8 FORWARD 1168981 SIGMA70 WEAK,0.9993161,0.9991021,1,1,1,0.9993161
ECK120010997 BIOAP REVERSE 809292 SIGMA70 WEAK,0.65109867,0.8261571,1,1,1,0.8261571
ECK120010998 BIOBP FORWARD 809302 SIGMA70 WEAK,0.06749059,0.6303367,0,1,1,0.6303367
ECK125137841 BISCP3 REVERSE 3716486 SIGMA70 WEAK,0.1619276,0.62129104,0,1,1,0.62129104
ECK125137844 BISCP7 REVERSE 3716513 SIGMA70 WEAK,0.86839443,0.21960206,1,0,1,0.86839443
ECK125136804 BLUFP7 REVERSE 1215613 SIGMA70 WEAK,0.7153195,0.36546847,1,0,1,0.7153195
ECK125136658 BSSRP5 FORWARD 878246 SIGMA70 WEAK,0.033928663,0.015353672,0,0,0,0.033928663
ECK125137907 CBRBP3 FORWARD 3897479 SIGMA70 WEAK,0.113343224,0.068264544,0,0,0,0.113343224
ECK125230250 CECRP REVERSE 830669 SIGMA70 WEAK,0.8562157,0.95820737,1,1,1,0.95820737
ECK120010764 CEDAP REVERSE 1813742 SIGMA70 WEAK,0.9680921,0.99410146,1,1,1,0.99410146
ECK120035107 CHOP FORWARD 1823492 SIGMA70 WEAK,0.9985055,0.8004756,1,1,1,0.9985055
ECK120009877 CHPSP1 FORWARD 4448402 SIGMA70 WEAK,0.43464983,0.13728414,0,0,0,0.43464983
ECK120009878 CHPSP2 FORWARD 4448428 SIGMA70 WEAK,0.9738099,0.6045606,1,1,1,0.9738099
ECK125136564 CITTP6 REVERSE 646603 SIGMA70 WEAK,0.8895136,0.81461823,1,1,1,0.8895136
ECK125136382 CLCAP10 FORWARD 175052 SIGMA70 WEAK,0.17267282,0.11140925,0,0,0,0.17267282
ECK125137205 CLDP6 REVERSE 2098375 SIGMA70 WEAK,0.34947366,0.8060155,0,1,1,0.8060155
ECK125136671 CLPSP6 FORWARD 922750 SIGMA70 WEAK,0.080700174,0.050037455,0,0,0,0.080700174
ECK120010689 CMOMP FORWARD 973404 SIGMA70 WEAK,0.9826927,0.9530588,1,1,1,0.9826927
ECK125137026 CNUP10 FORWARD 1704812 SIGMA70 WEAK,0.32230267,0.10556669,0,0,0,0.32230267
CK125137023 CNUP7 FORWARD 1704873 SIGMA70 WEAK,0.5990671,0.9717416,1,1,1,0.9717416
ECK125137025 CNUP9 FORWARD 1704761 SIGMA70 WEAK,0.34300625,0.23237085,0,0,0,0.34300625
ECK125137197 COBTP8 REVERSE 2064601 SIGMA70 WEAK,0.24527523,0.75872654,0,1,1,0.75872654
ECK125136789 COHEP8 REVERSE 1202955 SIGMA70 WEAK,0.34025908,0.16903563,0,0,0,0.34025908
ECK125136790 COHEP9 REVERSE 1203014 SIGMA70 WEAK,0.7042649,0.8827875,1,1,1,0.8827875
ECK125136762 COMRP3 REVERSE 1168863 SIGMA70 WEAK,0.99344325,0.8314196,1,1,1,0.99344325
ECK120010545 CORAP FORWARD 4001194 SIGMA70 WEAK,0.14133935,0.054226298,0,0,0,0.14133935
ECK120010546 CREAP FORWARD 4635477 SIGMA70 WEAK,0.98597986,0.9653234,1,1,1,0.98597986
ECK125136793 CROEP5 FORWARD 1203006 SIGMA70 WEAK,0.5400734,0.51644874,1,1,1,0.5400734
ECK125137495 CSDAP3 FORWARD 2943207 SIGMA70 WEAK,0.66198224,0.92005736,1,1,1,0.92005736
ECK125137116 CSPCP8 REVERSE 1907509 SIGMA70 WEAK,0.02754721,0.019716414,0,0,0,0.02754721
ECK120034386 CSPEP1 FORWARD 657147 SIGMA70 WEAK,0.8808391,0.9379339,1,1,1,0.9379339
ECK125136996 CSPFP6 FORWARD 1641765 SIGMA70 WEAK,0.8707486,0.88954306,1,1,1,0.88954306
ECK125136997 CSPFP7 FORWARD 1641690 SIGMA70 WEAK,0.8375806,0.41513172,1,0,1,0.8375806
ECK125136713 CSPHP9 REVERSE 1051330 SIGMA70 WEAK,0.9074089,0.2352776,1,0,1,0.9074089
ECK125137724 CSRDP4 REVERSE 3403425 SIGMA70 WEAK,0.20851801,0.41176862,0,0,0,0.41176862
ECK125136514 CUERP6 FORWARD 513974 SIGMA70 WEAK,0.40986738,0.108937435,0,0,0,0.40986738
ECK125137150 CUTCP2 REVERSE 1959267 SIGMA70 WEAK,0.032939002,0.08198645,0,0,0,0.08198645
ECK125136817 CVRAP6 REVERSE 1242164 SIGMA70 WEAK,0.9025353,0.9633563,1,1,1,0.9633563
ECK125136921 CYBBP6 FORWARD 1490887 SIGMA70 WEAK,0.8756512,0.95838773,1,1,1,0.95838773
ECK125136489 CYOEP3 REVERSE 447770 SIGMA70 WEAK,0.37049848,0.8268326,0,1,1,0.8268326
ECK120010149 CYSBP FORWARD 1333788 SIGMA70 WEAK,0.9885755,0.9789988,1,1,1,0.9885755
ECK120022294 DACCP FORWARD 880653 SIGMA70 WEAK,0.5255298,0.8667718,1,1,1,0.8667718
ECK120009913 DCUDP FORWARD 3374766 SIGMA70 WEAK,0.98640347,0.9926359,1,1,1,0.9926359
ECK120029294 DICBP FORWARD 1649597 SIGMA70 WEAK,0.5787887,0.9157442,1,1,1,0.9157442
ECK120051380 DINBP FORWARD 250880 SIGMA70 WEAK,0.9378883,0.92345643,1,1,1,0.9378883
ECK120010093 DINGP FORWARD 833073 SIGMA70 WEAK,0.23933229,0.7984702,0,1,1,0.7984702
ECK120049203 DINJP REVERSE 246615 SIGMA70 WEAK,0.98490024,0.97358125,1,1,1,0.98490024
ECK125136360 DJLAP3 FORWARD 57268 SIGMA70 WEAK,0.5084439,0.12151821,1,0,1,0.5084439
ECK125137252 DLDP7 FORWARD 2222082 SIGMA70 WEAK,0.26383707,0.17558111,0,0,0,0.26383707
ECK125137105 DMLRP3 REVERSE 1881855 SIGMA70 WEAK,0.9677932,0.33845335,1,0,1,0.9677932
ECK125136815 DSBBP6 REVERSE 1233147 SIGMA70 WEAK,0.3369531,0.53189945,0,1,1,0.53189945
ECK120011037 DSDCP REVERSE 2477746 SIGMA70 WEAK,0.71400833,0.8138771,1,1,1,0.8138771
ECK125136605 DTPDP5 REVERSE 742622 SIGMA70 WEAK,0.5756207,0.8583887,1,1,1,0.8583887
ECK125136607 DTPDP8 REVERSE 742670 SIGMA70 WEAK,0.93258774,0.8988899,1,1,1,0.93258774
ECK125138002 DUSAP6 FORWARD 4261658 SIGMA70 WEAK,0.99482536,0.97556406,1,1,1,0.99482536
ECK120015437 DUTP FORWARD 3813852 SIGMA70 WEAK,0.027491111,0.06736733,0,0,0,0.06736733
ECK120011034 EBGAP FORWARD 3222551 SIGMA70 WEAK,0.96262604,0.9405548,1,1,1,0.96262604
ECK125137289 ECOP5 FORWARD 2303797 SIGMA70 WEAK,0.8420161,0.4949895,1,0,1,0.8420161
ECK125136725 EFEOP1 FORWARD 1082243 SIGMA70 WEAK,0.96820694,0.866395,1,1,1,0.96820694
ECK120009875 EFPP FORWARD 4375567 SIGMA70 WEAK,0.12500952,0.8043707,0,1,1,0.8043707
ECK125137314 ELAAP3 REVERSE 2381614 SIGMA70 WEAK,0.55035865,0.5472429,1,1,1,0.55035865
ECK125137317 ELADP8 FORWARD 2382654 SIGMA70 WEAK,0.2959776,0.8790095,0,1,1,0.8790095
ECK125136694 ELFAP7 FORWARD 997808 SIGMA70 WEAK,0.7299943,0.470244,1,0,1,0.7299943
ECK125136819 EMTAP4 FORWARD 1243125 SIGMA70 WEAK,0.35258132,0.6263156,0,1,1,0.6263156
ECK125136554 ENTDP2 REVERSE 610141 SIGMA70 WEAK,0.19325715,0.5888292,0,1,1,0.5888292
ECK125137733 ENVRP14 REVERSE 3413633 SIGMA70 WEAK,0.9368057,0.71828157,1,1,1,0.9368057
ECK125138031 EPMBP3 REVERSE 4375703 SIGMA70 WEAK,0.91534334,0.27882525,1,0,1,0.91534334
ECK125137196 ERFKP4 REVERSE 2063354 SIGMA70 WEAK,0.9360562,0.741424,1,1,1,0.9360562
ECK120009935 EXBBP REVERSE 3152014 SIGMA70 WEAK,0.9989171,0.98591065,1,1,1,0.9989171
ECK120011031 FABAP REVERSE 1016498 SIGMA70 WEAK,0.66600823,0.29805282,1,0,1,0.66600823
ECK120010075 FADIP REVERSE 2460511 SIGMA70 WEAK,0.6052348,0.81817937,1,1,1,0.81817937
ECK125136522 FDRAP4 FORWARD 546506 SIGMA70 WEAK,0.39017454,0.59474045,0,1,1,0.59474045
ECK120016950 FEOAP FORWARD 3540057 SIGMA70 WEAK,0.9034825,0.23053543,1,0,1,0.9034825
ECK125136497 FFSP6 FORWARD 476288 SIGMA70 WEAK,0.083820164,0.06797384,0,0,0,0.083820164
ECK125136498 FFSP7 FORWARD 476422 SIGMA70 WEAK,0.925352,0.68888867,1,1,1,0.925352
ECK120010999 FHUAP FORWARD 167442 SIGMA70 WEAK,0.9991579,0.9913052,1,1,1,0.9991579
ECK125109862 FHUFP2 REVERSE 4605752 SIGMA70 WEAK,0.9992113,0.9976978,1,1,1,0.9992113
ECK125137972 FIEFP3 FORWARD 4106432 SIGMA70 WEAK,0.28230777,0.43541226,0,0,0,0.43541226
ECK120009934 FIUP REVERSE 841648 SIGMA70 WEAK,0.37014377,0.69171983,0,1,1,0.69171983
ECK120016579 FLGAP REVERSE 1130885 SIGMA70 WEAK,0.9865954,0.9603689,1,1,1,0.9865954
ECK120016580 FLGBP FORWARD 1130993 SIGMA70 WEAK,0.9507916,0.9841846,1,1,1,0.9841846
ECK120016702 FLHBP REVERSE 1966216 SIGMA70 WEAK,0.18828598,0.2941148,0,0,0,0.2941148
ECK120010547 FLIDP FORWARD 2003817 SIGMA70 WEAK,0.051964212,0.14396906,0,0,0,0.14396906
ECK120016704 FLIEP1 REVERSE 2013036 SIGMA70 WEAK,0.85372806,0.24007595,1,0,1,0.85372806
ECK120016705 FLIFP1 FORWARD 2013146 SIGMA70 WEAK,0.09736961,0.5341582,0,1,1,0.5341582
ECK125137622 FOLBP5 REVERSE 3204648 SIGMA70 WEAK,0.19846901,0.15741095,0,0,0,0.19846901
ECK120035125 FOLEP REVERSE 2243848 SIGMA70 WEAK,0.6757199,0.42017323,1,0,1,0.6757199
ECK120010243 FPRP REVERSE 4114499 SIGMA70 WEAK,0.09741668,0.05260365,0,0,0,0.09741668
ECK125137754 FRLAP13 FORWARD 3499835 SIGMA70 WEAK,0.9897063,0.9933494,1,1,1,0.9933494
ECK120010219 FRUBP REVERSE 2263597 SIGMA70 WEAK,0.83664405,0.532566,1,1,1,0.83664405
ECK120015390 FTSKP3 FORWARD 933218 SIGMA70 WEAK,0.89105135,0.6104329,1,1,1,0.89105135
ECK120011035 FUCAP REVERSE 2933854 SIGMA70 WEAK,0.7233967,0.74505395,1,1,1,0.74505395
ECK120010191 FUCPP FORWARD 2934119 SIGMA70 WEAK,0.9231991,0.9659593,1,1,1,0.9659593
ECK120010217 FUMBP REVERSE 4347348 SIGMA70 WEAK,0.49453643,0.92582035,0,1,1,0.92582035
ECK125141980 FUMCP1 REVERSE 1686654 SIGMA70 WEAK,0.26655662,0.9127017,0,1,1,0.9127017
ECK120010723 GARPP REVERSE 3274934 SIGMA70 WEAK,0.8986511,0.9136569,1,1,1,0.9136569
ECK120015472 GCLP FORWARD 533907 SIGMA70 WEAK,0.9926645,0.98095393,1,1,1,0.9926645
ECK125136710 GFCDP3 REVERSE 1048118 SIGMA70 WEAK,0.52159363,0.7508645,1,1,1,0.7508645
ECK125136732 GHRAP6 FORWARD 1097824 SIGMA70 WEAK,0.14102635,0.3662607,0,0,0,0.3662607
ECK125137571 GLCAP10 REVERSE 3121364 SIGMA70 WEAK,0.9589126,0.6482899,1,1,1,0.9589126
ECK125137620 GLNEP6 REVERSE 3199801 SIGMA70 WEAK,0.99540627,0.99847335,1,1,1,0.99847335
ECK120015498 GLNQP REVERSE 846631 SIGMA70 WEAK,0.04117263,0.72290033,0,1,1,0.72290033
ECK120015424 GLOAP FORWARD 1727801 SIGMA70 WEAK,0.9692907,0.969395,1,1,1,0.969395
ECK125136401 GLOBP5 REVERSE 234926 SIGMA70 WEAK,0.7962208,0.9584137,1,1,1,0.9584137
ECK120010125 GLPABCP FORWARD 2352583 SIGMA70 WEAK,0.67467296,0.17913042,1,0,1,0.67467296
ECK120011001 GLPTQP REVERSE 2352451 SIGMA70 WEAK,0.96214837,0.9682519,1,1,1,0.9682519
ECK120016706 GLTIP1 REVERSE 687896 SIGMA70 WEAK,0.26354626,0.6442259,0,1,1,0.6442259
ECK125138011 GLTPP6 FORWARD 4294307 SIGMA70 WEAK,0.99925417,0.9740475,1,1,1,0.99925417
ECK125137886 GLTSP3 REVERSE 3828691 SIGMA70 WEAK,0.2594826,0.48108035,0,0,0,0.48108035
ECK120010609 GLYWP REVERSE 1992180 SIGMA70 WEAK,0.41932413,0.9416393,0,1,1,0.9416393
ECK120010048 GNTRP1 REVERSE 3578749 SIGMA70 WEAK,0.80334944,0.8629295,1,1,1,0.8629295
ECK120010056 GNTXP FORWARD 3544667 SIGMA70 WEAK,0.11830871,0.035297733,0,0,0,0.11830871
ECK120015464 GORP FORWARD 3646112 SIGMA70 WEAK,0.19218892,0.08853327,0,0,0,0.19218892
ECK125137872 GPSAP5 REVERSE 3783810 SIGMA70 WEAK,0.08369298,0.66966844,0,1,1,0.66966844
ECK120034547 GPTP FORWARD 255914 SIGMA70 WEAK,0.4257881,0.18359014,0,0,0,0.4257881
ECK125135020 GRXBP REVERSE 1124103 SIGMA70 WEAK,0.352968,0.7025708,0,1,1,0.7025708
ECK125136745 GRXBP4 REVERSE 1124083 SIGMA70 WEAK,0.2911676,0.51251435,0,1,1,0.51251435
ECK125137874 GRXCP2 REVERSE 3784576 SIGMA70 WEAK,0.87760884,0.69742453,1,1,1,0.87760884
ECK125095208 GRXD REVERSE 1734162 SIGMA70 WEAK,0.7885412,0.5868564,1,1,1,0.7885412
ECK125136473 HEMBP7 REVERSE 389861 SIGMA70 WEAK,0.9498665,0.9977443,1,1,1,0.9977443
ECK125136499 HHAP6 REVERSE 480503 SIGMA70 WEAK,0.41017267,0.93459594,0,1,1,0.93459594
ECK125136758 HINTP1 FORWARD 1161821 SIGMA70 WEAK,0.2627788,0.10536584,0,0,0,0.2627788
ECK125136354 HOKCP4 REVERSE 16951 SIGMA70 WEAK,0.62548506,0.2046263,1,0,1,0.62548506
ECK125137132 HOLEP4 FORWARD 1925029 SIGMA70 WEAK,0.78837484,0.6744833,1,1,1,0.78837484
ECK125137134 HOLEP6 FORWARD 1925086 SIGMA70 WEAK,0.9537692,0.9907872,1,1,1,0.9907872
ECK125136592 HSCCP5 REVERSE 683482 SIGMA70 WEAK,0.14698367,0.32673946,0,0,0,0.32673946
ECK125137913 HSRAP4 REVERSE 3940643 SIGMA70 WEAK,0.66919756,0.2477512,1,0,1,0.66919756
ECK125136376 HTREP5 REVERSE 155438 SIGMA70 WEAK,0.83258843,0.46072197,1,0,1,0.83258843
ECK125138091 HYPTP4 REVERSE 4558317 SIGMA70 WEAK,0.6477115,0.78827834,1,1,1,0.78827834
ECK125138092 IADAP3 REVERSE 4559537 SIGMA70 WEAK,0.58356875,0.57799476,1,1,1,0.58356875
ECK125137693 IBAGP4 REVERSE 3336983 SIGMA70 WEAK,0.98998696,0.9805776,1,1,1,0.98998696
ECK125137694 IBAGP9 REVERSE 3336954 SIGMA70 WEAK,0.7057686,0.39256805,1,0,1,0.7057686
ECK125137540 IDIP4 FORWARD 3033039 SIGMA70 WEAK,0.97278756,0.45443884,1,0,1,0.97278756
ECK125137541 IDIP5 FORWARD 3032938 SIGMA70 WEAK,0.76648766,0.81753576,1,1,1,0.81753576
ECK120010052 IDNRP REVERSE 4491182 SIGMA70 WEAK,0.64717406,0.8986029,1,1,1,0.8986029
ECK120010599 ILEXP FORWARD 3215597 SIGMA70 WEAK,0.14580467,0.20846777,0,0,0,0.20846777
ECK120009910 INAAP REVERSE 2349499 SIGMA70 WEAK,0.9965299,0.8980978,1,1,1,0.9965299
ECK125138083 INSAP13 FORWARD 4518442 SIGMA70 WEAK,0.3240972,0.8208857,0,1,1,0.8208857
ECK125138084 INSAP14 FORWARD 4518379 SIGMA70 WEAK,0.99850106,0.9262584,1,1,1,0.99850106
ECK125138074 INSGP6 REVERSE 4503549 SIGMA70 WEAK,0.30069506,0.57294595,0,1,1,0.57294595
ECK125137198 INSHP2 REVERSE 2067498 SIGMA70 WEAK,0.15845872,0.20934281,0,0,0,0.20934281
ECK125137573 INSHP4 FORWARD 3130025 SIGMA70 WEAK,0.7545862,0.92629623,1,1,1,0.92629623
ECK125137210 INSHP4 REVERSE 2103093 SIGMA70 WEAK,0.31049818,0.41008025,0,0,0,0.41008025
ECK125136542 INSHP4 REVERSE 575774 SIGMA70 WEAK,0.18045093,0.022626754,0,0,0,0.18045093
ECK125136416 INSHP5 REVERSE 275298 SIGMA70 WEAK,0.67591053,0.91906816,1,1,1,0.91906816
ECK125137212 INSHP6 REVERSE 2103049 SIGMA70 WEAK,0.58359677,0.18195127,1,0,1,0.58359677
ECK125138079 INSIP5 REVERSE 4508686 SIGMA70 WEAK,0.8041752,0.47936985,1,0,1,0.8041752
ECK125136352 INSLP5 FORWARD 15380 SIGMA70 WEAK,0.05413,0.6809902,0,1,1,0.6809902
ECK125137120 KDGRP9 REVERSE 1910140 SIGMA70 WEAK,0.79742575,0.37183514,1,0,1,0.79742575
ECK125136601 KDPEP3 REVERSE 721894 SIGMA70 WEAK,0.46270162,0.20625232,0,0,0,0.46270162
ECK125137507 KDUIP5 REVERSE 2984194 SIGMA70 WEAK,0.99992955,0.98470587,1,1,1,0.99992955
ECK125137429 KGTPP6 REVERSE 2725809 SIGMA70 WEAK,0.9968081,0.56754386,1,1,1,0.9968081
ECK125136826 LDRAP8 REVERSE 1269477 SIGMA70 WEAK,0.36410114,0.4108535,0,0,0,0.4108535
ECK125137104 LEUEP4 REVERSE 1880767 SIGMA70 WEAK,0.8455738,0.9556166,1,1,1,0.9556166
ECK125138114 LEUVP2 REVERSE 4606273 SIGMA70 WEAK,0.07499773,0.10214996,0,0,0,0.10214996
ECK125137167 LEUZP3 REVERSE 1992050 SIGMA70 WEAK,0.105384186,0.35638973,0,0,0,0.35638973
ECK125137884 LIGBP1 REVERSE 3821256 SIGMA70 WEAK,0.21092981,0.32721642,0,0,0,0.32721642
ECK125136782 LITP8 FORWARD 1198590 SIGMA70 WEAK,0.8611848,0.73220515,1,1,1,0.8611848
ECK125136783 LITP9 FORWARD 1198668 SIGMA70 WEAK,0.9906397,0.68453246,1,1,1,0.9906397
ECK125136767 LOLCP5 FORWARD 1175399 SIGMA70 WEAK,0.82346344,0.61971104,1,1,1,0.82346344
ECK125137675 LPOAP2 FORWARD 3293211 SIGMA70 WEAK,0.09289306,0.4532001,0,0,0,0.4532001
ECK125138066 LPTFP5 FORWARD 4486188 SIGMA70 WEAK,0.9820296,0.8400387,1,1,1,0.9820296
ECK125138067 LPTFP6 FORWARD 4486122 SIGMA70 WEAK,0.99980897,0.97014815,1,1,1,0.99980897
ECK120033733 LPXCP1 FORWARD 106508 SIGMA70 WEAK,0.49838197,0.87702286,0,1,1,0.87702286
ECK120034947 LSRRP REVERSE 1601257 SIGMA70 WEAK,0.9507114,0.9430709,1,1,1,0.9507114
ECK120011039 LYSAP REVERSE 2978951 SIGMA70 WEAK,0.17506793,0.17016575,0,0,0,0.17506793
ECK120011040 LYSRP FORWARD 2978950 SIGMA70 WEAK,0.78218335,0.7085466,1,1,1,0.78218335
ECK125136965 MAEAP3 REVERSE 1555742 SIGMA70 WEAK,0.30733493,0.6893141,0,1,1,0.6893141
ECK125136483 MAKP4 FORWARD 410118 SIGMA70 WEAK,0.5213378,0.054603003,1,0,1,0.5213378
ECK120010133 MALKP FORWARD 4246736 SIGMA70 WEAK,0.8459029,0.35792497,1,0,1,0.8459029
ECK120010245 MARRP FORWARD 1619093 SIGMA70 WEAK,0.9809822,0.8941505,1,1,1,0.9809822
ECK125136442 MATAP10 REVERSE 311460 SIGMA70 WEAK,0.92293024,0.84344983,1,1,1,0.92293024
ECK125136440 MATAP7 REVERSE 311482 SIGMA70 WEAK,0.12600012,0.2473315,0,0,0,0.2473315
ECK125136441 MATAP9 REVERSE 311432 SIGMA70 WEAK,0.97728854,0.9937668,1,1,1,0.9937668
ECK125136437 MATBP5 REVERSE 310797 SIGMA70 WEAK,0.20305617,0.88488334,0,1,1,0.88488334
ECK125136799 MCRAP8 FORWARD 1210319 SIGMA70 WEAK,0.78232384,0.9085019,1,1,1,0.9085019
ECK125137607 MDABP5 FORWARD 3172506 SIGMA70 WEAK,0.47341228,0.16366173,0,0,0,0.47341228
ECK125137608 MDABP7 FORWARD 3172407 SIGMA70 WEAK,0.90228796,0.66948414,1,1,1,0.90228796
ECK125137039 MDTKP9 FORWARD 1743375 SIGMA70 WEAK,0.98910135,0.7360841,1,1,1,0.98910135
ECK120010090 MENBP REVERSE 2376887 SIGMA70 WEAK,0.09161072,0.17248473,0,0,0,0.17248473
ECK120011042 METCP FORWARD 3152075 SIGMA70 WEAK,0.9943785,0.99133366,1,1,1,0.9943785
ECK120011004 METHP FORWARD 4223783 SIGMA70 WEAK,0.08238043,0.30179986,0,0,0,0.30179986
ECK120015495 MGLAP REVERSE 2239391 SIGMA70 WEAK,0.49357483,0.22242737,0,0,0,0.49357483
ECK120010226 MGLBP REVERSE 2240566 SIGMA70 WEAK,0.9987644,0.9900765,1,1,1,0.9987644
ECK125137248 MLRAP6 FORWARD 2214749 SIGMA70 WEAK,0.97520065,0.60740036,1,1,1,0.97520065
ECK125137496 MLTAP6 REVERSE 2947273 SIGMA70 WEAK,0.5089138,0.4342475,1,0,1,0.5089138
ECK125136399 MLTDP3 REVERSE 234025 SIGMA70 WEAK,0.95901173,0.7157821,1,1,1,0.95901173
ECK125136400 MLTDP4 REVERSE 233982 SIGMA70 WEAK,0.976189,0.43050316,1,0,1,0.976189
ECK120016184 MLTFP FORWARD 2695767 SIGMA70 WEAK,0.7649864,0.9376478,1,1,1,0.9376478
ECK125136419 MMUPP5 FORWARD 275287 SIGMA70 WEAK,0.89437675,0.7280762,1,1,1,0.89437675
ECK120010502 MNGRP REVERSE 765926 SIGMA70 WEAK,0.98024553,0.93605965,1,1,1,0.98024553
ECK125136648 MNTRP4 FORWARD 853135 SIGMA70 WEAK,0.18017696,0.40498132,0,0,0,0.40498132
ECK125136649 MNTRP5 FORWARD 853083 SIGMA70 WEAK,0.99809104,0.9586367,1,1,1,0.99809104
ECK125137536 MOCAP9 FORWARD 3015056 SIGMA70 WEAK,0.794064,0.25753286,1,0,1,0.794064
ECK125136925 MOKBP3 FORWARD 1492305 SIGMA70 WEAK,0.042186074,0.18782729,0,0,0,0.18782729
ECK125136881 MPPAP13 FORWARD 1393121 SIGMA70 WEAK,0.94958174,0.95511186,1,1,1,0.95511186
ECK125136880 MPPAP9 FORWARD 1393139 SIGMA70 WEAK,0.47303602,0.2754571,0,0,0,0.47303602
ECK125137292 MQOP5 REVERSE 2306858 SIGMA70 WEAK,0.91750705,0.9025083,1,1,1,0.91750705
ECK125137598 MQSAP8 REVERSE 3168289 SIGMA70 WEAK,0.28205922,0.52983224,0,1,1,0.52983224
ECK125137599 MQSAP9 REVERSE 3168371 SIGMA70 WEAK,0.77315277,0.030470006,1,0,1,0.77315277
ECK125137723 MREDP2 REVERSE 3399083 SIGMA70 WEAK,0.39374977,0.35140342,0,0,0,0.39374977
ECK125137695 MTGAP4 REVERSE 3349831 SIGMA70 WEAK,0.18481949,0.3959836,0,0,0,0.3959836
ECK120010246 MTLAP FORWARD 3772188 SIGMA70 WEAK,0.46568802,0.238142,0,0,0,0.46568802
ECK125137626 MUGP6 REVERSE 3215496 SIGMA70 WEAK,0.9965708,0.5337059,1,1,1,0.9965708
ECK125137501 MUTHP7 FORWARD 2969614 SIGMA70 WEAK,0.013935127,0.010787788,0,0,0,0.013935127
ECK120011044 NADBP FORWARD 2710357 SIGMA70 WEAK,0.996452,0.96580005,1,1,1,0.996452
ECK125137443 NADKP2 FORWARD 2750763 SIGMA70 WEAK,0.23068137,0.57245797,0,1,1,0.57245797
ECK125136769 NAGKP3 FORWARD 1178540 SIGMA70 WEAK,0.9945263,0.9964618,1,1,1,0.9964618
ECK125137706 NANRP10 REVERSE 3374676 SIGMA70 WEAK,0.8858186,0.73160416,1,1,1,0.8858186
ECK125137705 NANRP9 REVERSE 3374703 SIGMA70 WEAK,0.7387991,0.9929629,1,1,1,0.9929629
ECK120009939 NARUP1 REVERSE 1544124 SIGMA70 WEAK,0.13666955,0.17383341,0,0,0,0.17383341
ECK120015471 NARZP REVERSE 1542690 SIGMA70 WEAK,0.510372,0.41154212,1,0,1,0.510372
ECK125137405 NDKP4 REVERSE 2644960 SIGMA70 WEAK,0.9809337,0.91710347,1,1,1,0.9809337
ECK120015394 NOHAP REVERSE 1636603 SIGMA70 WEAK,0.973777,0.9968117,1,1,1,0.9968117
ECK120015433 NUDBP REVERSE 1948674 SIGMA70 WEAK,0.15025744,0.084503695,0,0,0,0.15025744
ECK125137985 NUDCP2 FORWARD 4196719 SIGMA70 WEAK,0.55388474,0.84673357,1,1,1,0.84673357
ECK125137759 NUDEP6 REVERSE 3526246 SIGMA70 WEAK,0.22382256,0.530504,0,1,1,0.530504
ECK125137308 NUDIP3 FORWARD 2364525 SIGMA70 WEAK,0.41016313,0.51338047,0,1,1,0.51338047
ECK125137331 NUONP1 REVERSE 2391717 SIGMA70 WEAK,0.11281507,0.029230151,0,0,0,0.11281507
ECK125137231 OGRKP5 REVERSE 2167548 SIGMA70 WEAK,0.99961424,0.9992889,1,1,1,0.99961424
ECK125136907 OMPNP4 REVERSE 1436984 SIGMA70 WEAK,0.9579792,0.9265464,1,1,1,0.9579792
ECK125136908 OMPNP6 REVERSE 1437058 SIGMA70 WEAK,0.99840146,0.9544641,1,1,1,0.99840146
ECK125138111 OPGBP7 REVERSE 4599494 SIGMA70 WEAK,0.21617761,0.7410503,0,1,1,0.7410503
ECK125136931 OPGDP7 FORWARD 1496682 SIGMA70 WEAK,0.7259352,0.717349,1,1,1,0.7259352
ECK125136933 OPGDP9 FORWARD 1496776 SIGMA70 WEAK,0.9629867,0.9964635,1,1,1,0.9964635
ECK125138036 ORNP5 FORWARD 4391584 SIGMA70 WEAK,0.8549228,0.8731695,1,1,1,0.8731695
ECK125109032 OXYSP REVERSE 4158394 SIGMA70 WEAK,0.12120444,0.86232716,0,1,1,0.86232716
ECK125137596 PARCP4 REVERSE 3166030 SIGMA70 WEAK,0.9189352,0.77928525,1,1,1,0.9189352
ECK125137253 PBPGP5 REVERSE 2225066 SIGMA70 WEAK,0.86950207,0.52122045,1,1,1,0.86950207
ECK125137254 PBPGP7 REVERSE 2224941 SIGMA70 WEAK,0.9927336,0.95698106,1,1,1,0.9927336
ECK125136684 PFLAP8 REVERSE 951228 SIGMA70 WEAK,0.31957883,0.37525535,0,0,0,0.37525535
ECK125137981 PFLDP3 FORWARD 4143953 SIGMA70 WEAK,0.6285512,0.46341124,1,0,1,0.6285512
ECK120011010 PHOAP FORWARD 401707 SIGMA70 WEAK,0.7948636,0.94024825,1,1,1,0.94024825
ECK120011011 PHOBP FORWARD 417101 SIGMA70 WEAK,0.92052007,0.90807724,1,1,1,0.92052007
ECK125137910 PHOUP2 REVERSE 3907646 SIGMA70 WEAK,0.40836844,0.5189618,0,1,1,0.5189618
ECK125136796 PINEP1 FORWARD 1209527 SIGMA70 WEAK,0.6731778,0.9956118,1,1,1,0.9956118
ECK120029525 PITBP REVERSE 3136403 SIGMA70 WEAK,0.98251,0.9248182,1,1,1,0.98251
ECK120049219 PLDAP FORWARD 4004814 SIGMA70 WEAK,0.99433374,0.88907516,1,1,1,0.99433374
ECK125137312 PMRDP3 REVERSE 2373574 SIGMA70 WEAK,0.9240333,0.9417452,1,1,1,0.9417452
ECK120010629 PNTAP REVERSE 1677975 SIGMA70 WEAK,0.9846845,0.98194754,1,1,1,0.9846845
ECK120015389 POLBP REVERSE 65803 SIGMA70 WEAK,0.99583036,0.98205805,1,1,1,0.99583036
ECK125136772 POTDP5 REVERSE 1182848 SIGMA70 WEAK,0.6777937,0.99021673,1,1,1,0.99021673
ECK125095184 PPDDP REVERSE 117705 SIGMA70 WEAK,0.7946234,0.5783373,1,1,1,0.7946234
ECK125137467 PPHBP1 FORWARD 2859737 SIGMA70 WEAK,0.9430698,0.89174634,1,1,1,0.9430698
ECK120010561 PPIAP2 REVERSE 3492395 SIGMA70 WEAK,0.9902384,0.98497343,1,1,1,0.9902384
ECK120010562 PPIAP3 REVERSE 3492430 SIGMA70 WEAK,0.525784,0.42519906,1,0,1,0.525784
ECK120010563 PPIAP4 REVERSE 3492449 SIGMA70 WEAK,0.9950812,0.93046993,1,1,1,0.9950812
ECK125137058 PPSRP6 FORWARD 1787383 SIGMA70 WEAK,0.96273017,0.9609557,1,1,1,0.96273017
ECK125136413 PROBP8 FORWARD 260216 SIGMA70 WEAK,0.98827493,0.9970331,1,1,1,0.9970331
ECK120015167 PRPRP REVERSE 348471 SIGMA70 WEAK,0.5703298,0.5316782,1,1,1,0.5703298
ECK125137426 PSSAP4 FORWARD 2722578 SIGMA70 WEAK,0.020966364,0.031991,0,0,0,0.031991
ECK120035100 PSTBP REVERSE 3908447 SIGMA70 WEAK,0.120957576,0.4560773,0,0,0,0.4560773
ECK125137137 PURTP3 FORWARD 1930855 SIGMA70 WEAK,0.21695039,0.13857996,0,0,0,0.21695039
ECK120010529 PYKFP FORWARD 1755467 SIGMA70 WEAK,0.9852213,0.3840349,1,0,1,0.9852213
ECK125137484 QUEEP7 REVERSE 2905606 SIGMA70 WEAK,0.9844848,0.9712554,1,1,1,0.9844848
ECK125136891 RACRP4 REVERSE 1420449 SIGMA70 WEAK,0.54209846,0.7785218,1,1,1,0.7785218
ECK125137924 RARDP1 REVERSE 4004227 SIGMA70 WEAK,0.1556386,0.2649534,0,0,0,0.2649534
ECK125137926 RARDP3 REVERSE 4004258 SIGMA70 WEAK,0.21564408,0.41174138,0,0,0,0.41174138
ECK125136412 RAYTP8 FORWARD 247624 SIGMA70 WEAK,0.649638,0.3433471,1,0,1,0.649638
ECK125137316 RBNP4 FORWARD 2381581 SIGMA70 WEAK,0.94263035,0.61651474,1,1,1,0.94263035
ECK125136829 RDLBP4 FORWARD 1269856 SIGMA70 WEAK,0.80144775,0.457923,1,0,1,0.80144775
ECK120015765 RECNP FORWARD 2751759 SIGMA70 WEAK,0.9946338,0.9848512,1,1,1,0.9946338
ECK125137930 RECQP2 FORWARD 4005833 SIGMA70 WEAK,0.01834869,0.019662494,0,0,0,0.019662494
ECK125137938 RFAHP4 REVERSE 4024873 SIGMA70 WEAK,0.9983595,0.9789032,1,1,1,0.9983595
ECK125137939 RFAHP5 REVERSE 4024965 SIGMA70 WEAK,0.51128936,0.9349235,1,1,1,0.9349235
ECK125137219 RFBXP6 REVERSE 2109586 SIGMA70 WEAK,0.82381755,0.60696113,1,1,1,0.82381755
ECK125137220 RFBXP7 REVERSE 2109718 SIGMA70 WEAK,0.9961138,0.98272705,1,1,1,0.9961138
ECK125137216 RFCP10 REVERSE 2107283 SIGMA70 WEAK,0.8618496,0.9510966,1,1,1,0.9510966
ECK125137217 RFCP11 REVERSE 2107444 SIGMA70 WEAK,0.1805947,0.24761909,0,0,0,0.24761909
ECK125137215 RFCP8 REVERSE 2107234 SIGMA70 WEAK,0.9129811,0.7848932,1,1,1,0.9129811
ECK125095203 RFEP FORWARD 3967800 SIGMA70 WEAK,0.09927318,0.3825054,0,0,0,0.3825054
ECK125137305 RHMAP3 REVERSE 2358946 SIGMA70 WEAK,0.17110403,0.4486119,0,0,0,0.4486119
ECK125137811 RHSBP10 FORWARD 3619113 SIGMA70 WEAK,0.8246313,0.9211623,1,1,1,0.9211623
ECK125137812 RHSBP11 FORWARD 3619003 SIGMA70 WEAK,0.47325966,0.532759,0,1,1,0.532759
ECK125137809 RHSBP8 FORWARD 3619178 SIGMA70 WEAK,0.9296955,0.9155987,1,1,1,0.9296955
ECK125136518 RHSDP8 FORWARD 523066 SIGMA70 WEAK,0.94535804,0.915359,1,1,1,0.94535804
ECK125136645 RHTAP8 REVERSE 850304 SIGMA70 WEAK,0.83124584,0.9833924,1,1,1,0.9833924
ECK125137038 RIBCP5 REVERSE 1743458 SIGMA70 WEAK,0.81958866,0.5557085,1,1,1,0.81958866
ECK120009923 RIMKP FORWARD 891876 SIGMA70 WEAK,0.8111451,0.8422616,1,1,1,0.8422616
ECK125137115 RLMAP9 REVERSE 1907086 SIGMA70 WEAK,0.111781694,0.37352443,0,0,0,0.37352443
ECK125136642 RLMFP7 FORWARD 842224 SIGMA70 WEAK,0.82003444,0.72660685,1,1,1,0.82003444
ECK125136705 RLMIP4 REVERSE 1030001 SIGMA70 WEAK,0.0019883825,0.12002026,0,0,0,0.12002026
ECK125136699 RMFP4 FORWARD 1015532 SIGMA70 WEAK,0.58911484,0.62408084,1,1,1,0.62408084
ECK125136700 RMFP5 FORWARD 1015503 SIGMA70 WEAK,0.28562546,0.8411549,0,1,1,0.8411549
ECK125136561 RNKP6 REVERSE 644055 SIGMA70 WEAK,0.949406,0.8632301,1,1,1,0.949406
ECK125137403 RODZP1 REVERSE 2642932 SIGMA70 WEAK,0.999329,0.98882014,1,1,1,0.999329
ECK120011144 RPLMP REVERSE 3378672 SIGMA70 WEAK,0.026878895,0.018547347,0,0,0,0.026878895
ECK125203431 RPLVP FORWARD 2282440 SIGMA70 WEAK,0.8701947,0.98578215,1,1,1,0.98578215
ECK125137690 RPMAP4 REVERSE 3333225 SIGMA70 WEAK,0.6130279,0.29401374,1,0,1,0.6130279
ECK120010581 RPONP FORWARD 3344662 SIGMA70 WEAK,0.080575034,0.23862359,0,0,0,0.23862359
ECK125137707 RPSIP2 REVERSE 3378290 SIGMA70 WEAK,0.31852847,0.1633748,0,0,0,0.31852847
ECK125138035 RSGAP12 REVERSE 4391566 SIGMA70 WEAK,0.90827394,0.7079916,1,1,1,0.90827394
ECK125138116 RSMCP3 REVERSE 4607725 SIGMA70 WEAK,0.31081,0.50221974,0,1,1,0.50221974
ECK125137555 RSMEP4 FORWARD 3091068 SIGMA70 WEAK,0.7318445,0.1781543,1,0,1,0.7318445
ECK125141558 RSMGP REVERSE 3923756 SIGMA70 WEAK,0.044214487,0.9082113,0,1,1,0.9082113
ECK125137279 RTNP1 FORWARD 2270678 SIGMA70 WEAK,0.9934412,0.9155296,1,1,1,0.9934412
ECK125137145 RUVBP3 REVERSE 1945452 SIGMA70 WEAK,0.52939636,0.95453954,1,1,1,0.95453954
ECK120015432 RUVCP REVERSE 1947439 SIGMA70 WEAK,0.85904896,0.61536855,1,1,1,0.85904896
ECK120033029 SBCDP REVERSE 416977 SIGMA70 WEAK,0.9943877,0.99544334,1,1,1,0.99544334
ECK120033031 SDACP FORWARD 2928035 SIGMA70 WEAK,0.96532893,0.9935749,1,1,1,0.9935749
ECK125137168 SDIAP6 REVERSE 1996851 SIGMA70 WEAK,0.9650917,0.9673061,1,1,1,0.9673061
ECK125137867 SELBP5 REVERSE 3759925 SIGMA70 WEAK,0.9781873,0.9894657,1,1,1,0.9894657
ECK125136519 SELUP4 REVERSE 531358 SIGMA70 WEAK,0.9577879,0.98438716,1,1,1,0.98438716
ECK120010610 SERUP REVERSE 2043562 SIGMA70 WEAK,0.010020578,0.02668002,0,0,0,0.02668002
ECK120010612 SERVP REVERSE 2818697 SIGMA70 WEAK,0.102769546,0.50533235,0,1,1,0.50533235
ECK120010605 SERWP REVERSE 926007 SIGMA70 WEAK,0.99200964,0.9940696,1,1,1,0.9940696
ECK120010607 SERXP REVERSE 1097676 SIGMA70 WEAK,0.009111006,0.016366912,0,0,0,0.016366912
ECK125137272 SETBP2 FORWARD 2263713 SIGMA70 WEAK,0.78168994,0.9206246,1,1,1,0.9206246
ECK125137273 SETBP3 FORWARD 2263836 SIGMA70 WEAK,0.13457452,0.10442308,0,0,0,0.13457452
ECK125137889 SETCP10 FORWARD 3836768 SIGMA70 WEAK,0.999938,0.6681657,1,1,1,0.999938
ECK125137890 SETCP12 FORWARD 3836877 SIGMA70 WEAK,0.07735806,0.18999285,0,0,0,0.18999285
ECK125137891 SETCP13 FORWARD 3836838 SIGMA70 WEAK,0.8987396,0.86641335,1,1,1,0.8987396
ECK125136528 SFMAP4 FORWARD 558062 SIGMA70 WEAK,0.055954892,0.4184069,0,0,0,0.4184069
ECK125136529 SFMAP6 FORWARD 558166 SIGMA70 WEAK,0.9440628,0.9538301,1,1,1,0.9538301
ECK125136530 SFMCP4 FORWARD 558807 SIGMA70 WEAK,0.9353012,0.96891695,1,1,1,0.96891695
ECK120010937 SFSAP REVERSE 161515 SIGMA70 WEAK,0.1584407,0.6193674,0,1,1,0.6193674
ECK125137691 SFSBP2 FORWARD 3334796 SIGMA70 WEAK,0.9931768,0.79905784,1,1,1,0.9931768
ECK120030789 SGRRP REVERSE 77338 SIGMA70 WEAK,0.99445057,0.6785986,1,1,1,0.99445057
ECK125137190 SHIAP11 FORWARD 2053534 SIGMA70 WEAK,0.96085644,0.86142796,1,1,1,0.96085644
ECK125137028 SLYAP10 REVERSE 1721014 SIGMA70 WEAK,0.2425264,0.7706614,0,1,1,0.7706614
ECK125137029 SLYAP13 REVERSE 1720849 SIGMA70 WEAK,0.6003322,0.2661331,1,0,1,0.6003322
ECK125137030 SLYAP14 REVERSE 1720865 SIGMA70 WEAK,0.36536086,0.82251245,0,1,1,0.82251245
ECK125137746 SLYDP6 REVERSE 3478699 SIGMA70 WEAK,0.8445798,0.97444373,1,1,1,0.97444373
ECK125137444 SMPBP5 FORWARD 2754767 SIGMA70 WEAK,0.98947793,0.86238766,1,1,1,0.98947793
ECK125137344 SMRBP6 FORWARD 2448436 SIGMA70 WEAK,0.041575633,0.18357375,0,0,0,0.18357375
ECK120009846 SOHBP1 FORWARD 1329284 SIGMA70 WEAK,0.034190282,0.041537043,0,0,0,0.041537043
ECK120010254 SPEAP REVERSE 3086048 SIGMA70 WEAK,0.83598095,0.98301965,1,1,1,0.98301965
ECK125137084 SPPAP6 FORWARD 1848711 SIGMA70 WEAK,0.4707227,0.39169753,0,0,0,0.4707227
ECK125137424 SRMBP4 FORWARD 2712876 SIGMA70 WEAK,0.48873612,0.21249971,0,0,0,0.48873612
ECK125137445 SSRAP2 FORWARD 2755507 SIGMA70 WEAK,0.4408182,0.8476396,0,1,1,0.8476396
ECK125136692 SSUBP3 REVERSE 994141 SIGMA70 WEAK,0.9922578,0.9957768,1,1,1,0.9957768
ECK125137049 SUFEP3 REVERSE 1759481 SIGMA70 WEAK,0.119101755,0.21473458,0,0,0,0.21473458
ECK120032969 SYMEP REVERSE 4579917 SIGMA70 WEAK,0.97814083,0.9870178,1,1,1,0.9870178
ECK125138059 TABAP4 FORWARD 4474834 SIGMA70 WEAK,0.7112603,0.7655932,1,1,1,0.7655932
ECK125137504 TASP4 FORWARD 2971569 SIGMA70 WEAK,0.82476115,0.6562301,1,1,1,0.82476115
ECK125136567 TATEP3 FORWARD 658871 SIGMA70 WEAK,0.04834223,0.27212825,0,0,0,0.27212825
ECK125137658 TDCGP2 REVERSE 3259826 SIGMA70 WEAK,0.06868879,0.33096403,0,0,0,0.33096403
ECK125137659 TDCRP4 FORWARD 3267221 SIGMA70 WEAK,0.39919984,0.94593817,0,1,1,0.94593817
ECK125137661 TDCRP6 FORWARD 3267190 SIGMA70 WEAK,0.85867226,0.76373535,1,1,1,0.85867226
ECK125136838 TDKP8 FORWARD 1293493 SIGMA70 WEAK,0.9984465,0.9355156,1,1,1,0.9984465
ECK125136362 THIQP2 REVERSE 73085 SIGMA70 WEAK,0.47157532,0.89412713,0,1,1,0.89412713
ECK120010601 THRUP FORWARD 4175381 SIGMA70 WEAK,0.99875665,0.9352487,1,1,1,0.99875665
ECK120010587 THRWP FORWARD 262841 SIGMA70 WEAK,0.7113239,0.9957742,1,1,1,0.9957742
ECK125136616 TOLBP6 FORWARD 777537 SIGMA70 WEAK,0.7879784,0.54998755,1,1,1,0.7879784
ECK125136833 TPRP1 REVERSE 1287188 SIGMA70 WEAK,0.93021923,0.66632205,1,1,1,0.93021923
ECK125136897 TRKGP1 FORWARD 1423741 SIGMA70 WEAK,0.8486327,0.657497,1,1,1,0.8486327
ECK125136898 TRKGP7 FORWARD 1423671 SIGMA70 WEAK,0.97878337,0.9649556,1,1,1,0.97878337
ECK125136848 TRPAP4 REVERSE 1317303 SIGMA70 WEAK,0.89704907,0.99480766,1,1,1,0.99480766
ECK125137624 TSADP2 REVERSE 3210628 SIGMA70 WEAK,0.037844405,0.016486807,0,0,0,0.037844405
ECK125137625 TSADP3 REVERSE 3210568 SIGMA70 WEAK,0.34675717,0.21764117,0,0,0,0.34675717
ECK125136885 TTCAP5 REVERSE 1411985 SIGMA70 WEAK,0.40344957,0.44680318,0,0,0,0.44680318
ECK125109141 TTDAP FORWARD 3206424 SIGMA70 WEAK,0.92435646,0.90618336,1,1,1,0.92435646
ECK125137801 TUSAP7 REVERSE 3609020 SIGMA70 WEAK,0.9979164,0.97234726,1,1,1,0.9979164
ECK125095202 TYNAP REVERSE 1451498 SIGMA70 WEAK,0.066664,0.26182973,0,0,0,0.26182973
ECK120010086 UBICP FORWARD 4252443 SIGMA70 WEAK,0.48558336,0.8982422,0,1,1,0.8982422
ECK125137940 UBIDP8 FORWARD 4024809 SIGMA70 WEAK,0.78850603,0.40799806,1,0,1,0.78850603
ECK125137941 UBIDP9 FORWARD 4024970 SIGMA70 WEAK,0.18351895,0.073384024,0,0,0,0.18351895
ECK125137209 UGDP9 REVERSE 2099735 SIGMA70 WEAK,0.94239265,0.76496434,1,1,1,0.94239265
ECK125137019 UIDCP5 REVERSE 1692988 SIGMA70 WEAK,0.5583666,0.7932265,1,1,1,0.7932265
ECK125137020 UIDCP6 REVERSE 1693006 SIGMA70 WEAK,0.21531379,0.45950875,0,0,0,0.45950875
ECK120010065 UIDRP REVERSE 1697075 SIGMA70 WEAK,0.51307106,0.06261736,1,0,1,0.51307106
ECK125136509 USHAP6 FORWARD 504886 SIGMA70 WEAK,0.8458631,0.6680645,1,1,1,0.8458631
ECK125137157 USPCP2 FORWARD 1979598 SIGMA70 WEAK,0.71118224,0.8397419,1,1,1,0.8397419
ECK125137158 USPCP4 FORWARD 1979668 SIGMA70 WEAK,0.9974584,0.9981444,1,1,1,0.9981444
ECK125137160 USPCP6 FORWARD 1979619 SIGMA70 WEAK,0.92248976,0.975498,1,1,1,0.975498
ECK120010060 UXABP2 REVERSE 1610737 SIGMA70 WEAK,0.59309614,0.7088305,1,1,1,0.7088305
ECK120010059 UXACP REVERSE 3244857 SIGMA70 WEAK,0.28674135,0.9161949,0,1,1,0.9161949
ECK120010061 UXURP FORWARD 4554458 SIGMA70 WEAK,0.1714222,0.213199,0,0,0,0.213199
ECK120010596 VALUP FORWARD 2520924 SIGMA70 WEAK,0.77513975,0.56300896,1,1,1,0.77513975
ECK125137879 WAAUP5 REVERSE 3799424 SIGMA70 WEAK,0.7892773,0.16355924,1,0,1,0.7892773
ECK125137880 WAAUP6 REVERSE 3799496 SIGMA70 WEAK,0.983263,0.97961205,1,1,1,0.983263
ECK125137223 WZXCP5 REVERSE 2120337 SIGMA70 WEAK,0.97376966,0.8462437,1,1,1,0.97376966
ECK125137887 XANPP4 FORWARD 3828919 SIGMA70 WEAK,0.14195126,0.11711834,0,0,0,0.14195126
ECK125137537 XANQP3 FORWARD 3024260 SIGMA70 WEAK,0.61990064,0.82279956,1,1,1,0.82279956
ECK120009912 XSEBP REVERSE 441373 SIGMA70 WEAK,0.9987841,0.97492117,1,1,1,0.9987841
ECK125136346 YAAAP5 REVERSE 6615 SIGMA70 WEAK,0.054789197,0.666425,0,1,1,0.666425
ECK125136349 YAAIP2 REVERSE 11938 SIGMA70 WEAK,0.86717546,0.2570979,1,0,1,0.86717546
ECK125136350 YAAIP3 REVERSE 11913 SIGMA70 WEAK,0.626814,0.86348933,1,1,1,0.86348933
ECK125136351 YAAIP4 REVERSE 11825 SIGMA70 WEAK,0.915001,0.73530644,1,1,1,0.915001
ECK125136347 YAAJP4 REVERSE 8017 SIGMA70 WEAK,0.95758605,0.96429616,1,1,1,0.96429616
ECK125136344 YAAXP4 FORWARD 5030 SIGMA70 WEAK,0.9985936,0.99725384,1,1,1,0.9985936
ECK125136367 YACHP5 REVERSE 131466 SIGMA70 WEAK,0.558262,0.5669377,1,1,1,0.5669377
ECK125136370 YADDP3 FORWARD 146898 SIGMA70 WEAK,0.16445906,0.2999498,0,0,0,0.2999498
ECK125136378 YADNP7 REVERSE 157055 SIGMA70 WEAK,0.9560725,0.9887184,1,1,1,0.9887184
ECK125136379 YADNP8 REVERSE 157031 SIGMA70 WEAK,0.60386306,0.47657737,1,0,1,0.60386306
ECK125136383 YADSP5 REVERSE 177786 SIGMA70 WEAK,0.9508228,0.8588816,1,1,1,0.9508228
ECK125136384 YADSP6 REVERSE 177700 SIGMA70 WEAK,0.99241734,0.94413334,1,1,1,0.99241734
ECK125136396 YAEQP6 FORWARD 214195 SIGMA70 WEAK,0.96505284,0.98666084,1,1,1,0.98666084
ECK125136394 YAERP3 FORWARD 211858 SIGMA70 WEAK,0.9960891,0.8852077,1,1,1,0.9960891
ECK125136409 YAFKP6 REVERSE 245993 SIGMA70 WEAK,0.31742272,0.4947391,0,0,0,0.4947391
ECK125136410 YAFLP6 FORWARD 246641 SIGMA70 WEAK,0.9392784,0.9741561,1,1,1,0.9741561
ECK125136402 YAFSP2 FORWARD 234784 SIGMA70 WEAK,0.9246276,0.69171476,1,1,1,0.9246276
ECK125136403 YAFTP4 FORWARD 237235 SIGMA70 WEAK,0.96895415,0.98530364,1,1,1,0.98530364
ECK125136404 YAFTP5 FORWARD 237260 SIGMA70 WEAK,0.84384406,0.9007229,1,1,1,0.9007229
ECK125136405 YAFTP6 FORWARD 237278 SIGMA70 WEAK,0.99904865,0.99966455,1,1,1,0.99966455
ECK125136422 YAGEP3 FORWARD 282223 SIGMA70 WEAK,0.9415075,0.7646957,1,1,1,0.9415075
ECK125136423 YAGEP8 FORWARD 282252 SIGMA70 WEAK,0.91064316,0.78232336,1,1,1,0.91064316
ECK125136424 YAGGP6 FORWARD 285271 SIGMA70 WEAK,0.9919207,0.8877742,1,1,1,0.9919207
ECK125136428 YAGIP1 REVERSE 289192 SIGMA70 WEAK,0.024102226,0.16863847,0,0,0,0.16863847
ECK125136429 YAGKP6 REVERSE 293118 SIGMA70 WEAK,0.9981254,0.9484926,1,1,1,0.9981254
ECK125136430 YAGLP7 REVERSE 294031 SIGMA70 WEAK,0.12918708,0.41924694,0,0,0,0.41924694
ECK125136434 YAGNP8 REVERSE 295656 SIGMA70 WEAK,0.96848315,0.97163165,1,1,1,0.97163165
ECK125136460 YAHCP5 REVERSE 335068 SIGMA70 WEAK,0.47670653,0.17071562,0,0,0,0.47670653
ECK125136461 YAHMP4 FORWARD 345252 SIGMA70 WEAK,0.9493289,0.97920334,1,1,1,0.97920334
ECK125136465 YAIOP4 REVERSE 380957 SIGMA70 WEAK,0.5743054,0.08472167,1,0,1,0.5743054
ECK125136472 YAISP14 REVERSE 384830 SIGMA70 WEAK,0.99564666,0.9474571,1,1,1,0.99564666
ECK125136476 YAIVP4 FORWARD 394461 SIGMA70 WEAK,0.9448565,0.89011157,1,1,1,0.9448565
ECK125136477 YAIYP5 REVERSE 399460 SIGMA70 WEAK,0.05805289,0.32326278,0,0,0,0.32326278
ECK125136478 YAIYP6 REVERSE 399547 SIGMA70 WEAK,0.8818358,0.9628482,1,1,1,0.9628482
ECK125136485 YAJDP5 FORWARD 430530 SIGMA70 WEAK,0.24467406,0.83440614,0,1,1,0.83440614
ECK125136503 YBANP8 FORWARD 490857 SIGMA70 WEAK,0.8369912,0.61015064,1,1,1,0.8369912
ECK120034940 YBAOP FORWARD 468352 SIGMA70 WEAK,0.99126035,0.9510544,1,1,1,0.99126035
ECK125136510 YBAPP3 REVERSE 508262 SIGMA70 WEAK,0.8587089,0.9515323,1,1,1,0.9515323
ECK125136513 YBAQP3 FORWARD 508174 SIGMA70 WEAK,0.94838935,0.9478767,1,1,1,0.94838935
ECK125136493 YBAVP3 FORWARD 463752 SIGMA70 WEAK,0.13421904,0.370131,0,0,0,0.370131
ECK125136517 YBBOP4 REVERSE 519329 SIGMA70 WEAK,0.15705918,0.7914441,0,1,1,0.7914441
ECK125136523 YBCIP5 REVERSE 556632 SIGMA70 WEAK,0.314044,0.35467708,0,0,0,0.35467708
ECK125136524 YBCJP3 REVERSE 556967 SIGMA70 WEAK,0.9857103,0.896562,1,1,1,0.9857103
ECK125136525 YBCJP4 REVERSE 556891 SIGMA70 WEAK,0.341298,0.7761278,0,1,1,0.7761278
ECK125136527 YBCJP7 REVERSE 557025 SIGMA70 WEAK,0.04384304,0.07163478,0,0,0,0.07163478
ECK125136535 YBCKP5 FORWARD 568810 SIGMA70 WEAK,0.99170554,0.9925166,1,1,1,0.9925166
ECK125136536 YBCKP7 FORWARD 568751 SIGMA70 WEAK,0.70083934,0.5828133,1,1,1,0.70083934
ECK125136537 YBCLP2 FORWARD 570847 SIGMA70 WEAK,0.96712744,0.95029485,1,1,1,0.96712744
ECK125136544 YBCWP7 FORWARD 579844 SIGMA70 WEAK,0.4254382,0.67081296,0,1,1,0.67081296
ECK125136549 YBDJP4 REVERSE 606223 SIGMA70 WEAK,0.36972958,0.015712239,0,0,0,0.36972958
ECK125095188 YBDNP REVERSE 636686 SIGMA70 WEAK,0.64140314,0.30263916,1,0,1,0.64140314
ECK125136560 YBDRP6 FORWARD 641922 SIGMA70 WEAK,0.9754497,0.40505958,1,0,1,0.9754497
ECK125136568 YBEFP4 REVERSE 661460 SIGMA70 WEAK,0.3646633,0.81556284,0,1,1,0.81556284
ECK125136569 YBEFP5 REVERSE 661545 SIGMA70 WEAK,0.97142,0.95367944,1,1,1,0.97142
ECK125136571 YBEFP7 REVERSE 661386 SIGMA70 WEAK,0.97545844,0.9860406,1,1,1,0.9860406
ECK125136585 YBEQP12 REVERSE 676611 SIGMA70 WEAK,0.6891047,0.44247812,1,0,1,0.6891047
ECK125136581 YBEQP5 REVERSE 676572 SIGMA70 WEAK,0.99779594,0.72352695,1,1,1,0.99779594
ECK125136582 YBEQP8 REVERSE 676639 SIGMA70 WEAK,0.8989347,0.8292789,1,1,1,0.8989347
ECK125136586 YBERP5 FORWARD 676590 SIGMA70 WEAK,0.9996258,0.9977742,1,1,1,0.9996258
ECK125136587 YBERP6 FORWARD 676637 SIGMA70 WEAK,0.9995065,0.9188659,1,1,1,0.9995065
ECK125136589 YBETP8 REVERSE 679416 SIGMA70 WEAK,0.19793127,0.66981417,0,1,1,0.66981417
ECK125136613 YBGCP5 FORWARD 774709 SIGMA70 WEAK,0.028648747,0.08375094,0,0,0,0.08375094
ECK125136621 YBGSP5 REVERSE 785373 SIGMA70 WEAK,0.9627892,0.77659553,1,1,1,0.9627892
ECK125136626 YBHAP10 REVERSE 798537 SIGMA70 WEAK,0.80798167,0.6585028,1,1,1,0.80798167
ECK125136625 YBHAP6 REVERSE 798592 SIGMA70 WEAK,0.6272555,0.6706633,1,1,1,0.6706633
ECK125136632 YBHBP2 REVERSE 808035 SIGMA70 WEAK,0.8303182,0.43565786,1,0,1,0.8303182
ECK125136628 YBHDP2 REVERSE 800709 SIGMA70 WEAK,0.9097907,0.96765935,1,1,1,0.96765935
ECK125136629 YBHDP5 FORWARD 800620 SIGMA70 WEAK,0.024484027,0.33034626,0,0,0,0.33034626
ECK125136630 YBHHP7 FORWARD 800694 SIGMA70 WEAK,0.9160331,0.37693354,1,0,1,0.9160331
ECK125136634 YBHMP7 FORWARD 820778 SIGMA70 WEAK,0.95593554,0.7545947,1,1,1,0.95593554
ECK125136643 YBIOP2 REVERSE 845509 SIGMA70 WEAK,0.613821,0.12455009,1,0,1,0.613821
ECK125136654 YBIVP5 REVERSE 860088 SIGMA70 WEAK,0.884347,0.5771715,1,1,1,0.884347
ECK125136659 YBJLP10 REVERSE 889941 SIGMA70 WEAK,0.9678678,0.88132703,1,1,1,0.9678678
ECK125136661 YBJMP4 FORWARD 889940 SIGMA70 WEAK,0.9281411,0.9103141,1,1,1,0.9281411
ECK125136662 YBJMP8 FORWARD 889885 SIGMA70 WEAK,0.99031574,0.9115595,1,1,1,0.99031574
ECK125136664 YBJOP5 FORWARD 897947 SIGMA70 WEAK,0.89726216,0.8135004,1,1,1,0.89726216
ECK125136665 YBJSP3 REVERSE 906898 SIGMA70 WEAK,0.3626991,0.039895795,0,0,0,0.3626991
ECK125136676 YCADP6 FORWARD 945839 SIGMA70 WEAK,0.21423307,0.4865949,0,0,0,0.4865949
ECK125136690 YCAIP7 FORWARD 964238 SIGMA70 WEAK,0.7231865,0.7999346,1,1,1,0.7999346
ECK125136681 YCAKP3 FORWARD 949547 SIGMA70 WEAK,0.07783777,0.18617103,0,0,0,0.18617103
ECK125136683 YCAKP5 FORWARD 949643 SIGMA70 WEAK,0.74804395,0.71656084,1,1,1,0.74804395
ECK125136686 YCALP6 FORWARD 960255 SIGMA70 WEAK,0.99043196,0.99388665,1,1,1,0.99388665
ECK125136688 YCALP9 FORWARD 960238 SIGMA70 WEAK,0.9840718,0.81488574,1,1,1,0.9840718
ECK125136677 YCAMP2 FORWARD 947120 SIGMA70 WEAK,0.588551,0.7396446,1,1,1,0.7396446
ECK125136678 YCAMP3 FORWARD 947145 SIGMA70 WEAK,0.9915249,0.89160514,1,1,1,0.9915249
ECK125136697 YCBWP4 FORWARD 1005890 SIGMA70 WEAK,0.8352773,0.38452345,1,0,1,0.8352773
ECK125136698 YCBWP6 FORWARD 1005850 SIGMA70 WEAK,0.5950449,0.17251156,1,0,1,0.5950449
ECK125136701 YCBZP4 REVERSE 1018460 SIGMA70 WEAK,0.18875346,0.289026,0,0,0,0.289026
ECK125136702 YCCSP2 REVERSE 1023994 SIGMA70 WEAK,0.15478386,0.38792327,0,0,0,0.38792327
ECK125136704 YCCTP5 REVERSE 1027797 SIGMA70 WEAK,0.61533064,0.6509597,1,1,1,0.6509597
ECK125136706 YCCXP4 FORWARD 1030061 SIGMA70 WEAK,0.10338636,0.7546288,0,1,1,0.7546288
ECK125136707 YCCXP5 FORWARD 1029980 SIGMA70 WEAK,0.88194996,0.9791813,1,1,1,0.9791813
ECK125136733 YCDZP4 FORWARD 1100252 SIGMA70 WEAK,0.8297176,0.7987688,1,1,1,0.8297176
ECK125136751 YCEFP6 FORWARD 1146761 SIGMA70 WEAK,0.37397826,0.3314004,0,0,0,0.37397826
ECK125136752 YCEFP7 REVERSE 1146628 SIGMA70 WEAK,0.38218564,0.55361074,0,1,1,0.55361074
ECK125136750 YCEQP6 FORWARD 1144380 SIGMA70 WEAK,0.44829065,0.34670943,0,0,0,0.44829065
ECK125136761 YCFJP3 FORWARD 1167407 SIGMA70 WEAK,0.7634405,0.43446848,1,0,1,0.7634405
ECK125136811 YCGJP5 FORWARD 1226478 SIGMA70 WEAK,0.3427451,0.31575093,0,0,0,0.3427451
ECK125136813 YCGNP3 FORWARD 1228808 SIGMA70 WEAK,0.88252634,0.9572021,1,1,1,0.9572021
ECK125136814 YCGNP5 FORWARD 1228750 SIGMA70 WEAK,0.6947917,0.54546314,1,1,1,0.6947917
ECK125136825 YCGVP10 REVERSE 1256111 SIGMA70 WEAK,0.9752118,0.98984843,1,1,1,0.98984843
ECK125136802 YCGXP4 REVERSE 1213284 SIGMA70 WEAK,0.45627913,0.21446869,0,0,0,0.45627913
ECK125136803 YCGXP5 REVERSE 1213212 SIGMA70 WEAK,0.746343,0.8320124,1,1,1,0.8320124
ECK120022125 YCHOP FORWARD 1273760 SIGMA70 WEAK,0.9694332,0.99445397,1,1,1,0.99445397
ECK125122033 YCICP REVERSE 1313698 SIGMA70 WEAK,0.97685254,0.9337451,1,1,1,0.97685254
ECK125122032 YCIEP REVERSE 1315396 SIGMA70 WEAK,0.15044343,0.210437,0,0,0,0.210437
ECK125136855 YCINP10 REVERSE 1330689 SIGMA70 WEAK,0.10986361,0.3294715,0,0,0,0.3294715
ECK125136856 YCINP11 REVERSE 1330790 SIGMA70 WEAK,0.9233184,0.74578094,1,1,1,0.9233184
ECK125199578 YCIWP REVERSE 1350132 SIGMA70 WEAK,0.07719859,0.1136842,0,0,0,0.1136842
ECK125136871 YCJMP3 FORWARD 1370185 SIGMA70 WEAK,0.34503224,0.6035993,0,1,1,0.6035993
ECK125136873 YCJWP2 REVERSE 1383991 SIGMA70 WEAK,0.982553,0.60630715,1,1,1,0.982553
ECK125136889 YDAEP5 REVERSE 1418219 SIGMA70 WEAK,0.9931156,0.9338952,1,1,1,0.9931156
ECK125136895 YDASP4 FORWARD 1420260 SIGMA70 WEAK,0.9086744,0.8156413,1,1,1,0.9086744
ECK125136896 YDASP6 FORWARD 1420343 SIGMA70 WEAK,0.3593449,0.21095933,0,0,0,0.3593449
ECK125136912 YDBCP1 FORWARD 1474188 SIGMA70 WEAK,0.962664,0.47126725,1,0,1,0.962664
ECK125136911 YDBHP9 FORWARD 1442900 SIGMA70 WEAK,0.6523094,0.40183556,1,0,1,0.6523094
ECK125136918 YDCFP3 FORWARD 1487202 SIGMA70 WEAK,0.8909836,0.89149016,1,1,1,0.89149016
ECK125136927 YDCIP4 REVERSE 1495117 SIGMA70 WEAK,0.78293836,0.9460287,1,1,1,0.9460287
ECK125136928 YDCJP10 FORWARD 1495133 SIGMA70 WEAK,0.8037146,0.06490897,1,0,1,0.8037146
ECK125136935 YDCLP1 FORWARD 1502369 SIGMA70 WEAK,0.11397838,0.0683269,0,0,0,0.11397838
ECK125136936 YDCLP4 FORWARD 1502345 SIGMA70 WEAK,0.6538164,0.4323796,1,0,1,0.6538164
ECK125136937 YDCLP5 FORWARD 1502446 SIGMA70 WEAK,0.9963617,0.99456406,1,1,1,0.9963617
ECK125136941 YDCPP2 FORWARD 1506754 SIGMA70 WEAK,0.12213934,0.16956215,0,0,0,0.16956215
ECK125136942 YDCSP7 FORWARD 1511515 SIGMA70 WEAK,0.254225,0.1751587,0,0,0,0.254225
ECK125136943 YDCSP9 FORWARD 1511453 SIGMA70 WEAK,0.99749905,0.70333517,1,1,1,0.99749905
ECK125136948 YDCXP7 FORWARD 1517236 SIGMA70 WEAK,0.7980331,0.63713926,1,1,1,0.7980331
ECK125136950 YDCYP3 FORWARD 1517610 SIGMA70 WEAK,0.90886897,0.8655277,1,1,1,0.90886897
ECK125136960 YDDJP5 REVERSE 1544825 SIGMA70 WEAK,0.8865015,0.95440096,1,1,1,0.95440096
ECK125136961 YDDJP6 REVERSE 1544851 SIGMA70 WEAK,0.9959651,0.96810687,1,1,1,0.9959651
ECK125136968 YDDWP6 REVERSE 1568852 SIGMA70 WEAK,0.7442937,0.9064011,1,1,1,0.9064011
ECK125136984 YDEEP1 FORWARD 1621304 SIGMA70 WEAK,0.7550407,0.95684177,1,1,1,0.95684177
ECK125136985 YDEEP4 FORWARD 1621264 SIGMA70 WEAK,0.5988517,0.66719854,1,1,1,0.66719854
ECK125136987 YDEIP5 REVERSE 1624559 SIGMA70 WEAK,0.6481955,0.7963635,1,1,1,0.7963635
ECK125136988 YDEIP6 REVERSE 1624543 SIGMA70 WEAK,0.7242342,0.9495484,1,1,1,0.9495484
ECK125095187 YDEJP FORWARD 1624688 SIGMA70 WEAK,0.6665361,0.78028625,1,1,1,0.78028625
ECK125136973 YDENP3 REVERSE 1582729 SIGMA70 WEAK,0.9712613,0.6391674,1,1,1,0.9712613
ECK125137002 YDFAP8 FORWARD 1648436 SIGMA70 WEAK,0.9323137,0.6361901,1,1,1,0.9323137
ECK125137017 YDGCP3 REVERSE 1682062 SIGMA70 WEAK,0.36046118,0.220094,0,0,0,0.36046118
ECK125137022 YDGJP6 REVERSE 1704399 SIGMA70 WEAK,0.57227457,0.98526716,1,1,1,0.98526716
ECK125137037 YDHCP6 FORWARD 1739878 SIGMA70 WEAK,0.4010473,0.13520633,0,0,0,0.4010473
ECK125137033 YDHLP3 REVERSE 1725932 SIGMA70 WEAK,0.9969817,0.96669275,1,1,1,0.9969817
ECK125095200 YDHOP FORWARD 1734357 SIGMA70 WEAK,0.8111639,0.9278381,1,1,1,0.9278381
ECK125137045 YDHZP5 REVERSE 1755167 SIGMA70 WEAK,0.98167485,0.9547463,1,1,1,0.98167485
ECK125137060 YDIEP5 FORWARD 1789603 SIGMA70 WEAK,0.97249347,0.98136514,1,1,1,0.98136514
ECK125137053 YDIHP3 REVERSE 1765147 SIGMA70 WEAK,0.760821,0.15097636,1,0,1,0.760821
ECK125137056 YDINP6 FORWARD 1772409 SIGMA70 WEAK,0.63798064,0.6631384,1,1,1,0.6631384
ECK125137065 YDIYP11 REVERSE 1806250 SIGMA70 WEAK,0.99353254,0.9971089,1,1,1,0.9971089
ECK125137066 YDIYP12 REVERSE 1806170 SIGMA70 WEAK,0.88614076,0.9312703,1,1,1,0.9312703
ECK125137086 YDJEP6 REVERSE 1854041 SIGMA70 WEAK,0.79948366,0.21307562,1,0,1,0.79948366
ECK125137088 YDJFP7 REVERSE 1854886 SIGMA70 WEAK,0.97126615,0.8069501,1,1,1,0.97126615
ECK120015516 YDJMP FORWARD 1810170 SIGMA70 WEAK,0.17993475,0.07894421,0,0,0,0.17993475
ECK125137073 YDJOP10 REVERSE 1813255 SIGMA70 WEAK,0.99725854,0.94571775,1,1,1,0.99725854
ECK125137071 YDJOP7 REVERSE 1813188 SIGMA70 WEAK,0.9797488,0.9597438,1,1,1,0.9797488
ECK125137072 YDJOP9 REVERSE 1813153 SIGMA70 WEAK,0.8951069,0.9746518,1,1,1,0.9746518
ECK125095204 YEAEP REVERSE 1865724 SIGMA70 WEAK,0.98663205,0.93064284,1,1,1,0.98663205
ECK125137091 YEAIP5 FORWARD 1870364 SIGMA70 WEAK,0.9903606,0.9933931,1,1,1,0.9933931
ECK125137093 YEAJP6 FORWARD 1871937 SIGMA70 WEAK,0.733855,0.9658142,1,1,1,0.9658142
ECK125137095 YEAMP6 REVERSE 1875598 SIGMA70 WEAK,0.8808329,0.6678981,1,1,1,0.8808329
ECK125137097 YEANP9 FORWARD 1875648 SIGMA70 WEAK,0.12739772,0.4879761,0,0,0,0.4879761
ECK125137098 YEAOP3 FORWARD 1876822 SIGMA70 WEAK,0.28777292,0.32613853,0,0,0,0.32613853
ECK120015435 YEBBP1 FORWARD 1946110 SIGMA70 WEAK,0.99975425,0.9766658,1,1,1,0.99975425
ECK120015431 YEBCP REVERSE 1948185 SIGMA70 WEAK,0.72828734,0.7776833,1,1,1,0.7776833
ECK120035103 YEBGP REVERSE 1930765 SIGMA70 WEAK,0.960906,0.79063386,1,1,1,0.960906
ECK125137124 YEBSP5 FORWARD 1916119 SIGMA70 WEAK,0.22401054,0.71493155,0,1,1,0.71493155
ECK125137125 YEBSP6 FORWARD 1916181 SIGMA70 WEAK,0.99427795,0.996707,1,1,1,0.996707
ECK125137131 YEBWP6 FORWARD 1922084 SIGMA70 WEAK,0.879497,0.7029807,1,1,1,0.879497
ECK125137148 YECDP7 FORWARD 1950760 SIGMA70 WEAK,0.5828115,0.49645454,1,0,1,0.5828115
ECK125137149 YECDP8 FORWARD 1950636 SIGMA70 WEAK,0.9590854,0.969411,1,1,1,0.969411
ECK125137165 YECHP3 REVERSE 1989564 SIGMA70 WEAK,0.97168285,0.7226389,1,1,1,0.97168285
ECK125137151 YECMP2 REVERSE 1959984 SIGMA70 WEAK,0.44196677,0.18710998,0,0,0,0.44196677
ECK125137152 YECMP3 REVERSE 1959872 SIGMA70 WEAK,0.78472614,0.5000759,1,1,1,0.78472614
ECK125137172 YEDDP5 REVERSE 2008261 SIGMA70 WEAK,0.06423979,0.13163781,0,0,0,0.13163781
ECK125137177 YEDIP2 REVERSE 2029461 SIGMA70 WEAK,0.8814094,0.53595275,1,1,1,0.8814094
ECK125137178 YEDIP3 REVERSE 2029370 SIGMA70 WEAK,0.705153,0.45602375,1,0,1,0.705153
ECK125137180 YEDJP4 REVERSE 2033223 SIGMA70 WEAK,0.15275416,0.13327262,0,0,0,0.15275416
ECK125137182 YEDXP FORWARD 2038840 SIGMA70 WEAK,0.9686905,0.98140234,1,1,1,0.98140234
ECK125137191 YEENP4 FORWARD 2056792 SIGMA70 WEAK,0.98471284,0.9630717,1,1,1,0.98471284
ECK125137192 YEENP7 FORWARD 2056754 SIGMA70 WEAK,0.9990877,0.97993165,1,1,1,0.9990877
ECK125137195 YEEOP7 REVERSE 2059722 SIGMA70 WEAK,0.16993302,0.2423388,0,0,0,0.2423388
ECK125137200 YEEXP4 REVERSE 2079417 SIGMA70 WEAK,0.8016286,0.49165294,1,0,1,0.8016286
ECK125137203 YEEZP5 REVERSE 2089211 SIGMA70 WEAK,0.9238786,0.91970146,1,1,1,0.9238786
ECK125137224 YEGDP2 FORWARD 2147644 SIGMA70 WEAK,0.20277616,0.15830678,0,0,0,0.20277616
ECK125137225 YEGIP7 REVERSE 2151077 SIGMA70 WEAK,0.79332656,0.97634685,1,1,1,0.97634685
ECK125137226 YEGIP8 REVERSE 2150999 SIGMA70 WEAK,0.99984527,0.9937928,1,1,1,0.99984527
ECK125137228 YEGJP7 FORWARD 2151016 SIGMA70 WEAK,0.99991477,0.99789834,1,1,1,0.99991477
ECK125137229 YEGJP8 FORWARD 2151051 SIGMA70 WEAK,0.92090625,0.9355714,1,1,1,0.9355714
ECK125137230 YEGQP1 FORWARD 2165591 SIGMA70 WEAK,0.057808366,0.29611558,0,0,0,0.29611558
ECK125137233 YEGSP6 FORWARD 2168543 SIGMA70 WEAK,0.26754236,0.7217309,0,1,1,0.7217309
ECK125137240 YEHAP6 REVERSE 2188472 SIGMA70 WEAK,0.21543764,0.509708,0,1,1,0.509708
ECK125137242 YEHEP7 REVERSE 2192880 SIGMA70 WEAK,0.91219497,0.88758516,1,1,1,0.91219497
ECK125137246 YEHKP1 FORWARD 2203784 SIGMA70 WEAK,0.5325582,0.2337848,1,0,1,0.5325582
ECK125137247 YEHLP3 FORWARD 2204402 SIGMA70 WEAK,0.9999676,0.99942976,1,1,1,0.9999676
ECK125137266 YEIEP6 REVERSE 2249656 SIGMA70 WEAK,0.94328576,0.86179036,1,1,1,0.94328576
ECK125137267 YEIEP7 REVERSE 2249638 SIGMA70 WEAK,0.9949108,0.9718882,1,1,1,0.9949108
ECK125137268 YEIHP7 FORWARD 2249666 SIGMA70 WEAK,0.98901165,0.96527475,1,1,1,0.98901165
ECK120030649 YEJAP FORWARD 2272312 SIGMA70 WEAK,0.97678566,0.9905173,1,1,1,0.9905173
ECK125137300 YFALP7 REVERSE 2344284 SIGMA70 WEAK,0.91342664,0.20137195,1,0,1,0.91342664
ECK125137306 YFAZP4 REVERSE 2364372 SIGMA70 WEAK,0.98992807,0.98943275,1,1,1,0.98992807
ECK125137307 YFAZP5 REVERSE 2364317 SIGMA70 WEAK,0.91732705,0.72193354,1,1,1,0.91732705
ECK125137324 YFBLP10 FORWARD 2385805 SIGMA70 WEAK,0.99801326,0.9964084,1,1,1,0.99801326
ECK125137326 YFBNP8 REVERSE 2388554 SIGMA70 WEAK,0.93640184,0.61827445,1,1,1,0.93640184
ECK125137328 YFBOP5 FORWARD 2388458 SIGMA70 WEAK,0.9612244,0.56210196,1,1,1,0.9612244
ECK125137329 YFBOP6 FORWARD 2388539 SIGMA70 WEAK,0.9995074,0.96895325,1,1,1,0.9995074
ECK125137342 YFCLP5 REVERSE 2444251 SIGMA70 WEAK,0.80495924,0.4647335,1,0,1,0.80495924
ECK125137345 YFCVP6 REVERSE 2455821 SIGMA70 WEAK,0.99856204,0.9761696,1,1,1,0.99856204
ECK125137346 YFCVP7 REVERSE 2455668 SIGMA70 WEAK,0.98492116,0.9905866,1,1,1,0.9905866
ECK125137348 YFCVP9 REVERSE 2455654 SIGMA70 WEAK,0.9820081,0.96673656,1,1,1,0.9820081
ECK125137350 YFDFP7 FORWARD 2462984 SIGMA70 WEAK,0.99990165,0.9862462,1,1,1,0.99990165
ECK125137356 YFDPP6 FORWARD 2473536 SIGMA70 WEAK,0.58261544,0.46476322,1,0,1,0.58261544
ECK125137362 YFDYP5 REVERSE 2495333 SIGMA70 WEAK,0.9101191,0.7683083,1,1,1,0.9101191
ECK125137367 YFEAP5 REVERSE 2517869 SIGMA70 WEAK,0.79128385,0.8092345,1,1,1,0.8092345
ECK125137374 YFECP5 FORWARD 2518334 SIGMA70 WEAK,0.20728105,0.7263219,0,1,1,0.7263219
ECK125137365 YFEOP1 FORWARD 2509453 SIGMA70 WEAK,0.12771323,0.24057804,0,0,0,0.24057804
ECK125137380 YFEXP3 REVERSE 2550554 SIGMA70 WEAK,0.39163125,0.20362878,0,0,0,0.39163125
ECK125137385 YFFOP7 FORWARD 2561993 SIGMA70 WEAK,0.050680935,0.008206429,0,0,0,0.050680935
ECK125137389 YFFSP4 FORWARD 2564400 SIGMA70 WEAK,0.19601277,0.80658484,0,1,1,0.80658484
ECK125137397 YFGGP6 FORWARD 2629186 SIGMA70 WEAK,0.9925632,0.95137095,1,1,1,0.9925632
ECK125137399 YFGHP10 FORWARD 2629672 SIGMA70 WEAK,0.99456316,0.99251235,1,1,1,0.99456316
ECK125137419 YFHHP5 FORWARD 2698707 SIGMA70 WEAK,0.899842,0.97709626,1,1,1,0.97709626
ECK125137423 YFICP3 REVERSE 2712805 SIGMA70 WEAK,0.13685898,0.67775244,0,1,1,0.67775244
ECK125137425 YFIEP7 REVERSE 2715344 SIGMA70 WEAK,0.99908817,0.9793912,1,1,1,0.99908817
ECK125137434 YFILP10 FORWARD 2741355 SIGMA70 WEAK,0.16123842,0.17433633,0,0,0,0.17433633
ECK125137433 YFILP9 FORWARD 2741315 SIGMA70 WEAK,0.9687052,0.89356065,1,1,1,0.9687052
ECK125137428 YFIMP2 FORWARD 2724033 SIGMA70 WEAK,0.96238667,0.625791,1,1,1,0.96238667
ECK125137436 YFIRP5 FORWARD 2741762 SIGMA70 WEAK,0.70950896,0.93912834,1,1,1,0.93912834
ECK125137446 YFJHP2 REVERSE 2758663 SIGMA70 WEAK,0.03579819,0.1656514,0,0,0,0.1656514
ECK125137448 YFJIP3 FORWARD 2758978 SIGMA70 WEAK,0.5941185,0.925766,1,1,1,0.925766
ECK125137450 YFJIP9 FORWARD 2758855 SIGMA70 WEAK,0.5061177,0.349122,1,0,1,0.5061177
ECK125137452 YFJJP6 FORWARD 2760507 SIGMA70 WEAK,0.926695,0.9873395,1,1,1,0.9873395
ECK125137453 YFJMP3 REVERSE 2765985 SIGMA70 WEAK,0.34257478,0.83891195,0,1,1,0.83891195
ECK125137457 YFJWP5 FORWARD 2773285 SIGMA70 WEAK,0.9662923,0.5077388,1,1,1,0.9662923
ECK125137465 YGAZP8 FORWARD 2809595 SIGMA70 WEAK,0.385504,0.9251822,0,1,1,0.9251822
ECK125137475 YGBEP3 REVERSE 2873392 SIGMA70 WEAK,0.58744985,0.91287357,1,1,1,0.91287357
ECK125137468 YGBIP5 REVERSE 2861441 SIGMA70 WEAK,0.12227026,0.3116176,0,0,0,0.3116176
ECK125137469 YGBIP6 REVERSE 2861362 SIGMA70 WEAK,0.8624801,0.83123684,1,1,1,0.8624801
ECK125137485 YGCGP6 FORWARD 2905666 SIGMA70 WEAK,0.97440094,0.9974375,1,1,1,0.9974375
ECK125137492 YGDDP2 REVERSE 2941721 SIGMA70 WEAK,0.1099041,0.127545,0,0,0,0.127545
ECK125137502 YGDQP3 FORWARD 2970392 SIGMA70 WEAK,0.853014,0.49916348,1,0,1,0.853014
ECK125137524 YGEHP10 FORWARD 2991879 SIGMA70 WEAK,0.9980388,0.93597233,1,1,1,0.9980388
ECK125137525 YGEIP6 FORWARD 2993581 SIGMA70 WEAK,0.97893906,0.98472416,1,1,1,0.98472416
ECK125137527 YGEIP8 FORWARD 2993603 SIGMA70 WEAK,0.9098015,0.5490555,1,1,1,0.9098015
ECK125137550 YGGIP3 FORWARD 3089659 SIGMA70 WEAK,0.9571159,0.29097366,1,0,1,0.9571159
ECK125137558 YGGMP3 REVERSE 3099593 SIGMA70 WEAK,0.9871219,0.9735199,1,1,1,0.9871219
ECK125137589 YGHAP5 FORWARD 3149483 SIGMA70 WEAK,0.88434905,0.982749,1,1,1,0.982749
ECK125137564 YGHDP2 REVERSE 3111211 SIGMA70 WEAK,0.26577967,0.45536938,0,0,0,0.45536938
ECK125137569 YGHJP6 REVERSE 3119320 SIGMA70 WEAK,0.9923821,0.9444782,1,1,1,0.9923821
ECK125137575 YGHQP6 REVERSE 3132449 SIGMA70 WEAK,0.4315514,0.8835487,0,1,1,0.8835487
ECK125137582 YGHTP10 FORWARD 3134016 SIGMA70 WEAK,0.38354358,0.17340873,0,0,0,0.38354358
ECK125137580 YGHTP7 FORWARD 3134084 SIGMA70 WEAK,0.35772938,0.44963017,0,0,0,0.44963017
ECK125137585 YGHWP6 REVERSE 3146753 SIGMA70 WEAK,0.8708154,0.58100235,1,1,1,0.8708154
ECK125137613 YGILP4 FORWARD 3185311 SIGMA70 WEAK,0.9999356,0.9994204,1,1,1,0.9999356
ECK125137614 YGILP5 FORWARD 3185342 SIGMA70 WEAK,0.9987392,0.89473283,1,1,1,0.9987392
ECK125137609 YGINP2 FORWARD 3173078 SIGMA70 WEAK,0.91797227,0.7082168,1,1,1,0.91797227
ECK125137593 YGIQP5 REVERSE 3161182 SIGMA70 WEAK,0.9325115,0.7120725,1,1,1,0.9325115
ECK125137597 YGISP4 REVERSE 3167731 SIGMA70 WEAK,0.99114966,0.9882158,1,1,1,0.99114966
ECK125137603 YGIWP6 REVERSE 3169749 SIGMA70 WEAK,0.52026516,0.70105934,1,1,1,0.70105934
ECK125137605 YGIZP3 REVERSE 3172253 SIGMA70 WEAK,0.88923895,0.9354831,1,1,1,0.9354831
ECK125137629 YGJHP3 REVERSE 3221255 SIGMA70 WEAK,0.8200672,0.9749956,1,1,1,0.9749956
ECK125137637 YGJQP5 FORWARD 3236513 SIGMA70 WEAK,0.7101195,0.40914053,1,0,1,0.7101195
ECK125137642 YGJVP4 REVERSE 3241819 SIGMA70 WEAK,0.98289055,0.9633388,1,1,1,0.98289055
ECK125137664 YHABP3 FORWARD 3267816 SIGMA70 WEAK,0.16060305,0.26804107,0,0,0,0.26804107
ECK125137650 YHAIP10 FORWARD 3252761 SIGMA70 WEAK,0.9972773,0.99763584,1,1,1,0.99763584
ECK125137651 YHAIP11 FORWARD 3252783 SIGMA70 WEAK,0.9991903,0.94566333,1,1,1,0.9991903
ECK125137653 YHAJP4 REVERSE 3254280 SIGMA70 WEAK,0.928084,0.074915156,1,0,1,0.928084
ECK125137680 YHBQP2 FORWARD 3299939 SIGMA70 WEAK,0.110302046,0.2717947,0,0,0,0.2717947
ECK125137682 YHBUP5 FORWARD 3301437 SIGMA70 WEAK,0.75587225,0.6393573,1,1,1,0.75587225
ECK125137686 YHBXP6 REVERSE 3321651 SIGMA70 WEAK,0.75869393,0.54637545,1,1,1,0.75869393
ECK125137699 YHCAP9 FORWARD 3362094 SIGMA70 WEAK,0.98640984,0.58712405,1,1,1,0.98640984
ECK125137696 YHCCP6 FORWARD 3354218 SIGMA70 WEAK,0.090657406,0.7463009,0,1,1,0.7463009
ECK125137697 YHCCP8 FORWARD 3354235 SIGMA70 WEAK,0.05758431,0.29577366,0,0,0,0.29577366
ECK125137702 YHCFP4 FORWARD 3366843 SIGMA70 WEAK,0.05097488,0.08127312,0,0,0,0.08127312
ECK125137710 YHCNP5 FORWARD 3385406 SIGMA70 WEAK,0.99444395,0.9958354,1,1,1,0.9958354
ECK125137711 YHCNP6 FORWARD 3385481 SIGMA70 WEAK,0.99483216,0.97389406,1,1,1,0.99483216
ECK125137749 YHFLP4 FORWARD 3499438 SIGMA70 WEAK,0.9110903,0.88188016,1,1,1,0.9110903
ECK125137750 YHFLP5 FORWARD 3499311 SIGMA70 WEAK,0.95853823,0.8178659,1,1,1,0.95853823
ECK125137751 YHFLP7 FORWARD 3499413 SIGMA70 WEAK,0.9743497,0.9597292,1,1,1,0.9743497
ECK125137768 YHGEP6 REVERSE 3532588 SIGMA70 WEAK,0.79670656,0.52417344,1,1,1,0.79670656
ECK125137769 YHGEP7 REVERSE 3532485 SIGMA70 WEAK,0.3273009,0.14607099,0,0,0,0.3273009
ECK125137770 YHGEP9 REVERSE 3532538 SIGMA70 WEAK,0.333918,0.64162254,0,1,1,0.64162254
ECK125137787 YHHAP4 FORWARD 3586919 SIGMA70 WEAK,0.5506885,0.55561864,1,1,1,0.55561864
ECK125137814 YHHIP6 FORWARD 3624173 SIGMA70 WEAK,0.8024478,0.770566,1,1,1,0.8024478
ECK125137798 YHHMP4 REVERSE 3605634 SIGMA70 WEAK,0.9831193,0.98713315,1,1,1,0.98713315
ECK125137799 YHHNP4 FORWARD 3605575 SIGMA70 WEAK,0.19756304,0.073982105,0,0,0,0.19756304
ECK125137800 YHHNP6 FORWARD 3605698 SIGMA70 WEAK,0.4610865,0.86063963,0,1,1,0.86063963
ECK125137802 YHHQP5 FORWARD 3609119 SIGMA70 WEAK,0.61209124,0.03161112,1,0,1,0.61209124
ECK120015393 YHHYP FORWARD 3581111 SIGMA70 WEAK,0.63585603,0.6546286,1,1,1,0.6546286
ECK125137783 YHHZP5 FORWARD 3581758 SIGMA70 WEAK,0.79178035,0.9750004,1,1,1,0.9750004
ECK125137784 YHHZP7 FORWARD 3581841 SIGMA70 WEAK,0.6716617,0.6978404,1,1,1,0.6978404
ECK125137824 YHIDP8 REVERSE 3656039 SIGMA70 WEAK,0.9794143,0.3004524,1,0,1,0.9794143
ECK125137816 YHIJP6 REVERSE 3632595 SIGMA70 WEAK,0.99905497,0.91530645,1,1,1,0.99905497
ECK125137817 YHIMP9 FORWARD 3634783 SIGMA70 WEAK,0.87348306,0.9915978,1,1,1,0.9915978
ECK125137820 YHINP6 REVERSE 3637500 SIGMA70 WEAK,0.9848557,0.9792549,1,1,1,0.9848557
ECK125137825 YHJBP4 REVERSE 3672045 SIGMA70 WEAK,0.6004343,0.8454323,1,1,1,0.8454323
ECK125137826 YHJDP5 FORWARD 3673330 SIGMA70 WEAK,0.76840496,0.47290733,1,0,1,0.76840496
ECK125137827 YHJEP8 FORWARD 3674637 SIGMA70 WEAK,0.9986676,0.9979248,1,1,1,0.9986676
ECK125137828 YHJEP9 FORWARD 3674757 SIGMA70 WEAK,0.59137756,0.34958562,1,0,1,0.59137756
ECK125137829 YHJKP2 REVERSE 3685648 SIGMA70 WEAK,0.5124431,0.36644784,1,0,1,0.5124431
ECK125137838 YHJXP5 REVERSE 3712060 SIGMA70 WEAK,0.3565282,0.76151025,0,1,1,0.76151025
ECK125137840 YHJYP9 REVERSE 3712983 SIGMA70 WEAK,0.73329556,0.9477208,1,1,1,0.9477208
ECK125137853 YIABP5 REVERSE 3727767 SIGMA70 WEAK,0.98724246,0.41274118,1,0,1,0.98724246
ECK125137854 YIABP6 REVERSE 3727827 SIGMA70 WEAK,0.9246721,0.81084496,1,1,1,0.9246721
ECK125137845 YIADP3 FORWARD 3716479 SIGMA70 WEAK,0.8460915,0.19559652,1,0,1,0.8460915
ECK125137857 YIATP3 REVERSE 3751962 SIGMA70 WEAK,0.9990715,0.9595298,1,1,1,0.9990715
ECK125137858 YIATP4 REVERSE 3751875 SIGMA70 WEAK,0.9919369,0.9785791,1,1,1,0.9919369
ECK125137860 YIATP8 REVERSE 3751905 SIGMA70 WEAK,0.80900127,0.52112055,1,1,1,0.80900127
ECK125137863 YIAUP11 FORWARD 3751896 SIGMA70 WEAK,0.9851244,0.32242075,1,0,1,0.9851244
ECK125137861 YIAUP8 FORWARD 3751986 SIGMA70 WEAK,0.9997029,0.9824547,1,1,1,0.9997029
ECK125137864 YIAYP4 REVERSE 3757880 SIGMA70 WEAK,0.92279387,0.9618892,1,1,1,0.9618892
ECK125137865 YIAYP6 REVERSE 3757928 SIGMA70 WEAK,0.99404424,0.8185393,1,1,1,0.99404424
ECK125137877 YIBBP8 REVERSE 3793729 SIGMA70 WEAK,0.96118563,0.97613096,1,1,1,0.97613096
ECK120033027 YIBDP1 REVERSE 3790149 SIGMA70 WEAK,0.8668526,0.9162343,1,1,1,0.9162343
ECK125137871 YIBLP6 FORWARD 3776597 SIGMA70 WEAK,0.99468625,0.96514475,1,1,1,0.99468625
ECK125137875 YIBNP7 REVERSE 3785056 SIGMA70 WEAK,0.6082589,0.29474467,1,0,1,0.6082589
ECK125137869 YIBTP5 REVERSE 3776420 SIGMA70 WEAK,0.9281029,0.8310555,1,1,1,0.9281029
ECK125137896 YICOP10 REVERSE 3843921 SIGMA70 WEAK,0.99536324,0.9256809,1,1,1,0.99536324
ECK125137904 YIDBP3 REVERSE 3877615 SIGMA70 WEAK,0.10618732,0.7449186,0,1,1,0.7449186
ECK125137901 YIDEP6 REVERSE 3866390 SIGMA70 WEAK,0.97726464,0.9941759,1,1,1,0.9941759
ECK125137902 YIDRP2 REVERSE 3869412 SIGMA70 WEAK,0.033794753,0.5480006,0,1,1,0.5480006
ECK125137906 YIEHP6 FORWARD 3896762 SIGMA70 WEAK,0.54248744,0.24261568,1,0,1,0.54248744
ECK125137909 YIEKP3 REVERSE 3899399 SIGMA70 WEAK,0.99245524,0.9904163,1,1,1,0.99245524
ECK125137919 YIFBP8 REVERSE 3950027 SIGMA70 WEAK,0.7487474,0.67276746,1,1,1,0.7487474
ECK125137922 YIGFP4 REVERSE 4002875 SIGMA70 WEAK,0.44527107,0.79137284,0,1,1,0.79137284
ECK125137923 YIGFP5 REVERSE 4002842 SIGMA70 WEAK,0.15491031,0.5522489,0,1,1,0.5522489
ECK125137944 YIHFP6 FORWARD 4044131 SIGMA70 WEAK,0.9579526,0.9808245,1,1,1,0.9808245
ECK125137956 YIHQP6 REVERSE 4069433 SIGMA70 WEAK,0.30292553,0.34183782,0,0,0,0.34183782
ECK125137957 YIHQP8 REVERSE 4069363 SIGMA70 WEAK,0.92325664,0.5120217,1,1,1,0.92325664
ECK125137958 YIHVP3 FORWARD 4073661 SIGMA70 WEAK,0.92917305,0.9538805,1,1,1,0.9538805
ECK125137959 YIHVP4 FORWARD 4073712 SIGMA70 WEAK,0.75849587,0.4387799,1,0,1,0.75849587
ECK125137961 YIIEP5 FORWARD 4079180 SIGMA70 WEAK,0.8137769,0.5056417,1,1,1,0.8137769
ECK125137962 YIIEP7 FORWARD 4079096 SIGMA70 WEAK,0.99983144,0.9318784,1,1,1,0.99983144
ECK125137963 YIIFP7 FORWARD 4079597 SIGMA70 WEAK,0.41341802,0.118833296,0,0,0,0.41341802
ECK125137964 YIIFP8 FORWARD 4079562 SIGMA70 WEAK,0.99424213,0.99598926,1,1,1,0.99598926
ECK125137966 YIIGP7 FORWARD 4086886 SIGMA70 WEAK,0.77594656,0.68123305,1,1,1,0.77594656
ECK125137969 YIIMP4 FORWARD 4102784 SIGMA70 WEAK,0.8129169,0.13850585,1,0,1,0.8129169
ECK125137970 YIIMP5 FORWARD 4102753 SIGMA70 WEAK,0.28963733,0.28774923,0,0,0,0.28963733
ECK125137974 YIIQP4 REVERSE 4112312 SIGMA70 WEAK,0.9273657,0.9249898,1,1,1,0.9273657
ECK125137978 YIJFP5 REVERSE 4137864 SIGMA70 WEAK,0.21419182,0.083449416,0,0,0,0.21419182
ECK125137984 YIJPP9 REVERSE 4150311 SIGMA70 WEAK,0.83871216,0.9152335,1,1,1,0.9152335
ECK120010063 YJABP REVERSE 4214156 SIGMA70 WEAK,0.036999628,0.57454836,0,1,1,0.57454836
ECK125138004 YJCDP5 FORWARD 4278466 SIGMA70 WEAK,0.3259416,0.19833148,0,0,0,0.3259416
ECK125138009 YJCFP6 REVERSE 4283106 SIGMA70 WEAK,0.54364383,0.58352816,1,1,1,0.58352816
ECK125138013 YJCOP2 REVERSE 4297151 SIGMA70 WEAK,0.80089945,0.7724581,1,1,1,0.80089945
ECK125138024 YJDKP3 FORWARD 4352390 SIGMA70 WEAK,0.21378121,0.7123499,0,1,1,0.7123499
ECK125138025 YJDLP1 REVERSE 4356462 SIGMA70 WEAK,0.53512454,0.5552232,1,1,1,0.5552232
ECK125138026 YJDLP2 REVERSE 4356413 SIGMA70 WEAK,0.42327288,0.3410277,0,0,0,0.42327288
ECK125138021 YJDMP5 REVERSE 4326836 SIGMA70 WEAK,0.84167266,0.6510357,1,1,1,0.84167266
ECK125138029 YJEJP6 REVERSE 4374403 SIGMA70 WEAK,0.96449226,0.614509,1,1,1,0.96449226
ECK125138040 YJFYP2 REVERSE 4424828 SIGMA70 WEAK,0.6809046,0.9089072,1,1,1,0.9089072
ECK125138055 YJGAP8 REVERSE 4458015 SIGMA70 WEAK,0.02291429,0.1913403,0,0,0,0.1913403
ECK125138069 YJGBP5 REVERSE 4496266 SIGMA70 WEAK,0.022283645,0.43126923,0,0,0,0.43126923
ECK125138061 YJGLP2 FORWARD 4475401 SIGMA70 WEAK,0.9683583,0.9758483,1,1,1,0.9758483
ECK125138062 YJGMP10 REVERSE 4479671 SIGMA70 WEAK,0.9739721,0.93199456,1,1,1,0.9739721
ECK125138063 YJGNP3 FORWARD 4479686 SIGMA70 WEAK,0.62870187,0.5387226,1,1,1,0.62870187
ECK125138064 YJGNP6 FORWARD 4479566 SIGMA70 WEAK,0.9529023,0.6175858,1,1,1,0.9529023
ECK125138065 YJGNP7 FORWARD 4479664 SIGMA70 WEAK,0.8515253,0.9589651,1,1,1,0.9589651
ECK125138068 YJGRP3 REVERSE 4490085 SIGMA70 WEAK,0.20917907,0.08927538,0,0,0,0.20917907
ECK125138076 YJHBP4 FORWARD 4504005 SIGMA70 WEAK,0.56582946,0.9867035,1,1,1,0.9867035
ECK125138088 YJHGP3 REVERSE 4524140 SIGMA70 WEAK,0.61704236,0.73786193,1,1,1,0.73786193
ECK125138087 YJHUP9 REVERSE 4520401 SIGMA70 WEAK,0.99510455,0.9984309,1,1,1,0.9984309
ECK125138094 YJIKP6 REVERSE 4563635 SIGMA70 WEAK,0.9863543,0.8484626,1,1,1,0.9863543
ECK125138099 YJISP3 FORWARD 4571705 SIGMA70 WEAK,0.9190198,0.9513344,1,1,1,0.9513344
ECK125138100 YJISP4 FORWARD 4571720 SIGMA70 WEAK,0.3870129,0.43111193,0,0,0,0.43111193
ECK125138113 YJJAP8 REVERSE 4600210 SIGMA70 WEAK,0.33589283,0.31704044,0,0,0,0.33589283
ECK125138119 YJJJP2 FORWARD 4621657 SIGMA70 WEAK,0.013869934,0.06265806,0,0,0,0.06265806
ECK125138120 YJJJP4 FORWARD 4621716 SIGMA70 WEAK,0.932957,0.7280763,1,1,1,0.932957
ECK125138106 YJJLP5 REVERSE 4594737 SIGMA70 WEAK,0.88881034,0.684602,1,1,1,0.88881034
ECK125138126 YJJYP6 FORWARD 4640358 SIGMA70 WEAK,0.9533383,0.9723337,1,1,1,0.9723337
ECK125138127 YJTDP6 FORWARD 4640898 SIGMA70 WEAK,0.9411542,0.8559819,1,1,1,0.9411542
ECK125136448 YKGBP10 REVERSE 318334 SIGMA70 WEAK,0.3795488,0.22390041,0,0,0,0.3795488
ECK125136445 YKGBP4 REVERSE 318397 SIGMA70 WEAK,0.95524085,0.97386974,1,1,1,0.97386974
ECK125136446 YKGBP7 REVERSE 318484 SIGMA70 WEAK,0.9966426,0.9889508,1,1,1,0.9966426
ECK125136447 YKGBP9 REVERSE 318525 SIGMA70 WEAK,0.9158729,0.26074883,1,0,1,0.9158729
ECK125136450 YKGCP4 REVERSE 320170 SIGMA70 WEAK,0.1680442,0.44584048,0,0,0,0.44584048
ECK125136452 YKGDP2 FORWARD 320193 SIGMA70 WEAK,0.9940906,0.9914136,1,1,1,0.9940906
ECK125136453 YKGDP3 FORWARD 320116 SIGMA70 WEAK,0.88040113,0.9130726,1,1,1,0.9130726
ECK125136454 YKGEP7 FORWARD 321511 SIGMA70 WEAK,0.029825669,0.05675594,0,0,0,0.05675594
ECK125136455 YKGEP8 FORWARD 321484 SIGMA70 WEAK,0.9912298,0.9025993,1,1,1,0.9912298
ECK120034388 YKGMP REVERSE 312805 SIGMA70 WEAK,0.70053786,0.5132781,1,1,1,0.70053786
ECK125136657 YLIEP6 FORWARD 872969 SIGMA70 WEAK,0.84652644,0.8356287,1,1,1,0.84652644
ECK125136719 YMCEP3 FORWARD 1051830 SIGMA70 WEAK,0.8302734,0.706558,1,1,1,0.8302734
ECK125136735 YMDAP5 FORWARD 1105225 SIGMA70 WEAK,0.45962724,0.06672585,0,0,0,0.45962724
ECK125136736 YMDAP7 FORWARD 1105330 SIGMA70 WEAK,0.62543356,0.6598993,1,1,1,0.6598993
ECK125136738 YMDBP3 FORWARD 1105714 SIGMA70 WEAK,0.50732,0.46642134,1,0,1,0.50732
ECK125136778 YMFDP5 REVERSE 1197625 SIGMA70 WEAK,0.4615258,0.59879434,0,1,1,0.59879434
ECK125136779 YMFDP6 REVERSE 1197589 SIGMA70 WEAK,0.15625687,0.15549338,0,0,0,0.15625687
ECK125136780 YMFDP7 REVERSE 1197661 SIGMA70 WEAK,0.6431154,0.45464787,1,0,1,0.6431154
ECK125136785 YMFJP6 REVERSE 1202213 SIGMA70 WEAK,0.6726368,0.28659007,1,0,1,0.6726368
ECK125136808 YMGFP10 FORWARD 1218953 SIGMA70 WEAK,0.97543335,0.5817212,1,1,1,0.97543335
ECK125136809 YMGFP11 FORWARD 1218940 SIGMA70 WEAK,0.4785049,0.87088853,0,1,1,0.87088853
ECK125136857 YMIAP6 FORWARD 1335105 SIGMA70 WEAK,0.97977257,0.76602906,1,1,1,0.97977257
ECK125136858 YMIAP7 FORWARD 1335056 SIGMA70 WEAK,0.6821657,0.9236125,1,1,1,0.9236125
ECK125136903 YNAKP10 FORWARD 1425219 SIGMA70 WEAK,0.9866676,0.9677742,1,1,1,0.9866676
ECK125136900 YNAKP4 FORWARD 1425313 SIGMA70 WEAK,0.6054263,0.7505868,1,1,1,0.7505868
ECK125136901 YNAKP6 FORWARD 1425249 SIGMA70 WEAK,0.982927,0.80931437,1,1,1,0.982927
ECK125136902 YNAKP8 FORWARD 1425264 SIGMA70 WEAK,0.9735631,0.9383172,1,1,1,0.9735631
ECK125136946 YNCLP4 REVERSE 1517246 SIGMA70 WEAK,0.91175604,0.50813013,1,1,1,0.91175604
ECK125136977 YNEEP7 REVERSE 1609140 SIGMA70 WEAK,0.7882572,0.9693648,1,1,1,0.9693648
ECK125136982 YNEKP5 FORWARD 1615731 SIGMA70 WEAK,0.99382037,0.87094414,1,1,1,0.99382037
ECK125137008 YNFKP5 REVERSE 1667240 SIGMA70 WEAK,0.6447762,0.88027483,1,1,1,0.88027483
ECK125137009 YNFKP6 REVERSE 1667335 SIGMA70 WEAK,0.9699224,0.49620703,1,0,1,0.9699224
ECK125137010 YNFLP6 REVERSE 1669652 SIGMA70 WEAK,0.5636913,0.7934746,1,1,1,0.7934746
ECK125137011 YNFMP4 FORWARD 1669630 SIGMA70 WEAK,0.8246299,0.8944011,1,1,1,0.8944011
ECK125136994 YNFNP5 REVERSE 1638197 SIGMA70 WEAK,0.52770925,0.40675297,1,0,1,0.52770925
ECK125136995 YNFNP6 REVERSE 1638299 SIGMA70 WEAK,0.9858628,0.87948555,1,1,1,0.9858628
ECK125137068 YNIAP5 FORWARD 1807775 SIGMA70 WEAK,0.8705934,0.7453795,1,1,1,0.8705934
ECK125137083 YNJIP5 REVERSE 1844886 SIGMA70 WEAK,0.9628572,0.7639835,1,1,1,0.9628572
ECK125137108 YOABP4 FORWARD 1893359 SIGMA70 WEAK,0.8797251,0.5638242,1,1,1,0.8797251
ECK125137100 YOAFP10 REVERSE 1877722 SIGMA70 WEAK,0.117369875,0.21423036,0,0,0,0.21423036
ECK125137135 YOBBP5 FORWARD 1925364 SIGMA70 WEAK,0.8388299,0.4360285,1,0,1,0.8388299
ECK125137117 YOBHP4 FORWARD 1908900 SIGMA70 WEAK,0.9943376,0.6466099,1,1,1,0.9943376
ECK125137175 YODCP6 REVERSE 2028504 SIGMA70 WEAK,0.24756742,0.5943219,0,1,1,0.5943219
ECK125137258 YOHJP4 FORWARD 2230493 SIGMA70 WEAK,0.41015998,0.45316824,0,0,0,0.45316824
ECK125137250 YOHOP6 FORWARD 2215586 SIGMA70 WEAK,0.41477656,0.5665806,0,1,1,0.5665806
ECK120048893 YOJIP REVERSE 2308641 SIGMA70 WEAK,0.9708819,0.9934369,1,1,1,0.9934369
ECK125137390 YPFGP3 REVERSE 2582893 SIGMA70 WEAK,0.524228,0.35926205,1,0,1,0.524228
ECK125137391 YPFGP4 REVERSE 2582880 SIGMA70 WEAK,0.9852544,0.9444358,1,1,1,0.9852544
ECK125137442 YPJDP5 FORWARD 2747930 SIGMA70 WEAK,0.8786354,0.07159467,1,0,1,0.8786354
ECK125137489 YQCAP5 REVERSE 2923050 SIGMA70 WEAK,0.42234066,0.3870069,0,0,0,0.42234066
ECK125137483 YQCEP6 FORWARD 2900472 SIGMA70 WEAK,0.85685056,0.41443717,1,0,1,0.85685056
ECK125137535 YQECP7 REVERSE 3015167 SIGMA70 WEAK,0.4040493,0.88851076,0,1,1,0.88851076
ECK125137514 YQEHP4 FORWARD 2987513 SIGMA70 WEAK,0.89345837,0.5657431,1,1,1,0.89345837
ECK125137517 YQEIP5 FORWARD 2988436 SIGMA70 WEAK,0.99804676,0.9838855,1,1,1,0.99804676
ECK125137522 YQEKP11 REVERSE 2990368 SIGMA70 WEAK,0.77941227,0.74949217,1,1,1,0.77941227
ECK125137521 YQEKP9 REVERSE 2990383 SIGMA70 WEAK,0.99565625,0.99673444,1,1,1,0.99673444
ECK125137544 YQFAP9 REVERSE 3043256 SIGMA70 WEAK,0.6393529,0.6093488,1,1,1,0.6393529
ECK125137588 YQHAP8 REVERSE 3149498 SIGMA70 WEAK,0.17889383,0.33962768,0,0,0,0.33962768
ECK125137646 YQJGP2 FORWARD 3250974 SIGMA70 WEAK,0.9767284,0.7168135,1,1,1,0.9767284
ECK125134706 YQJHP REVERSE 3216538 SIGMA70 WEAK,0.7729158,0.221071,1,0,1,0.7729158
ECK125137672 YRAHP11 FORWARD 3287278 SIGMA70 WEAK,0.9797346,0.9849936,1,1,1,0.9849936
ECK125137666 YRAHP5 FORWARD 3287405 SIGMA70 WEAK,0.98316413,0.97942334,1,1,1,0.98316413
ECK125137667 YRAHP6 FORWARD 3287291 SIGMA70 WEAK,0.984209,0.9960157,1,1,1,0.9960157
ECK125137676 YRAQP3 REVERSE 3298174 SIGMA70 WEAK,0.064456455,0.079188384,0,0,0,0.079188384
ECK125137679 YRARP6 REVERSE 3298923 SIGMA70 WEAK,0.48043895,0.07854191,0,0,0,0.48043895
ECK125137763 YRFFP10 FORWARD 3526425 SIGMA70 WEAK,0.8642341,0.9451221,1,1,1,0.9451221
ECK125137764 YRFFP11 FORWARD 3526319 SIGMA70 WEAK,0.7949027,0.628236,1,1,1,0.7949027
ECK125137785 YRHBP7 FORWARD 3584734 SIGMA70 WEAK,0.9764355,0.9782904,1,1,1,0.9782904
ECK125138043 YTFFP5 REVERSE 4433148 SIGMA70 WEAK,0.5285722,0.8487706,1,1,1,0.8487706
ECK125138045 YTFHP5 FORWARD 4434082 SIGMA70 WEAK,0.9156817,0.9050498,1,1,1,0.9156817
ECK125138049 YTFIP10 FORWARD 4437671 SIGMA70 WEAK,0.91124254,0.8266147,1,1,1,0.91124254
ECK125138048 YTFIP9 FORWARD 4437702 SIGMA70 WEAK,0.98235965,0.67970157,1,1,1,0.98235965
ECK125138051 YTFLP3 REVERSE 4441321 SIGMA70 WEAK,0.35458988,0.37491527,0,0,0,0.37491527
ECK125137546 ZAPAP3 FORWARD 3055551 SIGMA70 WEAK,0.6793767,0.38096878,1,0,1,0.6793767
ECK125137378 ZIPAP9 REVERSE 2531407 SIGMA70 WEAK,0.91978407,0.43338066,1,0,1,0.91978407
ECK125136617 ZITBP1 REVERSE 784848 SIGMA70 WEAK,0.9720044,0.97905135,1,1,1,0.97905135
ECK125137741 ZNTRP2 REVERSE 3439168 SIGMA70 WEAK,0.7870159,0.37286082,1,0,1,0.7870159
ECK125137999 ZURP6 REVERSE 4260141 SIGMA70 WEAK,0.99100935,0.944173,1,1,1,0.99100935
ECK120010298 ADKP FORWARD 497139 WEAK,0.28991327,0.71112293,0,1,1,0.71112293
ECK120010275 CARBP FORWARD 30775 WEAK,0.30067578,0.72671944,0,1,1,0.72671944
ECK120009858 DMSAP2 FORWARD 940878 WEAK,0.7795861,0.9765003,1,1,1,0.9765003
ECK120010543 ENDAP1 FORWARD 3090327 WEAK,0.63935065,0.360424,1,0,1,0.63935065
ECK120010544 ENDAP2 FORWARD 3090275 WEAK,0.04486631,0.12352137,0,0,0,0.12352137
ECK120009936 EXBDP REVERSE 3151390 WEAK,0.8126835,0.8100067,1,1,1,0.8126835
ECK120030214 FADEP REVERSE 243406 WEAK,0.19967063,0.22019456,0,0,0,0.22019456
ECK120011152 FEARP REVERSE 1447367 WEAK,0.099494666,0.2744612,0,0,0,0.2744612
ECK120009937 FHUEP REVERSE 1161647 WEAK,0.86482036,0.9567938,1,1,1,0.9567938
ECK125162178 GHOSP FORWARD 4352549 WEAK,0.86421174,0.9139019,1,1,1,0.9139019
ECK120010520 LRHAP REVERSE 2406656 WEAK,0.231794,0.08904341,0,0,0,0.231794
ECK120010762 NIKAP1 FORWARD 3613628 WEAK,0.98639107,0.9993457,1,1,1,0.9993457
ECK125135060 PLSBP2 REVERSE 4256502 WEAK,0.9973699,0.9922575,1,1,1,0.9973699
ECK120010325 RIMLP FORWARD 1498743 WEAK,0.96955276,0.91346186,1,1,1,0.96955276
ECK120030207 RSEXP FORWARD 2033649 WEAK,0.9992822,0.9381174,1,1,1,0.9992822
ECK120010022 SEQAP FORWARD 712942 WEAK,0.81118655,0.68649745,1,1,1,0.81118655
ECK120010453 SERBP FORWARD 4624856 WEAK,0.9821878,0.16808842,1,0,1,0.9821878
ECK120010583 SSPAP REVERSE 3377569 WEAK,0.24415495,0.42074633,0,0,0,0.42074633
ECK120015386 STHAP REVERSE 4160802 WEAK,0.8289068,0.75607663,1,1,1,0.8289068
ECK120010528 TESAP REVERSE 519949 WEAK,0.9920586,0.98430365,1,1,1,0.9920586
ECK120015411 TPIAP1 REVERSE 4111524 WEAK,0.86606014,0.79297054,1,1,1,0.86606014
ECK120009883 YDEAP FORWARD 1616955 WEAK,0.093567096,0.05292827,0,0,0,0.093567096
ECK120015434 YEBBP2 FORWARD 1946144 WEAK,0.80352515,0.9772848,1,1,1,0.9772848
ECK120016581 YECRP FORWARD 1988200 WEAK,0.95560277,0.082036816,1,0,1,0.95560277
ECK120016582 YEJOP REVERSE 2289176 WEAK,0.0219246,0.01450666,0,0,0,0.0219246
ECK120009961 YGACP REVERSE 2800590 WEAK,0.53675544,0.9634388,1,1,1,0.9634388
ECK125137411	iscAp7	reverse	2659953	Sigma24,0.07929327,0.1795622,0,0,0,0.1795622
ECK125137998	xylEp8	reverse	4242260	Sigma24,0.063808344,0.37629095,0,0,0,0.37629095
ECK125136687	ycaLp8	forward	960143	Sigma24,0.48798782,0.98440546,0,1,1,0.98440546
ECK125137834	yhjRp13	reverse	3696375	Sigma24,0.45928776,0.51658154,0,1,1,0.51658154
ECK125137256	yohCp4	reverse	2225669	Sigma24,0.18118735,0.7966799,0,1,1,0.7966799
ECK125136863	pgpBp8	forward	1339182	Sigma28,0.24405998,0.43987766,0,0,0,0.43987766
ECK125137753	frlAp5	forward	3499770	Sigma32,0.83530223,0.76286983,1,1,1,0.83530223
ECK120010297	htpGp2	forward	495084	Sigma32,0.28734505,0.11421715,0,0,0,0.28734505
"ECK120010772	mlcp2	reverse	1668591	Sigma70, Sigma32",0.40371445,0.89825165,0,1,1,0.89825165
ECK125136932	opgDp8	forward	1496655	Sigma32,0.02094146,0.22061065,0,0,0,0.22061065
"ECK120009868	rrsGp1	reverse	2731448	Sigma32, Sigma70",0.889545,0.20721982,1,0,1,0.889545
ECK125138098	yjiLp3	reverse	4564802	Sigma32,0.075065486,0.6940766,0,1,1,0.6940766
"ECK120010107	alkAp	reverse	2147559	Sigma38, Sigma70",0.9938571,0.981092,1,1,1,0.9938571
ECK120015418	ansPp2	reverse	1526020	Sigma38,0.10310439,0.64935446,0,1,1,0.64935446
ECK120009853	astCp3	reverse	1832039	Sigma38,0.8838532,0.94534886,1,1,1,0.94534886
"ECK120010471	bolAp1	forward	454434	Sigma38, Sigma70",0.9980008,0.9963665,1,1,1,0.9980008
ECK125135062	cbpAp2	reverse	1063828	Sigma38,0.9963858,0.9637392,1,1,1,0.9963858
"ECK120010479	csgBp	forward	1103859	Sigma38, Sigma70, Sigma38",0.6189055,0.42481148,1,0,1,0.6189055
"ECK120033030	csgDp2	reverse	1103335	Sigma38, Sigma38, Sigma70",0.46472377,0.7903006,0,1,1,0.7903006
ECK120033642	elaBp	reverse	2381053	Sigma38,0.974917,0.99422824,1,1,1,0.99422824
"ECK120010122	galEp1	reverse	792081	Sigma70, Sigma38",0.99715555,0.96126205,1,1,1,0.99715555
ECK120010512	glgSp2	reverse	3192002	Sigma38,0.9595551,0.9183182,1,1,1,0.9595551
ECK120010362	hmpAp	forward	2685797	Sigma38,0.9994174,0.99812776,1,1,1,0.9994174
ECK125137747	slyDp7	reverse	3478528	Sigma38,0.2232853,0.3098272,0,0,0,0.3098272
ECK120010394	yhfGp	reverse	3491648	Sigma38,0.70806813,0.82310426,1,1,1,0.82310426
ECK120010697	rpoHp6	reverse	3600813	Sigma54,0.11722052,0.5857385,0,1,1,0.5857385
ECK125137898	adep6	forward	3843901	Sigma70,0.98218083,0.9878435,1,1,1,0.9878435
ECK120010990	argFp	reverse	290340	Sigma70,0.9951368,0.98007923,1,1,1,0.9951368
ECK120034387	argOp	reverse	3068836	Sigma70,0.9927833,0.99486524,1,1,1,0.99486524
ECK120010600	argXp	forward	3982364	Sigma70,0.045583975,0.77425665,0,1,1,0.77425665
ECK120010993	aroGp	forward	785591	Sigma70,0.7205818,0.83588654,1,1,1,0.83588654
ECK120015422	artJp	reverse	900626	Sigma70,0.97787607,0.9689146,1,1,1,0.97787607
ECK120034201	bssSp	reverse	1121020	Sigma70,0.9992551,0.9991221,1,1,1,0.9992551
ECK125137024	cnup8	forward	1704864	Sigma70,0.35608694,0.2515122,0,0,0,0.35608694
ECK125136565	crcBp3	reverse	657998	Sigma70,0.5946269,0.7219086,1,1,1,0.7219086
ECK120010098	cstAp3	forward	629873	Sigma70,0.78588927,0.35795578,1,0,1,0.78588927
ECK120009952	cydAp4	forward	771213	Sigma70,0.98394936,0.99817944,1,1,1,0.99817944
ECK120015375	cysGp1	forward	3497754	Sigma70,0.94749415,0.42373246,1,0,1,0.94749415
ECK120010118	dusBp	forward	3410246	Sigma70,0.95466197,0.136014,1,0,1,0.95466197
ECK125137734	envRp15	reverse	3413621	Sigma70,0.9992791,0.9850404,1,1,1,0.9992791
ECK120015387	evgAp2	forward	2483631	Sigma70,0.8761334,0.85699856,1,1,1,0.8761334
ECK120010210	fecIp	reverse	4518282	Sigma70,0.61882585,0.50110185,1,1,1,0.61882585
ECK120010507	fliAp1	reverse	2001819	Sigma70,0.79769814,0.4575664,1,0,1,0.79769814
ECK120010633	fliLp1	forward	2019584	Sigma70,0.4637189,0.7868909,0,1,1,0.7868909
ECK120010461	focAp2	reverse	954503	Sigma70,0.948065,0.94040865,1,1,1,0.948065
ECK120011000	glnLp	reverse	4056371	Sigma70,0.9877418,0.8176509,1,1,1,0.9877418
ECK120011043	glyAp	reverse	2685574	Sigma70,0.45821851,0.7766042,0,1,1,0.7766042
ECK120010613	glyUp	reverse	2999064	Sigma70,0.9217286,0.9808007,1,1,1,0.9808007
ECK120010602	glyVp	forward	4392313	Sigma70,0.32111642,0.5060058,0,1,1,0.5060058
ECK120009863	grcAp1	reverse	2716523	Sigma70,0.990879,0.9097042,1,1,1,0.990879
ECK125095452	greAp1	reverse	3328864	Sigma70,0.46328008,0.09592305,0,0,0,0.46328008
ECK120030213	gspAp2	reverse	3455510	Sigma70,0.99216765,0.978323,1,1,1,0.99216765
ECK125257034	hemBp	reverse	389754	Sigma70,0.9993711,0.9923383,1,1,1,0.9993711
ECK125137133	holEp5	forward	1925020	Sigma70,0.98803467,0.73438907,1,1,1,0.98803467
ECK125136406	ivyp4	forward	240319	Sigma70,0.9483346,0.9504511,1,1,1,0.9504511
ECK120010618	leuQp	reverse	4606432	Sigma70,0.17870034,0.012542924,0,0,0,0.17870034
ECK120010615	leuUp	reverse	3322278	Sigma70,0.6225622,0.70113516,1,1,1,0.70113516
ECK120010589	lysTp	forward	780514	Sigma70,0.09181807,0.73815906,0,1,1,0.73815906
ECK125257033	mdtJp	reverse	1673779	Sigma70,0.9350927,0.94251376,1,1,1,0.94251376
ECK120010604	metTp	reverse	697163	Sigma70,0.083999604,0.035908528,0,0,0,0.083999604
ECK125137293	mqop8	reverse	2306846	Sigma70,0.99152815,0.9570269,1,1,1,0.99152815
ECK125257029	ompNp	reverse	1437013	Sigma70,0.98637736,0.66847515,1,1,1,0.98637736
ECK120010488	osmCp1	forward	1556596	Sigma70,0.7638871,0.60715544,1,1,1,0.7638871
ECK125136374	panCp4	reverse	148910	Sigma70,0.85303915,0.73979867,1,1,1,0.85303915
ECK125095183	pepAp3	reverse	4486101	Sigma70,0.9944782,0.98824537,1,1,1,0.9944782
ECK120010617	pheUp	reverse	4362627	Sigma70,0.025026044,0.3658717,0,0,0,0.3658717
ECK120010598	pheVp	forward	3110365	Sigma70,0.0054974956,0.5250266,0,1,1,0.5250266
ECK125137932	pldBp4	forward	4009023	Sigma70,0.9293888,0.7944234,1,1,1,0.9293888
ECK125137059	ppsRp8	forward	1787351	Sigma70,0.9706947,0.55797106,1,1,1,0.9706947
ECK125136955	pptAp6	forward	1532867	Sigma70,0.74930316,0.9784474,1,1,1,0.9784474
ECK125138118	prfCp4	forward	4609356	Sigma70,0.4754786,0.6219268,0,1,1,0.6219268
ECK120010616	proKp	reverse	3708694	Sigma70,0.04345213,0.14191067,0,0,0,0.14191067
ECK120010594	proLp	forward	2286207	Sigma70,0.26270023,0.93278444,0,1,1,0.93278444
ECK120029520	relAp2	reverse	2914277	Sigma70,0.99029845,0.992725,1,1,1,0.992725
ECK120016956	ribFp	forward	21383	Sigma70,0.7935568,0.838734,1,1,1,0.838734
ECK125136577	rlpAp7	reverse	665213	Sigma70,0.4778445,0.9331167,0,1,1,0.9331167
ECK125109143	rnlAp2	forward	2765894	Sigma70,0.9947994,0.97104174,1,1,1,0.9947994
ECK125257031	serWp1	reverse	926043	Sigma70,0.8935932,0.51908904,1,1,1,0.8935932
ECK120030809	sraGp	forward	3311183	Sigma70,0.9650522,0.8829411,1,1,1,0.9650522
ECK120010443	ssbp2	forward	4274080	Sigma70,0.15964107,0.10824614,0,0,0,0.15964107
ECK120010143	sulAp	reverse	1020947	Sigma70,0.97263575,0.3070667,1,0,1,0.97263575
ECK120011022	trpRp	forward	4632704	Sigma70,0.99120355,0.98923254,1,1,1,0.99120355
ECK120011029	tyrBp	forward	4267082	Sigma70,0.9675423,0.9288429,1,1,1,0.9675423
ECK120010608	tyrTp	reverse	1287665	Sigma70,0.9972492,0.99413633,1,1,1,0.9972492
ECK125137159	uspCp5	forward	1979658	Sigma70,0.9833726,0.90475756,1,1,1,0.9833726
ECK125137161	uspCp8	forward	1979586	Sigma70,0.8927682,0.7432364,1,1,1,0.8927682
ECK120010497	yadVp1	reverse	156235	Sigma70,0.7764409,0.96843284,1,1,1,0.96843284
ECK120010499	yadVp3	reverse	156214	Sigma70,0.9935045,0.9929826,1,1,1,0.9935045
ECK125136481	yaiIp6	forward	405708	Sigma70,0.8562203,0.763091,1,1,1,0.8562203
ECK125136479	yaiZp6	forward	399444	Sigma70,0.99353176,0.9929404,1,1,1,0.99353176
ECK125136743	yceOp8	reverse	1119623	Sigma70,0.37816727,0.633047,0,1,1,0.633047
ECK125137101	yeaPp3	forward	1877666	Sigma70,0.5722055,0.5229369,1,1,1,0.5722055
ECK125137129	yebVp6	forward	1921725	Sigma70,0.90088475,0.6399791,1,1,1,0.90088475
ECK125137301	yfaLp8	reverse	2344207	Sigma70,0.9959765,0.9794388,1,1,1,0.9959765
ECK125137321	yfbLp5	forward	2385750	Sigma70,0.9768882,0.9360613,1,1,1,0.9768882
ECK125137323	yfbLp9	forward	2385769	Sigma70,0.9831746,0.92995757,1,1,1,0.9831746
ECK125137372	yfeCp3	forward	2518384	Sigma70,0.7242634,0.6031281,1,1,1,0.7242634
ECK125137437	yfiRp6	forward	2741751	Sigma70,0.9584433,0.602716,1,1,1,0.9584433
ECK125137526	ygeIp7	forward	2993591	Sigma70,0.76047224,0.9068716,1,1,1,0.9068716
ECK125137579	yghTp5	forward	3133968	Sigma70,0.08931627,0.5583405,0,1,1,0.5583405
ECK125137630	ygjHp4	reverse	3221264	Sigma70,0.8482851,0.9972754,1,1,1,0.9972754
ECK125137862	yiaUp9	forward	3751975	Sigma70,0.9997271,0.95746374,1,1,1,0.9997271
ECK125138027	yjdLp3	reverse	4356517	Sigma70,0.9794978,0.9887799,1,1,1,0.9887799
ECK125138042	yjfZp8	reverse	4427517	Sigma70,0.59330267,0.5519349,1,1,1,0.59330267
ECK125136914	ynbAp5	forward	1477471	Sigma70,0.95983154,0.8883084,1,1,1,0.95983154
ECK125137004	ynfAp5	reverse	1655690	Sigma70,0.83505887,0.71380574,1,1,1,0.83505887
ECK125137110	yoaCp6	reverse	1894100	Sigma70,0.7001107,0.86176,1,1,1,0.86176
ECK125136618	zitBp2	reverse	784858	Sigma70,0.97366357,0.951821,1,1,1,0.97366357
ECK_1,0.2707216,0.97030526,0,1,1,0.97030526
ECK_2,0.06435467,0.036748726,0,0,0,0.06435467
ECK_3,0.032201834,0.10929208,0,0,0,0.10929208
ECK_4,0.09893972,0.7045559,0,1,1,0.7045559
ECK_5,0.008519366,0.036252495,0,0,0,0.036252495
ECK_6,0.111098066,0.6388616,0,1,1,0.6388616
ECK_7,0.30980435,0.69322526,0,1,1,0.69322526
ECK_8,0.69820344,0.9582417,1,1,1,0.9582417
ECK_9,0.0026577888,0.13483553,0,0,0,0.13483553
ECK_10,0.07193555,0.076592185,0,0,0,0.076592185
ECK_11,0.060045596,0.2324849,0,0,0,0.2324849
ECK_12,0.015864475,0.0046491153,0,0,0,0.015864475
ECK_13,0.1247942,0.10625631,0,0,0,0.1247942
ECK_14,0.6455119,0.88337487,1,1,1,0.88337487
ECK_15,0.02735067,0.10563776,0,0,0,0.10563776
ECK_16,0.005111624,0.021197477,0,0,0,0.021197477
ECK_17,0.015201472,0.031657204,0,0,0,0.031657204
ECK_19,0.24687794,0.60899085,0,1,1,0.60899085
ECK_20,0.059353434,0.4459278,0,0,0,0.4459278
ECK_21,0.25847077,0.4282022,0,0,0,0.4282022
ECK_22,0.46282327,0.14784679,0,0,0,0.46282327
ECK_23,0.2668337,0.24186379,0,0,0,0.2668337
ECK_24,0.3587832,0.5707637,0,1,1,0.5707637
ECK_25,0.42921734,0.19443336,0,0,0,0.42921734
ECK_26,0.23285922,0.81350136,0,1,1,0.81350136
ECK_27,0.017979743,0.18441592,0,0,0,0.18441592
ECK_28,0.04703211,0.042172052,0,0,0,0.04703211
ECK_29,0.15998346,0.6001085,0,1,1,0.6001085
ECK_30,0.0021331983,0.020501502,0,0,0,0.020501502
ECK_31,0.09271633,0.085976325,0,0,0,0.09271633
ECK_32,0.24986888,0.9355624,0,1,1,0.9355624
ECK_33,0.22987804,0.23087452,0,0,0,0.23087452
ECK_34,0.009091981,0.05252324,0,0,0,0.05252324
ECK_35,0.33237278,0.67899704,0,1,1,0.67899704
ECK_36,0.10352995,0.65491,0,1,1,0.65491
ECK_37,0.08419466,0.23061627,0,0,0,0.23061627
ECK_38,0.32399517,0.06138827,0,0,0,0.32399517
ECK_39,0.014519556,0.029396372,0,0,0,0.029396372
ECK_40,0.34500155,0.23946236,0,0,0,0.34500155
ECK_41,0.05258818,0.0054022274,0,0,0,0.05258818
ECK_42,0.0113643715,0.009028433,0,0,0,0.0113643715
ECK_43,0.09270869,0.72419155,0,1,1,0.72419155
ECK_44,0.05921203,0.14225833,0,0,0,0.14225833
ECK_45,0.07188477,0.5950045,0,1,1,0.5950045
ECK_46,0.023652432,0.1312818,0,0,0,0.1312818
ECK_47,0.050256338,0.51682264,0,1,1,0.51682264
ECK_49,0.24386248,0.23536019,0,0,0,0.24386248
ECK_50,0.2527354,0.18473843,0,0,0,0.2527354
ECK_51,0.86532664,0.30577555,1,0,1,0.86532664
ECK_52,0.110002495,0.09638009,0,0,0,0.110002495
ECK_53,0.00060840143,0.007383037,0,0,0,0.007383037
ECK_54,0.035215553,0.050331496,0,0,0,0.050331496
ECK_55,0.33661875,0.08160577,0,0,0,0.33661875
ECK_56,0.0027931225,0.054850854,0,0,0,0.054850854
ECK_57,0.045357082,0.45921987,0,0,0,0.45921987
ECK_58,0.21397021,0.54798114,0,1,1,0.54798114
ECK_59,0.42352846,0.47598547,0,0,0,0.47598547
ECK_60,0.025737641,0.012134692,0,0,0,0.025737641
ECK_61,0.093439616,0.5860868,0,1,1,0.5860868
ECK_62,0.11726778,0.06237183,0,0,0,0.11726778
ECK_63,0.11626803,0.07054363,0,0,0,0.11626803
ECK_64,0.42343137,0.47596723,0,0,0,0.47596723
ECK_65,0.13048871,0.45092586,0,0,0,0.45092586
ECK_66,0.080568165,0.023650307,0,0,0,0.080568165
ECK_67,0.17226012,0.20361584,0,0,0,0.20361584
ECK_68,0.092639074,0.1960638,0,0,0,0.1960638
ECK_69,0.0079834545,0.33010128,0,0,0,0.33010128
ECK_70,0.76848215,0.6442224,1,1,1,0.76848215
ECK_71,0.019252406,0.09569162,0,0,0,0.09569162
ECK_72,0.05755821,0.06196471,0,0,0,0.06196471
ECK_73,0.59410405,0.31655756,1,0,1,0.59410405
ECK_74,0.2014203,0.049661946,0,0,0,0.2014203
ECK_75,0.043161873,0.5808226,0,1,1,0.5808226
ECK_76,0.045404032,0.08253653,0,0,0,0.08253653
ECK_77,0.8688718,0.892323,1,1,1,0.892323
ECK_78,0.7065431,0.8568333,1,1,1,0.8568333
ECK_79,0.2240945,0.6115408,0,1,1,0.6115408
ECK_80,0.027077543,0.36275747,0,0,0,0.36275747
ECK_81,0.22335348,0.23613502,0,0,0,0.23613502
ECK_82,0.016840484,0.046644017,0,0,0,0.046644017
ECK_83,0.008897657,0.032424945,0,0,0,0.032424945
ECK_84,0.04343363,0.068724826,0,0,0,0.068724826
ECK_85,0.5778787,0.9753975,1,1,1,0.9753975
ECK_86,0.9306654,0.9362827,1,1,1,0.9362827
ECK_87,0.26517993,0.8133146,0,1,1,0.8133146
ECK_88,0.0038836168,0.021516914,0,0,0,0.021516914
ECK_89,0.38158947,0.24576664,0,0,0,0.38158947
ECK_90,0.009373612,0.15080428,0,0,0,0.15080428
ECK_91,0.0080919545,0.052147947,0,0,0,0.052147947
ECK_92,0.41975075,0.94630224,0,1,1,0.94630224
ECK_93,0.031155849,0.10564052,0,0,0,0.10564052
ECK_94,0.36325115,0.82974154,0,1,1,0.82974154
ECK_95,0.014822845,0.054395616,0,0,0,0.054395616
ECK_96,0.10353998,0.17008597,0,0,0,0.17008597
ECK_97,0.109518155,0.34580207,0,0,0,0.34580207
ECK_98,0.5522555,0.782898,1,1,1,0.782898
ECK_99,0.32407054,0.25402868,0,0,0,0.32407054
ECK_100,0.17742315,0.29465395,0,0,0,0.29465395
ECK_101,0.0862158,0.53369707,0,1,1,0.53369707
ECK_102,0.055481974,0.17387712,0,0,0,0.17387712
ECK_103,0.3456533,0.6911902,0,1,1,0.6911902
ECK_104,0.014502094,0.23151912,0,0,0,0.23151912
ECK_105,0.8673383,0.8358728,1,1,1,0.8673383
ECK_106,0.30638444,0.093104385,0,0,0,0.30638444
ECK_107,0.18096264,0.73314875,0,1,1,0.73314875
ECK_108,0.08871186,0.15365124,0,0,0,0.15365124
ECK_109,0.34945425,0.48342806,0,0,0,0.48342806
ECK_110,0.9939772,0.9007377,1,1,1,0.9939772
ECK_111,0.1673676,0.1408499,0,0,0,0.1673676
ECK_112,0.014100562,0.085200526,0,0,0,0.085200526
ECK_113,0.65105885,0.3840005,1,0,1,0.65105885
ECK_114,0.08868177,0.60756546,0,1,1,0.60756546
ECK_115,0.06932023,0.109382115,0,0,0,0.109382115
ECK_116,0.0030918384,0.081397876,0,0,0,0.081397876
ECK_117,0.037335396,0.01073919,0,0,0,0.037335396
ECK_118,0.77781284,0.74386823,1,1,1,0.77781284
ECK_119,0.109176174,0.34616327,0,0,0,0.34616327
ECK_120,0.9876928,0.5344294,1,1,1,0.9876928
ECK_121,0.12226355,0.25259465,0,0,0,0.25259465
ECK_122,0.05393069,0.11371514,0,0,0,0.11371514
ECK_123,0.10522266,0.032560155,0,0,0,0.10522266
ECK_124,0.014518711,0.081984185,0,0,0,0.081984185
ECK_125,0.068186425,0.0072005,0,0,0,0.068186425
ECK_126,0.6401085,0.7530396,1,1,1,0.7530396
ECK_127,0.009283481,0.0030524416,0,0,0,0.009283481
ECK_128,0.11390832,0.6159017,0,1,1,0.6159017
ECK_129,0.018233951,0.03944533,0,0,0,0.03944533
ECK_130,0.059990767,0.5136038,0,1,1,0.5136038
ECK_131,0.08247353,0.15039623,0,0,0,0.15039623
ECK_132,0.19137903,0.42981315,0,0,0,0.42981315
ECK_133,0.02258477,0.0074421214,0,0,0,0.02258477
ECK_134,0.034530707,0.018273126,0,0,0,0.034530707
ECK_135,0.013002646,0.08044898,0,0,0,0.08044898
ECK_136,0.2864604,0.33712357,0,0,0,0.33712357
ECK_137,0.26597166,0.041619968,0,0,0,0.26597166
ECK_138,0.005767324,0.0071912305,0,0,0,0.0071912305
ECK_139,0.2619063,0.7982059,0,1,1,0.7982059
ECK_140,0.35073507,0.97097296,0,1,1,0.97097296
ECK_141,0.5120301,0.9857932,1,1,1,0.9857932
ECK_142,0.2557708,0.16514039,0,0,0,0.2557708
ECK_143,0.43682936,0.7466009,0,1,1,0.7466009
ECK_144,0.07840433,0.20697325,0,0,0,0.20697325
ECK_145,0.006441935,0.01626673,0,0,0,0.01626673
ECK_146,0.016320229,0.0788512,0,0,0,0.0788512
ECK_147,0.09701298,0.34540528,0,0,0,0.34540528
ECK_148,0.37374875,0.9784344,0,1,1,0.9784344
ECK_149,0.013602096,0.046773724,0,0,0,0.046773724
ECK_150,0.17856105,0.8804938,0,1,1,0.8804938
ECK_151,0.4078463,0.33889106,0,0,0,0.4078463
ECK_152,0.27546313,0.7441597,0,1,1,0.7441597
ECK_153,0.09353028,0.6687889,0,1,1,0.6687889
ECK_154,0.003660095,0.30625188,0,0,0,0.30625188
ECK_155,0.008670873,0.39648813,0,0,0,0.39648813
ECK_156,0.07915612,0.43330365,0,0,0,0.43330365
ECK_157,0.06185654,0.41864628,0,0,0,0.41864628
ECK_158,0.012302408,0.061957754,0,0,0,0.061957754
ECK_159,0.013995926,0.78975224,0,1,1,0.78975224
ECK_160,0.16096166,0.14436758,0,0,0,0.16096166
ECK_161,0.07576474,0.054315172,0,0,0,0.07576474
ECK_162,0.037127536,0.03690993,0,0,0,0.037127536
ECK_163,0.20656607,0.63724345,0,1,1,0.63724345
ECK_164,0.01054692,0.2909516,0,0,0,0.2909516
ECK_165,0.20606245,0.8984539,0,1,1,0.8984539
ECK_166,0.096329,0.5998546,0,1,1,0.5998546
ECK_167,0.100069135,0.58227915,0,1,1,0.58227915
ECK_168,0.027359203,0.3349039,0,0,0,0.3349039
ECK_169,0.13776779,0.33710757,0,0,0,0.33710757
ECK_170,0.20399256,0.6359884,0,1,1,0.6359884
ECK_171,0.004285749,0.011043923,0,0,0,0.011043923
ECK_172,0.096014835,0.08905627,0,0,0,0.096014835
ECK_173,0.09474606,0.07251171,0,0,0,0.09474606
ECK_174,0.07371317,0.737684,0,1,1,0.737684
ECK_175,0.4703882,0.7063319,0,1,1,0.7063319
ECK_176,0.91048217,0.64985675,1,1,1,0.91048217
ECK_177,0.025629314,0.20003602,0,0,0,0.20003602
ECK_178,0.0060630166,0.012713883,0,0,0,0.012713883
ECK_179,0.5456498,0.9193145,1,1,1,0.9193145
ECK_180,0.017768394,0.077992514,0,0,0,0.077992514
ECK_181,0.016981823,0.44256845,0,0,0,0.44256845
ECK_182,0.012564594,0.025024077,0,0,0,0.025024077
ECK_183,0.054732554,0.005576947,0,0,0,0.054732554
ECK_184,0.123112574,0.354024,0,0,0,0.354024
ECK_185,0.097060174,0.41096437,0,0,0,0.41096437
ECK_186,0.25113612,0.4817068,0,0,0,0.4817068
ECK_187,0.00641848,0.008447631,0,0,0,0.008447631
ECK_188,0.081617996,0.10371651,0,0,0,0.10371651
ECK_189,0.1705549,0.103148736,0,0,0,0.1705549
ECK_190,0.018347891,0.5802226,0,1,1,0.5802226
ECK_191,0.0405406,0.115010016,0,0,0,0.115010016
ECK_192,0.01370124,0.014378578,0,0,0,0.014378578
ECK_193,0.31448403,0.81227195,0,1,1,0.81227195
ECK_194,0.5008831,0.4552862,1,0,1,0.5008831
ECK_195,0.027221274,0.038118873,0,0,0,0.038118873
ECK_196,0.7145501,0.80796796,1,1,1,0.80796796
ECK_197,0.012196115,0.007918327,0,0,0,0.012196115
ECK_198,0.01980662,0.011983169,0,0,0,0.01980662
ECK_199,0.05457199,0.8569924,0,1,1,0.8569924
ECK_200,0.20118809,0.37666538,0,0,0,0.37666538
ECK_201,0.011738431,0.020910915,0,0,0,0.020910915
ECK_202,0.6792124,0.9827288,1,1,1,0.9827288
ECK_203,0.7451331,0.39444304,1,0,1,0.7451331
ECK_204,0.005751547,0.046612307,0,0,0,0.046612307
ECK_205,0.05637707,0.31226847,0,0,0,0.31226847
ECK_206,0.038647775,0.6202248,0,1,1,0.6202248
ECK_207,0.04953377,0.011295304,0,0,0,0.04953377
ECK_208,0.1902878,0.89026433,0,1,1,0.89026433
ECK_209,0.58245754,0.40233064,1,0,1,0.58245754
ECK_210,0.16410252,0.25400648,0,0,0,0.25400648
ECK_211,0.0018367602,0.15032037,0,0,0,0.15032037
ECK_212,0.109080434,0.59244,0,1,1,0.59244
ECK_213,0.58031464,0.9095581,1,1,1,0.9095581
ECK_214,0.0477285,0.050070085,0,0,0,0.050070085
ECK_215,0.23731351,0.6610419,0,1,1,0.6610419
ECK_216,0.0195786,0.00887961,0,0,0,0.0195786
ECK_217,0.5708331,0.43563852,1,0,1,0.5708331
ECK_218,0.013451693,0.11861752,0,0,0,0.11861752
ECK_219,0.07355484,0.8845484,0,1,1,0.8845484
ECK_220,0.04545716,0.13513364,0,0,0,0.13513364
ECK_222,0.006427137,0.01791998,0,0,0,0.01791998
ECK_223,0.00565088,0.044256367,0,0,0,0.044256367
ECK_224,0.0056662527,0.033079643,0,0,0,0.033079643
ECK_225,0.007021959,0.111198284,0,0,0,0.111198284
ECK_226,0.16637707,0.030808661,0,0,0,0.16637707
ECK_227,0.07408423,0.0087964,0,0,0,0.07408423
ECK_228,0.004537034,0.06050529,0,0,0,0.06050529
ECK_229,0.10568336,0.11726445,0,0,0,0.11726445
ECK_230,0.6808292,0.97996247,1,1,1,0.97996247
ECK_231,0.031133935,0.028848737,0,0,0,0.031133935
ECK_232,0.014495791,0.68995756,0,1,1,0.68995756
ECK_233,0.026197689,0.018037848,0,0,0,0.026197689
ECK_234,0.003569132,0.015301367,0,0,0,0.015301367
ECK_235,0.014968563,0.3252639,0,0,0,0.3252639
ECK_236,0.008364637,0.019532815,0,0,0,0.019532815
ECK_237,0.062949,0.09012828,0,0,0,0.09012828
ECK_238,0.18539706,0.6490375,0,1,1,0.6490375
ECK_239,0.61113876,0.6263812,1,1,1,0.6263812
ECK_240,0.59994394,0.86343163,1,1,1,0.86343163
ECK_241,0.0036791363,0.03656598,0,0,0,0.03656598
ECK_242,0.061686985,0.5397329,0,1,1,0.5397329
ECK_243,0.011125485,0.09935424,0,0,0,0.09935424
ECK_244,0.59847903,0.40519938,1,0,1,0.59847903
ECK_245,0.059722587,0.12855951,0,0,0,0.12855951
ECK_246,0.078074664,0.30677924,0,0,0,0.30677924
ECK_247,0.05665166,0.335917,0,0,0,0.335917
ECK_248,0.33195692,0.3088484,0,0,0,0.33195692
ECK_249,0.06179377,0.048971247,0,0,0,0.06179377
ECK_250,0.30703485,0.8585469,0,1,1,0.8585469
ECK_251,0.3766039,0.050625402,0,0,0,0.3766039
ECK_252,0.010303932,0.0057541654,0,0,0,0.010303932
ECK_253,0.06342695,0.14358552,0,0,0,0.14358552
ECK_254,0.054953624,0.3847135,0,0,0,0.3847135
ECK_255,0.04831665,0.34228963,0,0,0,0.34228963
ECK_256,0.14477476,0.32207748,0,0,0,0.32207748
ECK_257,0.478767,0.80697775,0,1,1,0.80697775
ECK_258,0.053377207,0.004463284,0,0,0,0.053377207
ECK_259,0.006044273,0.055530965,0,0,0,0.055530965
ECK_260,0.008577595,0.113929115,0,0,0,0.113929115
ECK_261,0.49020863,0.8060866,0,1,1,0.8060866
ECK_262,0.059807632,0.1909191,0,0,0,0.1909191
ECK_263,0.025518624,0.33967543,0,0,0,0.33967543
ECK_264,0.038435675,0.09163595,0,0,0,0.09163595
ECK_265,0.0066119465,0.06795557,0,0,0,0.06795557
ECK_266,0.24161829,0.2873802,0,0,0,0.2873802
ECK_267,0.33477595,0.93597627,0,1,1,0.93597627
ECK_268,0.09106005,0.7589613,0,1,1,0.7589613
ECK_269,0.013311939,0.027899947,0,0,0,0.027899947
ECK_270,0.17371982,0.036178548,0,0,0,0.17371982
ECK_271,0.27407745,0.8347906,0,1,1,0.8347906
ECK_272,0.13032162,0.4353061,0,0,0,0.4353061
ECK_273,0.57457554,0.5137454,1,1,1,0.57457554
ECK_274,0.029350456,0.50239146,0,1,1,0.50239146
ECK_275,0.1160455,0.10516103,0,0,0,0.1160455
ECK_276,0.042191893,0.47062784,0,0,0,0.47062784
ECK_277,0.072409876,0.08274098,0,0,0,0.08274098
ECK_278,0.027164543,0.39544865,0,0,0,0.39544865
ECK_279,0.14154832,0.39336428,0,0,0,0.39336428
ECK_280,0.16318429,0.91246915,0,1,1,0.91246915
ECK_281,0.0065401043,0.004447237,0,0,0,0.0065401043
ECK_282,0.58002466,0.08913588,1,0,1,0.58002466
ECK_283,0.0039053096,0.09033276,0,0,0,0.09033276
ECK_284,0.0033260535,0.025778444,0,0,0,0.025778444
ECK_285,0.0607586,0.58018684,0,1,1,0.58018684
ECK_286,0.035843566,0.03615237,0,0,0,0.03615237
ECK_287,0.0662533,0.3808848,0,0,0,0.3808848
ECK_288,0.65581876,0.98966974,1,1,1,0.98966974
ECK_289,0.02723942,0.29759064,0,0,0,0.29759064
ECK_290,0.3041717,0.66997474,0,1,1,0.66997474
ECK_291,0.020965807,0.14516443,0,0,0,0.14516443
ECK_292,0.029449621,0.02039081,0,0,0,0.029449621
ECK_293,0.006162339,0.039256964,0,0,0,0.039256964
ECK_294,0.21847965,0.66266507,0,1,1,0.66266507
ECK_295,0.18045269,0.9543991,0,1,1,0.9543991
ECK_296,0.63550854,0.9818881,1,1,1,0.9818881
ECK_297,0.7890059,0.95744646,1,1,1,0.95744646
ECK_298,0.020942612,0.10053132,0,0,0,0.10053132
ECK_299,0.015858892,0.041890737,0,0,0,0.041890737
ECK_300,0.15841515,0.7664693,0,1,1,0.7664693
ECK_301,0.39996406,0.42085266,0,0,0,0.42085266
ECK_302,0.020888472,0.0043339846,0,0,0,0.020888472
ECK_303,0.20438716,0.629876,0,1,1,0.629876
ECK_304,0.12805262,0.16258754,0,0,0,0.16258754
ECK_305,0.15607741,0.35568994,0,0,0,0.35568994
ECK_306,0.030996261,0.039455313,0,0,0,0.039455313
ECK_307,0.803358,0.87958986,1,1,1,0.87958986
ECK_308,0.54126066,0.94886315,1,1,1,0.94886315
ECK_309,0.71864814,0.7733898,1,1,1,0.7733898
ECK_310,0.003563056,0.012184448,0,0,0,0.012184448
ECK_311,0.6049867,0.064723894,1,0,1,0.6049867
ECK_312,0.27766117,0.6042399,0,1,1,0.6042399
ECK_313,0.31318378,0.09064809,0,0,0,0.31318378
ECK_314,0.091538735,0.35705394,0,0,0,0.35705394
ECK_315,0.07661087,0.22260572,0,0,0,0.22260572
ECK_316,0.07389573,0.08483131,0,0,0,0.08483131
ECK_318,0.046420876,0.017198263,0,0,0,0.046420876
ECK_319,0.016594447,0.020278407,0,0,0,0.020278407
ECK_320,0.68122166,0.91838294,1,1,1,0.91838294
ECK_321,0.033911973,0.6073029,0,1,1,0.6073029
ECK_322,0.009835877,0.13604008,0,0,0,0.13604008
ECK_323,0.032605022,0.07734514,0,0,0,0.07734514
ECK_324,0.66471,0.46572086,1,0,1,0.66471
ECK_325,0.0595479,0.019217005,0,0,0,0.0595479
ECK_326,0.68845814,0.4897259,1,0,1,0.68845814
ECK_327,0.6010329,0.39340147,1,0,1,0.6010329
ECK_328,0.06627367,0.08339497,0,0,0,0.08339497
ECK_329,0.1436717,0.08546479,0,0,0,0.1436717
ECK_330,0.2691883,0.8488452,0,1,1,0.8488452
ECK_331,0.124036096,0.13626362,0,0,0,0.13626362
ECK_332,0.046013784,0.016786631,0,0,0,0.046013784
ECK_333,0.01229507,0.034368634,0,0,0,0.034368634
ECK_334,0.01619316,0.11502594,0,0,0,0.11502594
ECK_335,0.05315274,0.053126574,0,0,0,0.05315274
ECK_336,0.049343094,0.44488257,0,0,0,0.44488257
ECK_337,0.12562172,0.21859966,0,0,0,0.21859966
ECK_338,0.055509064,0.30146274,0,0,0,0.30146274
ECK_339,0.644844,0.94831204,1,1,1,0.94831204
ECK_340,0.007805815,0.10221899,0,0,0,0.10221899
ECK_341,0.09935943,0.091569334,0,0,0,0.09935943
ECK_342,0.4494309,0.39383283,0,0,0,0.4494309
ECK_343,0.027201261,0.15449852,0,0,0,0.15449852
ECK_344,0.05667322,0.7049359,0,1,1,0.7049359
ECK_345,0.7804149,0.19789366,1,0,1,0.7804149
ECK_346,0.3080608,0.52766365,0,1,1,0.52766365
ECK_347,0.15594895,0.21589485,0,0,0,0.21589485
ECK_348,0.025707323,0.26761028,0,0,0,0.26761028
ECK_349,0.09700373,0.338386,0,0,0,0.338386
ECK_350,0.8099695,0.32346365,1,0,1,0.8099695
ECK_351,0.10889116,0.46127784,0,0,0,0.46127784
ECK_352,0.0066512683,0.12563135,0,0,0,0.12563135
ECK_353,0.009574526,0.03542575,0,0,0,0.03542575
ECK_354,0.91298753,0.919777,1,1,1,0.919777
ECK_355,0.059518784,0.64730567,0,1,1,0.64730567
ECK_356,0.054712586,0.23722683,0,0,0,0.23722683
ECK_357,0.07404785,0.096832745,0,0,0,0.096832745
ECK_358,0.029680504,0.27767628,0,0,0,0.27767628
ECK_359,0.041078404,0.39534634,0,0,0,0.39534634
ECK_360,0.73474425,0.67803603,1,1,1,0.73474425
ECK_361,0.41493717,0.6413662,0,1,1,0.6413662
ECK_362,0.028492754,0.009888269,0,0,0,0.028492754
ECK_364,0.09771941,0.08489623,0,0,0,0.09771941
ECK_365,0.72285473,0.6296536,1,1,1,0.72285473
ECK_366,0.11959131,0.57288474,0,1,1,0.57288474
ECK_367,0.9447999,0.9002713,1,1,1,0.9447999
ECK_368,0.032847196,0.06655291,0,0,0,0.06655291
ECK_369,0.84041345,0.25881818,1,0,1,0.84041345
ECK_370,0.01598317,0.21418914,0,0,0,0.21418914
ECK_371,0.076412275,0.046058282,0,0,0,0.076412275
ECK_372,0.07397714,0.18452962,0,0,0,0.18452962
ECK_373,0.009208169,0.011103013,0,0,0,0.011103013
ECK_374,0.00088482,0.0010186047,0,0,0,0.0010186047
ECK_375,0.0071302,0.024295079,0,0,0,0.024295079
ECK_376,0.022395719,0.027461475,0,0,0,0.027461475
ECK_377,0.042357855,0.14088397,0,0,0,0.14088397
ECK_378,0.007738071,0.01862956,0,0,0,0.01862956
ECK_379,0.07949626,0.030122759,0,0,0,0.07949626
ECK_380,0.05504538,0.13230292,0,0,0,0.13230292
ECK_381,0.022323012,0.033327505,0,0,0,0.033327505
ECK_382,0.02715585,0.01756526,0,0,0,0.02715585
ECK_383,0.08170106,0.059853192,0,0,0,0.08170106
ECK_384,0.03371699,0.03353882,0,0,0,0.03371699
ECK_385,0.542276,0.4988102,1,0,1,0.542276
ECK_386,0.23742974,0.6493379,0,1,1,0.6493379
ECK_387,0.113740854,0.43762848,0,0,0,0.43762848
ECK_388,0.04162282,0.22793916,0,0,0,0.22793916
ECK_389,0.42307928,0.6621128,0,1,1,0.6621128
ECK_390,0.18858777,0.7414075,0,1,1,0.7414075
ECK_391,0.09825774,0.11787008,0,0,0,0.11787008
ECK_392,0.23495285,0.050593257,0,0,0,0.23495285
ECK_393,0.12717657,0.21221481,0,0,0,0.21221481
ECK_394,0.030244647,0.031724893,0,0,0,0.031724893
ECK_395,0.09397757,0.34995326,0,0,0,0.34995326
ECK_396,0.042137694,0.1309209,0,0,0,0.1309209
ECK_397,0.66997176,0.36848727,1,0,1,0.66997176
ECK_398,0.19092587,0.63421047,0,1,1,0.63421047
ECK_399,0.03573405,0.060123958,0,0,0,0.060123958
ECK_400,0.11113805,0.5223827,0,1,1,0.5223827
ECK_401,0.22117247,0.30454886,0,0,0,0.30454886
ECK_402,0.22145465,0.27068943,0,0,0,0.27068943
ECK_403,0.9001422,0.9790541,1,1,1,0.9790541
ECK_404,0.39104888,0.26251167,0,0,0,0.39104888
ECK_405,0.0052001025,0.24834716,0,0,0,0.24834716
ECK_406,0.15373535,0.37440452,0,0,0,0.37440452
ECK_407,0.019020969,0.1493011,0,0,0,0.1493011
ECK_408,0.00962564,0.024287196,0,0,0,0.024287196
ECK_409,0.05127077,0.37543988,0,0,0,0.37543988
ECK_410,0.07091361,0.45378277,0,0,0,0.45378277
ECK_411,0.66520566,0.27073362,1,0,1,0.66520566
ECK_412,0.014256943,0.012664836,0,0,0,0.014256943
ECK_413,0.10014946,0.27634075,0,0,0,0.27634075
ECK_414,0.0061193495,0.29041934,0,0,0,0.29041934
ECK_415,0.014570332,0.092607684,0,0,0,0.092607684
ECK_416,0.7602971,0.4159541,1,0,1,0.7602971
ECK_417,0.023342153,0.018491624,0,0,0,0.023342153
ECK_418,0.5533425,0.6424492,1,1,1,0.6424492
ECK_419,0.009308091,0.03849917,0,0,0,0.03849917
ECK_420,0.6319397,0.31184176,1,0,1,0.6319397
ECK_421,0.1482037,0.71149707,0,1,1,0.71149707
ECK_422,0.18747535,0.34744367,0,0,0,0.34744367
ECK_423,0.0068374635,0.0031340073,0,0,0,0.0068374635
ECK_424,0.055222344,0.8073364,0,1,1,0.8073364
ECK_425,0.037314534,0.20289373,0,0,0,0.20289373
ECK_426,0.280652,0.383651,0,0,0,0.383651
ECK_427,0.40893707,0.27819684,0,0,0,0.40893707
ECK_428,0.5153645,0.92060924,1,1,1,0.92060924
ECK_429,0.14084633,0.6784062,0,1,1,0.6784062
ECK_430,0.0423714,0.1518401,0,0,0,0.1518401
ECK_431,0.14885232,0.11044259,0,0,0,0.14885232
ECK_432,0.43879852,0.361383,0,0,0,0.43879852
ECK_433,0.073744185,0.4171057,0,0,0,0.4171057
ECK_434,0.737506,0.09357645,1,0,1,0.737506
ECK_435,0.022969825,0.05260328,0,0,0,0.05260328
ECK_436,0.23736255,0.1432956,0,0,0,0.23736255
ECK_437,0.09516316,0.49000344,0,0,0,0.49000344
ECK_438,0.07363827,0.5789315,0,1,1,0.5789315
ECK_439,0.6069145,0.58143264,1,1,1,0.6069145
ECK_440,0.03299853,0.31288108,0,0,0,0.31288108
ECK_441,0.060652778,0.16491607,0,0,0,0.16491607
ECK_442,0.009797989,0.6188075,0,1,1,0.6188075
ECK_443,0.017954174,0.021417564,0,0,0,0.021417564
ECK_444,0.22960773,0.86520517,0,1,1,0.86520517
ECK_445,0.08810097,0.33177873,0,0,0,0.33177873
ECK_446,0.008469111,0.13909286,0,0,0,0.13909286
ECK_447,0.005298373,0.18567553,0,0,0,0.18567553
ECK_448,0.2668461,0.83764863,0,1,1,0.83764863
ECK_449,0.31584537,0.3747068,0,0,0,0.3747068
ECK_450,0.0932908,0.42391783,0,0,0,0.42391783
ECK_451,0.3541387,0.26157826,0,0,0,0.3541387
ECK_452,0.012194202,0.0035428687,0,0,0,0.012194202
ECK_453,0.07770822,0.1978581,0,0,0,0.1978581
ECK_454,0.013665239,0.07407074,0,0,0,0.07407074
ECK_455,0.054381635,0.32819512,0,0,0,0.32819512
ECK_456,0.094744265,0.29313698,0,0,0,0.29313698
ECK_457,0.37546077,0.44625306,0,0,0,0.44625306
ECK_458,0.0043358537,0.034418248,0,0,0,0.034418248
ECK_459,0.1854999,0.37192726,0,0,0,0.37192726
ECK_460,0.114773504,0.5757307,0,1,1,0.5757307
ECK_461,0.716038,0.56854594,1,1,1,0.716038
ECK_462,0.057966176,0.27739206,0,0,0,0.27739206
ECK_463,0.055440195,0.1818343,0,0,0,0.1818343
ECK_464,0.38064247,0.2649212,0,0,0,0.38064247
ECK_465,0.0061998377,0.19398837,0,0,0,0.19398837
ECK_466,0.048728377,0.050559107,0,0,0,0.050559107
ECK_467,0.24676777,0.82038814,0,1,1,0.82038814
ECK_468,0.3872443,0.9736332,0,1,1,0.9736332
ECK_469,0.15036532,0.23593315,0,0,0,0.23593315
ECK_470,0.26870957,0.9348213,0,1,1,0.9348213
ECK_471,0.5843454,0.99406487,1,1,1,0.99406487
ECK_472,0.14482011,0.5779241,0,1,1,0.5779241
ECK_473,0.004494922,0.2127976,0,0,0,0.2127976
ECK_474,0.08108732,0.2650025,0,0,0,0.2650025
ECK_475,0.1257697,0.8182486,0,1,1,0.8182486
ECK_476,0.14513572,0.44404542,0,0,0,0.44404542
ECK_477,0.91638684,0.64280933,1,1,1,0.91638684
ECK_478,0.061463088,0.58824223,0,1,1,0.58824223
ECK_479,0.02224276,0.14411144,0,0,0,0.14411144
ECK_480,0.9660357,0.28497607,1,0,1,0.9660357
ECK_481,0.340652,0.69586426,0,1,1,0.69586426
ECK_482,0.06134368,0.030487236,0,0,0,0.06134368
ECK_483,0.22962017,0.3418502,0,0,0,0.3418502
ECK_484,0.86507946,0.97938776,1,1,1,0.97938776
ECK_485,0.06766521,0.5424316,0,1,1,0.5424316
ECK_486,0.29423043,0.85003865,0,1,1,0.85003865
ECK_487,0.19403875,0.082866244,0,0,0,0.19403875
ECK_488,0.007601487,0.113355204,0,0,0,0.113355204
ECK_489,0.28759754,0.63032085,0,1,1,0.63032085
ECK_490,0.33472773,0.77780074,0,1,1,0.77780074
ECK_491,0.04998974,0.32282922,0,0,0,0.32282922
ECK_492,0.21405561,0.44131252,0,0,0,0.44131252
ECK_493,0.03827638,0.23788777,0,0,0,0.23788777
ECK_494,0.18002956,0.584144,0,1,1,0.584144
ECK_495,0.015687907,0.2289713,0,0,0,0.2289713
ECK_496,0.001492413,0.005863373,0,0,0,0.005863373
ECK_497,0.055155918,0.054439817,0,0,0,0.055155918
ECK_498,0.19462599,0.59877586,0,1,1,0.59877586
ECK_499,0.0034631141,0.0102589,0,0,0,0.0102589
ECK_500,0.004474525,0.2941992,0,0,0,0.2941992
ECK_501,0.21188705,0.53903663,0,1,1,0.53903663
ECK_502,0.3239571,0.20889197,0,0,0,0.3239571
ECK_503,0.004771319,0.0887587,0,0,0,0.0887587
ECK_504,0.37380943,0.37372217,0,0,0,0.37380943
ECK_505,0.0189537,0.05261301,0,0,0,0.05261301
ECK_506,0.071976185,0.5991745,0,1,1,0.5991745
ECK_507,0.37840828,0.48138356,0,0,0,0.48138356
ECK_508,0.047154155,0.06655842,0,0,0,0.06655842
ECK_509,0.7566153,0.7897121,1,1,1,0.7897121
ECK_510,0.0016740917,0.08827709,0,0,0,0.08827709
ECK_511,0.14490274,0.47427467,0,0,0,0.47427467
ECK_513,0.09818858,0.6595618,0,1,1,0.6595618
ECK_514,0.0028591878,0.02486425,0,0,0,0.02486425
ECK_515,0.006577587,0.06419262,0,0,0,0.06419262
ECK_516,0.38730854,0.91384655,0,1,1,0.91384655
ECK_517,0.101097226,0.2482974,0,0,0,0.2482974
ECK_518,0.011607374,0.07954261,0,0,0,0.07954261
ECK_519,0.23187031,0.3908236,0,0,0,0.3908236
ECK_520,0.026655477,0.0016965234,0,0,0,0.026655477
ECK_521,0.055965524,0.2932662,0,0,0,0.2932662
ECK_522,0.26907837,0.12078267,0,0,0,0.26907837
ECK_523,0.03519129,0.11020215,0,0,0,0.11020215
ECK_524,0.061525606,0.52026826,0,1,1,0.52026826
ECK_525,0.068521686,0.31615153,0,0,0,0.31615153
ECK_526,0.08686176,0.54131514,0,1,1,0.54131514
ECK_527,0.15030462,0.61181456,0,1,1,0.61181456
ECK_528,0.41679633,0.9381882,0,1,1,0.9381882
ECK_529,0.0030406192,0.044912912,0,0,0,0.044912912
ECK_530,0.049887292,0.15109558,0,0,0,0.15109558
ECK_531,0.14538386,0.12792484,0,0,0,0.14538386
ECK_532,0.27516645,0.09842769,0,0,0,0.27516645
ECK_533,0.016400063,0.14550987,0,0,0,0.14550987
ECK_534,0.006682575,0.005887216,0,0,0,0.006682575
ECK_535,0.29642674,0.18745078,0,0,0,0.29642674
ECK_536,0.03709609,0.064177014,0,0,0,0.064177014
ECK_537,0.13314828,0.3870036,0,0,0,0.3870036
ECK_538,0.099735714,0.4764765,0,0,0,0.4764765
ECK_539,0.5150604,0.20468146,1,0,1,0.5150604
ECK_540,0.08558911,0.015204406,0,0,0,0.08558911
ECK_541,0.3103507,0.2222169,0,0,0,0.3103507
ECK_542,0.008401243,0.07324622,0,0,0,0.07324622
ECK_543,0.24178305,0.95642865,0,1,1,0.95642865
ECK_544,0.051812988,0.033894815,0,0,0,0.051812988
ECK_545,0.0946843,0.95537686,0,1,1,0.95537686
ECK_546,0.0005771489,0.14003064,0,0,0,0.14003064
ECK_547,0.00761274,0.029949162,0,0,0,0.029949162
ECK_548,0.035583355,0.02542225,0,0,0,0.035583355
ECK_549,0.067197,0.36791244,0,0,0,0.36791244
ECK_550,0.07537177,0.28735873,0,0,0,0.28735873
ECK_551,0.021941239,0.030937914,0,0,0,0.030937914
ECK_552,0.45081308,0.16547428,0,0,0,0.45081308
ECK_553,0.001726703,0.074629426,0,0,0,0.074629426
ECK_554,0.0069338065,0.11266141,0,0,0,0.11266141
ECK_555,0.0029815459,0.0010955496,0,0,0,0.0029815459
ECK_556,0.35148802,0.088100955,0,0,0,0.35148802
ECK_557,0.09835225,0.11987023,0,0,0,0.11987023
ECK_558,0.0040949984,0.008643524,0,0,0,0.008643524
ECK_559,0.05177834,0.08620978,0,0,0,0.08620978
ECK_560,0.0084368065,0.0083026625,0,0,0,0.0084368065
ECK_561,0.20714895,0.63786215,0,1,1,0.63786215
ECK_562,0.0031688458,0.0070005725,0,0,0,0.0070005725
ECK_563,0.080511756,0.45879802,0,0,0,0.45879802
ECK_564,0.004137855,0.025050977,0,0,0,0.025050977
ECK_565,0.0074762413,0.20089664,0,0,0,0.20089664
ECK_566,0.7047579,0.96158874,1,1,1,0.96158874
ECK_567,0.011180993,0.23892565,0,0,0,0.23892565
ECK_568,0.026397828,0.13106069,0,0,0,0.13106069
ECK_570,0.319667,0.6319646,0,1,1,0.6319646
ECK_571,0.0055974866,0.0036413425,0,0,0,0.0055974866
ECK_572,0.4915331,0.8421976,0,1,1,0.8421976
ECK_573,0.35754684,0.27000892,0,0,0,0.35754684
ECK_574,0.0076690125,0.004247373,0,0,0,0.0076690125
ECK_576,0.4320455,0.24523857,0,0,0,0.4320455
ECK_577,0.34637806,0.24436541,0,0,0,0.34637806
ECK_578,0.1645806,0.29845026,0,0,0,0.29845026
ECK_579,0.3368686,0.45649168,0,0,0,0.45649168
ECK_580,0.18508866,0.059368905,0,0,0,0.18508866
ECK_581,0.05329334,0.032806788,0,0,0,0.05329334
ECK_582,0.62593305,0.91996247,1,1,1,0.91996247
ECK_583,0.010502977,0.101980224,0,0,0,0.101980224
ECK_584,0.09656947,0.5865625,0,1,1,0.5865625
ECK_585,0.039270874,0.06308489,0,0,0,0.06308489
ECK_586,0.04562709,0.019191088,0,0,0,0.04562709
ECK_587,0.05327234,0.13223274,0,0,0,0.13223274
ECK_588,0.016761921,0.022225667,0,0,0,0.022225667
ECK_589,0.1308957,0.17810844,0,0,0,0.17810844
ECK_590,0.89434695,0.9762657,1,1,1,0.9762657
ECK_591,0.0357598,0.21274313,0,0,0,0.21274313
ECK_592,0.35944837,0.32367128,0,0,0,0.35944837
ECK_593,0.6331668,0.91069394,1,1,1,0.91069394
ECK_594,0.10609099,0.89086086,0,1,1,0.89086086
ECK_595,0.41689086,0.29871497,0,0,0,0.41689086
ECK_596,0.11086203,0.83302444,0,1,1,0.83302444
ECK_597,0.08689744,0.79595953,0,1,1,0.79595953
ECK_598,0.07036638,0.6095569,0,1,1,0.6095569
ECK_599,0.016627869,0.11931076,0,0,0,0.11931076
ECK_600,0.0025350256,0.0407377,0,0,0,0.0407377
ECK_601,0.61332035,0.2157139,1,0,1,0.61332035
ECK_602,0.99367875,0.18668273,1,0,1,0.99367875
ECK_603,0.020396845,0.0025461088,0,0,0,0.020396845
ECK_604,0.005125061,0.033410892,0,0,0,0.033410892
ECK_605,0.7234553,0.779922,1,1,1,0.779922
ECK_607,0.0026584626,0.013249222,0,0,0,0.013249222
ECK_608,0.12302417,0.67248636,0,1,1,0.67248636
ECK_609,0.014466509,0.03796268,0,0,0,0.03796268
ECK_610,0.18802206,0.18572746,0,0,0,0.18802206
ECK_611,0.121262,0.7099596,0,1,1,0.7099596
ECK_612,0.42500585,0.27938116,0,0,0,0.42500585
ECK_613,0.02687409,0.05620625,0,0,0,0.05620625
ECK_614,0.2895325,0.86463374,0,1,1,0.86463374
ECK_615,0.7935173,0.1381566,1,0,1,0.7935173
ECK_616,0.04708282,0.055356268,0,0,0,0.055356268
ECK_617,0.014348462,0.096888825,0,0,0,0.096888825
ECK_618,0.29187754,0.1131838,0,0,0,0.29187754
ECK_619,0.07046175,0.18430449,0,0,0,0.18430449
ECK_620,0.62766653,0.34871367,1,0,1,0.62766653
ECK_621,0.009113585,0.029626215,0,0,0,0.029626215
ECK_622,0.35972968,0.5357434,0,1,1,0.5357434
ECK_623,0.09400358,0.48359177,0,0,0,0.48359177
ECK_624,0.0018319688,0.0054925503,0,0,0,0.0054925503
ECK_625,0.017204849,0.4469905,0,0,0,0.4469905
ECK_626,0.03286505,0.108122356,0,0,0,0.108122356
ECK_627,0.038568683,0.25146636,0,0,0,0.25146636
ECK_628,0.7935212,0.9375691,1,1,1,0.9375691
ECK_629,0.061392736,0.030621538,0,0,0,0.061392736
ECK_630,0.3121471,0.3955486,0,0,0,0.3955486
ECK_631,0.5376268,0.49193135,1,0,1,0.5376268
ECK_632,0.13019258,0.06946056,0,0,0,0.13019258
ECK_633,0.48985076,0.29633972,0,0,0,0.48985076
ECK_634,0.3006557,0.705778,0,1,1,0.705778
ECK_635,0.20696174,0.21856925,0,0,0,0.21856925
ECK_636,0.072102174,0.0866951,0,0,0,0.0866951
ECK_637,0.12024091,0.21436013,0,0,0,0.21436013
ECK_638,0.038187947,0.0721908,0,0,0,0.0721908
ECK_639,0.25186744,0.25800785,0,0,0,0.25800785
ECK_640,0.16796039,0.9600831,0,1,1,0.9600831
ECK_641,0.34315693,0.6411693,0,1,1,0.6411693
ECK_642,0.0067260372,0.038526256,0,0,0,0.038526256
ECK_643,0.117041424,0.5837649,0,1,1,0.5837649
ECK_644,0.031297185,0.033536933,0,0,0,0.033536933
ECK_645,0.062254243,0.2347369,0,0,0,0.2347369
ECK_646,0.3339783,0.93358433,0,1,1,0.93358433
ECK_647,0.0116701415,0.08219437,0,0,0,0.08219437
ECK_648,0.19682811,0.02538721,0,0,0,0.19682811
ECK_649,0.06960223,0.04810887,0,0,0,0.06960223
ECK_650,0.01420675,0.16235419,0,0,0,0.16235419
ECK_651,0.01770378,0.05100552,0,0,0,0.05100552
ECK_652,0.030877309,0.07131133,0,0,0,0.07131133
ECK_653,0.010206414,0.039939616,0,0,0,0.039939616
ECK_654,0.0018589179,0.024120009,0,0,0,0.024120009
ECK_655,0.8589999,0.9084555,1,1,1,0.9084555
ECK_656,0.011928368,0.029611208,0,0,0,0.029611208
ECK_657,0.16145436,0.17439649,0,0,0,0.17439649
ECK_658,0.018532705,0.04080678,0,0,0,0.04080678
ECK_659,0.2353762,0.24911687,0,0,0,0.24911687
ECK_660,0.05915142,0.4279839,0,0,0,0.4279839
ECK_661,0.010791626,0.105860405,0,0,0,0.105860405
ECK_662,0.022023609,0.28840148,0,0,0,0.28840148
ECK_663,0.34120578,0.4041468,0,0,0,0.4041468
ECK_664,0.04885677,0.7823151,0,1,1,0.7823151
ECK_665,0.05935529,0.057452284,0,0,0,0.05935529
ECK_666,0.0058630616,0.05966585,0,0,0,0.05966585
ECK_667,0.8584998,0.7790349,1,1,1,0.8584998
ECK_668,0.019393062,0.07784914,0,0,0,0.07784914
ECK_669,0.011677452,0.012822687,0,0,0,0.012822687
ECK_670,0.11574466,0.650195,0,1,1,0.650195
ECK_671,0.050142355,0.124466866,0,0,0,0.124466866
ECK_672,0.071422584,0.07575115,0,0,0,0.07575115
ECK_673,0.0011432769,0.051872134,0,0,0,0.051872134
ECK_674,0.03553039,0.06443369,0,0,0,0.06443369
ECK_675,0.0036368144,0.14062655,0,0,0,0.14062655
ECK_676,0.4880797,0.52316254,0,1,1,0.52316254
ECK_677,0.07041543,0.34697822,0,0,0,0.34697822
ECK_678,0.15203126,0.07379134,0,0,0,0.15203126
ECK_679,0.025875598,0.7439463,0,1,1,0.7439463
ECK_680,0.031435385,0.09153877,0,0,0,0.09153877
ECK_681,0.022376064,0.01592155,0,0,0,0.022376064
ECK_682,0.087369286,0.24154413,0,0,0,0.24154413
ECK_683,0.6646318,0.5444878,1,1,1,0.6646318
ECK_684,0.023039872,0.10086891,0,0,0,0.10086891
ECK_685,0.39064538,0.88601035,0,1,1,0.88601035
ECK_686,0.02751021,0.05216103,0,0,0,0.05216103
ECK_687,0.12736964,0.19259846,0,0,0,0.19259846
ECK_688,0.0027204885,0.0025150126,0,0,0,0.0027204885
ECK_689,0.11924705,0.6352999,0,1,1,0.6352999
ECK_690,0.15077999,0.5492465,0,1,1,0.5492465
ECK_691,0.008367782,0.06268558,0,0,0,0.06268558
ECK_692,0.63395804,0.75658566,1,1,1,0.75658566
ECK_693,0.035255767,0.02655374,0,0,0,0.035255767
ECK_694,0.40509564,0.15409166,0,0,0,0.40509564
ECK_695,0.068304725,0.02029794,0,0,0,0.068304725
ECK_696,0.76347065,0.98373044,1,1,1,0.98373044
ECK_697,0.03653856,0.30214235,0,0,0,0.30214235
ECK_698,0.017075999,0.009962769,0,0,0,0.017075999
ECK_699,0.073331095,0.85817647,0,1,1,0.85817647
ECK_700,0.04513866,0.28468874,0,0,0,0.28468874
ECK_701,0.5982218,0.8293142,1,1,1,0.8293142
ECK_702,0.05792735,0.12116268,0,0,0,0.12116268
ECK_703,0.0753629,0.025791543,0,0,0,0.0753629
ECK_704,0.9814693,0.98938304,1,1,1,0.98938304
ECK_705,0.075453654,0.2081845,0,0,0,0.2081845
ECK_706,0.21399842,0.48080793,0,0,0,0.48080793
ECK_707,0.0064251404,0.008254995,0,0,0,0.008254995
ECK_708,0.005947643,0.004832202,0,0,0,0.005947643
ECK_709,0.54933673,0.702744,1,1,1,0.702744
ECK_710,0.0024859172,0.060753345,0,0,0,0.060753345
ECK_711,0.11875416,0.7196003,0,1,1,0.7196003
ECK_712,0.018993543,0.21211518,0,0,0,0.21211518
ECK_713,0.27986333,0.7436904,0,1,1,0.7436904
ECK_714,0.016575469,0.052567337,0,0,0,0.052567337
ECK_715,0.9720835,0.9347536,1,1,1,0.9720835
ECK_716,0.02785588,0.09514031,0,0,0,0.09514031
ECK_717,0.69104373,0.7944989,1,1,1,0.7944989
ECK_718,0.029328598,0.08470603,0,0,0,0.08470603
ECK_719,0.12091652,0.30779415,0,0,0,0.30779415
ECK_720,0.030800046,0.005444592,0,0,0,0.030800046
ECK_721,0.36202964,0.8811944,0,1,1,0.8811944
ECK_722,0.5734121,0.79275835,1,1,1,0.79275835
ECK_723,0.04542942,0.4519574,0,0,0,0.4519574
ECK_724,0.046328124,0.08797605,0,0,0,0.08797605
ECK_725,0.1383489,0.08281905,0,0,0,0.1383489
ECK_726,0.1458205,0.32565892,0,0,0,0.32565892
ECK_727,0.5979441,0.1608205,1,0,1,0.5979441
ECK_728,0.03939934,0.050534587,0,0,0,0.050534587
ECK_729,0.03191401,0.6141368,0,1,1,0.6141368
ECK_730,0.01923653,0.43733406,0,0,0,0.43733406
ECK_731,0.0011220248,0.0023329519,0,0,0,0.0023329519
ECK_732,0.03711667,0.12653245,0,0,0,0.12653245
ECK_733,0.1782039,0.33568504,0,0,0,0.33568504
ECK_734,0.041303534,0.05384007,0,0,0,0.05384007
ECK_735,0.010278008,0.15264338,0,0,0,0.15264338
ECK_736,0.010028453,0.42988354,0,0,0,0.42988354
ECK_737,0.5127639,0.10653878,1,0,1,0.5127639
ECK_738,0.14196499,0.32382655,0,0,0,0.32382655
ECK_739,0.012084509,0.052023593,0,0,0,0.052023593
ECK_740,0.9711382,0.84694266,1,1,1,0.9711382
ECK_741,0.020309623,0.09040067,0,0,0,0.09040067
ECK_742,0.23312162,0.15447512,0,0,0,0.23312162
ECK_743,0.2826984,0.5434105,0,1,1,0.5434105
ECK_744,0.05336268,0.07543415,0,0,0,0.07543415
ECK_745,0.2536332,0.7768855,0,1,1,0.7768855
ECK_746,0.3166945,0.28970143,0,0,0,0.3166945
ECK_747,0.0032556264,0.008865186,0,0,0,0.008865186
ECK_748,0.16128589,0.12932986,0,0,0,0.16128589
ECK_749,0.20910895,0.25752017,0,0,0,0.25752017
ECK_750,0.21390687,0.13306756,0,0,0,0.21390687
ECK_751,0.109086774,0.33600146,0,0,0,0.33600146
ECK_752,0.0073706033,0.08079693,0,0,0,0.08079693
ECK_753,0.24583459,0.8269857,0,1,1,0.8269857
ECK_754,0.9282137,0.77258104,1,1,1,0.9282137
ECK_755,0.41951278,0.9542799,0,1,1,0.9542799
ECK_756,0.0077432618,0.027465066,0,0,0,0.027465066
ECK_757,0.000872582,0.0031711059,0,0,0,0.0031711059
ECK_758,0.06511004,0.18036008,0,0,0,0.18036008
ECK_759,0.21847695,0.57244194,0,1,1,0.57244194
ECK_760,0.0105575705,0.034925114,0,0,0,0.034925114
ECK_761,0.9239586,0.95315075,1,1,1,0.95315075
ECK_763,0.015260505,0.17982715,0,0,0,0.17982715
ECK_764,0.39309728,0.2729195,0,0,0,0.39309728
ECK_765,0.008244854,0.12193595,0,0,0,0.12193595
ECK_766,0.034686744,0.09189642,0,0,0,0.09189642
ECK_767,0.47711402,0.44492477,0,0,0,0.47711402
ECK_768,0.010030119,0.024277464,0,0,0,0.024277464
ECK_769,0.5902974,0.31839743,1,0,1,0.5902974
ECK_770,0.074371345,0.26206306,0,0,0,0.26206306
ECK_771,0.052522317,0.14478467,0,0,0,0.14478467
ECK_772,0.047816806,0.06369972,0,0,0,0.06369972
ECK_773,0.08319846,0.06537868,0,0,0,0.08319846
ECK_774,0.0014934387,0.0010631471,0,0,0,0.0014934387
ECK_775,0.9996823,0.99780756,1,1,1,0.9996823
ECK_776,0.11623733,0.5763476,0,1,1,0.5763476
ECK_777,0.020052327,0.03247152,0,0,0,0.03247152
ECK_778,0.53606546,0.46498922,1,0,1,0.53606546
ECK_779,0.076897465,0.49085754,0,0,0,0.49085754
ECK_780,0.38065207,0.9509896,0,1,1,0.9509896
ECK_781,0.042226814,0.30087984,0,0,0,0.30087984
ECK_782,0.029533904,0.006820013,0,0,0,0.029533904
ECK_783,0.03415987,0.004901818,0,0,0,0.03415987
ECK_784,0.0039474294,0.0014071548,0,0,0,0.0039474294
ECK_785,0.010520352,0.065857455,0,0,0,0.065857455
ECK_786,0.02904687,0.6317941,0,1,1,0.6317941
ECK_787,0.09859549,0.8964714,0,1,1,0.8964714
ECK_788,0.5742344,0.9632077,1,1,1,0.9632077
ECK_789,0.761856,0.9980994,1,1,1,0.9980994
ECK_790,0.6840309,0.517846,1,1,1,0.6840309
ECK_791,0.04037604,0.2943793,0,0,0,0.2943793
ECK_792,0.034444477,0.49054867,0,0,0,0.49054867
ECK_793,0.14225446,0.18386033,0,0,0,0.18386033
ECK_794,0.001445543,0.17574419,0,0,0,0.17574419
ECK_795,0.14495435,0.182793,0,0,0,0.182793
ECK_796,0.25625637,0.25039625,0,0,0,0.25625637
ECK_797,0.37069392,0.9323754,0,1,1,0.9323754
ECK_798,0.38345733,0.8889464,0,1,1,0.8889464
ECK_799,0.84143865,0.5619937,1,1,1,0.84143865
ECK_800,0.0061359457,0.09058104,0,0,0,0.09058104
ECK_801,0.31400803,0.9592618,0,1,1,0.9592618
ECK_802,0.013751863,0.026823362,0,0,0,0.026823362
ECK_803,0.47858483,0.9625551,0,1,1,0.9625551
ECK_804,0.047204386,0.14240773,0,0,0,0.14240773
ECK_805,0.05180061,0.11362579,0,0,0,0.11362579
ECK_806,0.5408234,0.60976493,1,1,1,0.60976493
ECK_807,0.027246237,0.08826321,0,0,0,0.08826321
ECK_808,0.05171372,0.3075042,0,0,0,0.3075042
ECK_809,0.12281393,0.16853204,0,0,0,0.16853204
ECK_810,0.3119404,0.054181624,0,0,0,0.3119404
ECK_811,0.04890277,0.10787758,0,0,0,0.10787758
ECK_812,0.18514514,0.62962765,0,1,1,0.62962765
ECK_813,0.059155367,0.15276328,0,0,0,0.15276328
ECK_814,0.43455526,0.33248892,0,0,0,0.43455526
ECK_815,0.12704323,0.11192461,0,0,0,0.12704323
ECK_816,0.013885458,0.04233803,0,0,0,0.04233803
ECK_817,0.08144406,0.14853582,0,0,0,0.14853582
ECK_818,0.34088418,0.86660236,0,1,1,0.86660236
ECK_819,0.29228672,0.6027603,0,1,1,0.6027603
ECK_820,0.002397472,0.24799478,0,0,0,0.24799478
ECK_821,0.2638252,0.71996814,0,1,1,0.71996814
ECK_822,0.07264077,0.05445095,0,0,0,0.07264077
ECK_823,0.015380716,0.017907623,0,0,0,0.017907623
ECK_824,0.02899273,0.06817531,0,0,0,0.06817531
ECK_825,0.14808385,0.5427012,0,1,1,0.5427012
ECK_826,0.68726456,0.8164123,1,1,1,0.8164123
ECK_827,0.060232956,0.5710307,0,1,1,0.5710307
ECK_828,0.7487353,0.8843406,1,1,1,0.8843406
ECK_829,0.09142208,0.3134667,0,0,0,0.3134667
ECK_830,0.117351994,0.13666819,0,0,0,0.13666819
ECK_831,0.007645415,0.009007765,0,0,0,0.009007765
ECK_832,0.049158487,0.044379015,0,0,0,0.049158487
ECK_833,0.19795084,0.78980553,0,1,1,0.78980553
ECK_834,0.0045053633,0.04729474,0,0,0,0.04729474
ECK_835,0.035995405,0.37220752,0,0,0,0.37220752
ECK_836,0.4654542,0.60448766,0,1,1,0.60448766
ECK_837,0.06792896,0.613906,0,1,1,0.613906
ECK_838,0.32352984,0.72008175,0,1,1,0.72008175
ECK_839,0.0023587865,0.3215534,0,0,0,0.3215534
ECK_840,0.11473722,0.23418374,0,0,0,0.23418374
ECK_841,0.41567725,0.081917636,0,0,0,0.41567725
ECK_842,0.19198963,0.4998558,0,0,0,0.4998558
ECK_843,0.16201854,0.120645836,0,0,0,0.16201854
ECK_844,0.017332194,0.09500471,0,0,0,0.09500471
ECK_845,0.005490683,0.032285992,0,0,0,0.032285992
ECK_846,0.15075202,0.8359462,0,1,1,0.8359462
ECK_847,0.05620423,0.63768584,0,1,1,0.63768584
ECK_848,0.0009182991,0.013038242,0,0,0,0.013038242
ECK_849,0.03439739,0.026979692,0,0,0,0.03439739
ECK_850,0.17014503,0.17963366,0,0,0,0.17963366
ECK_851,0.922339,0.69148844,1,1,1,0.922339
ECK_852,0.35623258,0.9261484,0,1,1,0.9261484
ECK_853,0.13760744,0.87311995,0,1,1,0.87311995
ECK_854,0.0246275,0.29390824,0,0,0,0.29390824
ECK_855,0.56755406,0.37774006,1,0,1,0.56755406
ECK_856,0.024904106,0.123626284,0,0,0,0.123626284
ECK_857,0.0031296292,0.0040294207,0,0,0,0.0040294207
ECK_858,0.010272354,0.051145457,0,0,0,0.051145457
ECK_859,0.055709027,0.052058786,0,0,0,0.055709027
ECK_860,0.17601936,0.2645738,0,0,0,0.2645738
ECK_861,0.09920498,0.4676066,0,0,0,0.4676066
ECK_862,0.020042913,0.041038737,0,0,0,0.041038737
ECK_864,0.1525039,0.17979331,0,0,0,0.17979331
ECK_865,0.27762866,0.7727959,0,1,1,0.7727959
ECK_866,0.04308843,0.58174634,0,1,1,0.58174634
ECK_867,0.030369142,0.058760695,0,0,0,0.058760695
ECK_868,0.014963474,0.19288488,0,0,0,0.19288488
ECK_869,0.32060552,0.0749912,0,0,0,0.32060552
ECK_870,0.027335586,0.03565267,0,0,0,0.03565267
ECK_871,0.031932365,0.33335638,0,0,0,0.33335638
ECK_872,0.14637603,0.18216775,0,0,0,0.18216775
ECK_873,0.91241354,0.8141371,1,1,1,0.91241354
ECK_874,0.014579502,0.10013567,0,0,0,0.10013567
ECK_875,0.028230801,0.0354582,0,0,0,0.0354582
ECK_876,0.15902475,0.088862464,0,0,0,0.15902475
ECK_877,0.04465379,0.1283927,0,0,0,0.1283927
ECK_878,0.022484457,0.5482843,0,1,1,0.5482843
ECK_879,0.011463862,0.031550407,0,0,0,0.031550407
ECK_880,0.1187131,0.5567074,0,1,1,0.5567074
ECK_881,0.40231222,0.91361517,0,1,1,0.91361517
ECK_882,0.06986694,0.2034455,0,0,0,0.2034455
ECK_883,0.3429047,0.2913726,0,0,0,0.3429047
ECK_884,0.05514609,0.059057243,0,0,0,0.059057243
ECK_885,0.18750201,0.35322693,0,0,0,0.35322693
ECK_886,0.13305408,0.95421815,0,1,1,0.95421815
ECK_887,0.5776911,0.29768097,1,0,1,0.5776911
ECK_888,0.06633965,0.7753604,0,1,1,0.7753604
ECK_889,0.02450578,0.16845904,0,0,0,0.16845904
ECK_890,0.23504704,0.4187024,0,0,0,0.4187024
ECK_891,0.04443532,0.16985835,0,0,0,0.16985835
ECK_892,0.06483458,0.01373006,0,0,0,0.06483458
ECK_893,0.83736795,0.62358403,1,1,1,0.83736795
ECK_894,0.4734583,0.7081601,0,1,1,0.7081601
ECK_895,0.0021696773,0.106561095,0,0,0,0.106561095
ECK_896,0.036018975,0.040447503,0,0,0,0.040447503
ECK_897,0.44454214,0.42276683,0,0,0,0.44454214
ECK_898,0.01564984,0.08493823,0,0,0,0.08493823
ECK_899,0.8094166,0.52380055,1,1,1,0.8094166
ECK_900,0.013642327,0.036520343,0,0,0,0.036520343
ECK_901,0.020649113,0.021920681,0,0,0,0.021920681
ECK_902,0.11183513,0.38442695,0,0,0,0.38442695
ECK_903,0.9603764,0.9820248,1,1,1,0.9820248
ECK_904,0.9581557,0.97933805,1,1,1,0.97933805
ECK_905,0.030122526,0.08901976,0,0,0,0.08901976
ECK_906,0.2200205,0.691582,0,1,1,0.691582
ECK_907,0.070157364,0.104855,0,0,0,0.104855
ECK_908,0.10687349,0.6399718,0,1,1,0.6399718
ECK_909,0.103939176,0.06681577,0,0,0,0.103939176
ECK_910,0.062520914,0.3512465,0,0,0,0.3512465
ECK_911,0.05195388,0.11179168,0,0,0,0.11179168
ECK_912,0.2606118,0.79918617,0,1,1,0.79918617
ECK_913,0.0045069912,0.05690601,0,0,0,0.05690601
ECK_914,0.09714749,0.87682796,0,1,1,0.87682796
ECK_915,0.36456043,0.6215536,0,1,1,0.6215536
ECK_916,0.06353118,0.2474869,0,0,0,0.2474869
ECK_917,0.07688423,0.03458451,0,0,0,0.07688423
ECK_918,0.38572678,0.83900106,0,1,1,0.83900106
ECK_919,0.047072347,0.01847383,0,0,0,0.047072347
ECK_920,0.061907187,0.25832683,0,0,0,0.25832683
ECK_921,0.38248277,0.7769931,0,1,1,0.7769931
ECK_922,0.03963392,0.19593556,0,0,0,0.19593556
ECK_923,0.91215235,0.99186724,1,1,1,0.99186724
ECK_924,0.39140108,0.9873958,0,1,1,0.9873958
ECK_925,0.022952585,0.030594856,0,0,0,0.030594856
ECK_927,0.013921029,0.09345937,0,0,0,0.09345937
ECK_928,0.082363114,0.08698422,0,0,0,0.08698422
ECK_929,0.015970156,0.10119377,0,0,0,0.10119377
ECK_930,0.022732742,0.009324475,0,0,0,0.022732742
ECK_931,0.004489883,0.6238749,0,1,1,0.6238749
ECK_932,0.0059397514,0.095425606,0,0,0,0.095425606
ECK_933,0.3735159,0.3934667,0,0,0,0.3934667
ECK_934,0.6967514,0.5296089,1,1,1,0.6967514
ECK_935,0.31380385,0.72740906,0,1,1,0.72740906
ECK_936,0.0011755045,0.008303515,0,0,0,0.008303515
ECK_937,0.30497926,0.5351653,0,1,1,0.5351653
ECK_938,0.022634627,0.30678323,0,0,0,0.30678323
ECK_939,0.006200255,0.030848278,0,0,0,0.030848278
ECK_940,0.013133595,0.050368197,0,0,0,0.050368197
ECK_943,0.66109395,0.48398635,1,0,1,0.66109395
ECK_944,0.6713443,0.59556836,1,1,1,0.6713443
ECK_945,0.008498842,0.054599747,0,0,0,0.054599747
ECK_946,0.058190245,0.5368439,0,1,1,0.5368439
ECK_947,0.06118894,0.59308076,0,1,1,0.59308076
ECK_948,0.70667285,0.97580576,1,1,1,0.97580576
ECK_949,0.004720309,0.0017147133,0,0,0,0.004720309
ECK_950,0.0122673,0.035326563,0,0,0,0.035326563
ECK_951,0.08115629,0.4371111,0,0,0,0.4371111
ECK_952,0.019892238,0.09292583,0,0,0,0.09292583
ECK_953,0.14566728,0.13784304,0,0,0,0.14566728
ECK_954,0.27518097,0.8935909,0,1,1,0.8935909
ECK_955,0.16855635,0.51294386,0,1,1,0.51294386
ECK_956,0.8779512,0.9123502,1,1,1,0.9123502
ECK_957,0.42147517,0.17808387,0,0,0,0.42147517
ECK_958,0.202602,0.26806414,0,0,0,0.26806414
ECK_959,0.004395042,0.030115405,0,0,0,0.030115405
ECK_960,0.002645096,0.03846149,0,0,0,0.03846149
ECK_961,0.042711973,0.014395307,0,0,0,0.042711973
ECK_962,0.9977204,0.9074932,1,1,1,0.9977204
ECK_963,0.9075322,0.50127304,1,1,1,0.9075322
ECK_964,0.055144105,0.28897074,0,0,0,0.28897074
ECK_965,0.04230207,0.058830738,0,0,0,0.058830738
ECK_966,0.041085366,0.69778293,0,1,1,0.69778293
ECK_967,0.014031734,0.12738355,0,0,0,0.12738355
ECK_968,0.06804119,0.5207225,0,1,1,0.5207225
ECK_969,0.07224727,0.046130136,0,0,0,0.07224727
ECK_970,0.9989749,0.9896059,1,1,1,0.9989749
ECK_971,0.053927477,0.9441811,0,1,1,0.9441811
ECK_972,0.0072659487,0.037059896,0,0,0,0.037059896
ECK_973,0.0076986956,0.064329885,0,0,0,0.064329885
ECK_974,0.07141104,0.031391576,0,0,0,0.07141104
ECK_975,0.9860124,0.98056567,1,1,1,0.9860124
ECK_976,0.04658408,0.8294702,0,1,1,0.8294702
ECK_977,0.0030382078,0.07231469,0,0,0,0.07231469
ECK_978,0.26024282,0.8187641,0,1,1,0.8187641
ECK_979,0.0027462034,0.03433404,0,0,0,0.03433404
ECK_980,0.026282603,0.030155025,0,0,0,0.030155025
ECK_982,0.30018014,0.6940663,0,1,1,0.6940663
ECK_983,0.07821181,0.27943757,0,0,0,0.27943757
ECK_984,0.0028517842,0.0030361433,0,0,0,0.0030361433
ECK_985,0.73775023,0.94665956,1,1,1,0.94665956
ECK_986,0.14261286,0.49588367,0,0,0,0.49588367
ECK_987,0.13037044,0.19654201,0,0,0,0.19654201
ECK_988,0.017182827,0.08817908,0,0,0,0.08817908
ECK_989,0.061412375,0.37445986,0,0,0,0.37445986
ECK_990,0.27467096,0.7108256,0,1,1,0.7108256
ECK_991,0.00085027755,0.006840563,0,0,0,0.006840563
ECK_992,0.35504666,0.057628125,0,0,0,0.35504666
ECK_993,0.2887859,0.29143023,0,0,0,0.29143023
ECK_994,0.0068062874,0.036931634,0,0,0,0.036931634
ECK_995,0.0030074625,0.08244514,0,0,0,0.08244514
ECK_996,0.11536677,0.01042663,0,0,0,0.11536677
ECK_997,0.09904907,0.06344534,0,0,0,0.09904907
ECK_998,0.19959545,0.36891794,0,0,0,0.36891794
ECK_999,0.013488876,0.23168114,0,0,0,0.23168114
ECK_1000,0.0043667727,0.0057368437,0,0,0,0.0057368437
ECK_1001,0.0026147633,0.96785396,0,1,1,0.96785396
ECK_1002,0.49221635,0.4290813,0,0,0,0.49221635
ECK_1003,0.4261218,0.87621075,0,1,1,0.87621075
ECK_1004,0.020638922,0.02886687,0,0,0,0.02886687
ECK_1005,0.16589983,0.11742449,0,0,0,0.16589983
ECK_1006,0.00951252,0.036829017,0,0,0,0.036829017
ECK_1007,0.002098706,0.0011904672,0,0,0,0.002098706
ECK_1008,0.055900082,0.17008549,0,0,0,0.17008549
ECK_1009,0.07807103,0.03684299,0,0,0,0.07807103
ECK_1010,0.060362663,0.05145115,0,0,0,0.060362663
ECK_1011,0.010625929,0.11905644,0,0,0,0.11905644
ECK_1012,0.0024359098,0.042150307,0,0,0,0.042150307
ECK_1013,0.015907682,0.030759078,0,0,0,0.030759078
ECK_1014,0.019870209,0.14324693,0,0,0,0.14324693
ECK_1015,0.03968233,0.15323588,0,0,0,0.15323588
ECK_1016,0.42139065,0.73180604,0,1,1,0.73180604
ECK_1017,0.46893638,0.11598856,0,0,0,0.46893638
ECK_1018,0.42924434,0.94440717,0,1,1,0.94440717
ECK_1019,0.06615659,0.7897113,0,1,1,0.7897113
ECK_1020,0.53027415,0.69996893,1,1,1,0.69996893
ECK_1021,0.25994226,0.7181168,0,1,1,0.7181168
ECK_1022,0.033455368,0.2358051,0,0,0,0.2358051
ECK_1023,0.015288613,0.28984013,0,0,0,0.28984013
ECK_1024,0.1608264,0.70364386,0,1,1,0.70364386
ECK_1025,0.07427823,0.026080117,0,0,0,0.07427823
ECK_1026,0.10557547,0.30221775,0,0,0,0.30221775
ECK_1027,0.14235274,0.16714214,0,0,0,0.16714214
ECK_1028,0.41065663,0.6174267,0,1,1,0.6174267
ECK_1029,0.02058758,0.15960568,0,0,0,0.15960568
ECK_1030,0.053765077,0.14633265,0,0,0,0.14633265
ECK_1031,0.0131926,0.10685936,0,0,0,0.10685936
ECK_1032,0.06446097,0.16919816,0,0,0,0.16919816
ECK_1033,0.005275183,0.20087896,0,0,0,0.20087896
ECK_1034,0.03807739,0.0975921,0,0,0,0.0975921
ECK_1035,0.16958052,0.038234606,0,0,0,0.16958052
ECK_1036,0.07894946,0.15455815,0,0,0,0.15455815
ECK_1037,0.039496746,0.004302731,0,0,0,0.039496746
ECK_1038,0.9915467,0.95291805,1,1,1,0.9915467
ECK_1039,0.047987808,0.14197119,0,0,0,0.14197119
ECK_1040,0.26239714,0.47536233,0,0,0,0.47536233
ECK_1041,0.9483102,0.816082,1,1,1,0.9483102
ECK_1042,0.2037314,0.14725828,0,0,0,0.2037314
ECK_1043,0.0009895146,0.021975467,0,0,0,0.021975467
ECK_1044,0.26923555,0.8504521,0,1,1,0.8504521
ECK_1045,0.36870962,0.81365347,0,1,1,0.81365347
ECK_1046,0.18891782,0.3651934,0,0,0,0.3651934
ECK_1047,0.03203823,0.01160692,0,0,0,0.03203823
ECK_1048,0.04232453,0.2054063,0,0,0,0.2054063
ECK_1049,0.02968992,0.2742697,0,0,0,0.2742697
ECK_1050,0.11501591,0.8863142,0,1,1,0.8863142
ECK_1051,0.029611452,0.07425223,0,0,0,0.07425223
ECK_1052,0.6013438,0.1394065,1,0,1,0.6013438
ECK_1053,0.07706957,0.0063881786,0,0,0,0.07706957
ECK_1054,0.1973189,0.67614365,0,1,1,0.67614365
ECK_1055,0.014581264,0.019964801,0,0,0,0.019964801
ECK_1056,0.9374742,0.7630067,1,1,1,0.9374742
ECK_1057,0.022673653,0.3333098,0,0,0,0.3333098
ECK_1058,0.93228406,0.7307204,1,1,1,0.93228406
ECK_1059,0.32608584,0.062564306,0,0,0,0.32608584
ECK_1060,0.3093182,0.66752416,0,1,1,0.66752416
ECK_1061,0.019507403,0.076454975,0,0,0,0.076454975
ECK_1062,0.02908329,0.0049906424,0,0,0,0.02908329
ECK_1063,0.13570139,0.12734309,0,0,0,0.13570139
ECK_1064,0.4815107,0.9790006,0,1,1,0.9790006
ECK_1065,0.009677137,0.013059096,0,0,0,0.013059096
ECK_1066,0.13032414,0.1983581,0,0,0,0.1983581
ECK_1067,0.016745927,0.8243392,0,1,1,0.8243392
ECK_1068,0.26049522,0.5232847,0,1,1,0.5232847
ECK_1069,0.110045984,0.2211851,0,0,0,0.2211851
ECK_1070,0.07749403,0.6848818,0,1,1,0.6848818
ECK_1071,0.14295171,0.2229272,0,0,0,0.2229272
ECK_1072,0.043829888,0.022069298,0,0,0,0.043829888
ECK_1073,0.07227021,0.46009383,0,0,0,0.46009383
ECK_1074,0.11069435,0.18307807,0,0,0,0.18307807
ECK_1075,0.20959875,0.21153705,0,0,0,0.21153705
ECK_1076,0.3305792,0.9253358,0,1,1,0.9253358
ECK_1077,0.0024461383,0.063906975,0,0,0,0.063906975
ECK_1078,0.02081478,0.74073976,0,1,1,0.74073976
ECK_1079,0.3514042,0.2254038,0,0,0,0.3514042
ECK_1080,0.71219134,0.35257274,1,0,1,0.71219134
ECK_1081,0.22501017,0.9542524,0,1,1,0.9542524
ECK_1082,0.21428187,0.22058277,0,0,0,0.22058277
ECK_1083,0.003994571,0.02236155,0,0,0,0.02236155
ECK_1084,0.9067648,0.78311676,1,1,1,0.9067648
ECK_1085,0.04229283,0.019405538,0,0,0,0.04229283
ECK_1086,0.110630706,0.5561489,0,1,1,0.5561489
ECK_1087,0.19708453,0.06866809,0,0,0,0.19708453
ECK_1088,0.082086146,0.20306481,0,0,0,0.20306481
ECK_1089,0.4759251,0.30440637,0,0,0,0.4759251
ECK_1090,0.0069548483,0.0020011114,0,0,0,0.0069548483
ECK_1091,0.066413805,0.047550593,0,0,0,0.066413805
ECK_1092,0.006349563,0.013699873,0,0,0,0.013699873
ECK_1093,0.01849567,0.31363606,0,0,0,0.31363606
ECK_1094,0.06762578,0.07766044,0,0,0,0.07766044
ECK_1095,0.0438243,0.031086573,0,0,0,0.0438243
ECK_1096,0.06759846,0.2279196,0,0,0,0.2279196
ECK_1098,0.5805144,0.6723837,1,1,1,0.6723837
ECK_1099,0.14668961,0.3108181,0,0,0,0.3108181
ECK_1100,0.30591312,0.6578601,0,1,1,0.6578601
ECK_1101,0.0032082286,0.22463669,0,0,0,0.22463669
ECK_1102,0.012404359,0.10823856,0,0,0,0.10823856
ECK_1103,0.10226696,0.18976551,0,0,0,0.18976551
ECK_1104,0.051922344,0.19781493,0,0,0,0.19781493
ECK_1105,0.009098337,0.08567252,0,0,0,0.08567252
ECK_1106,0.14735752,0.26561245,0,0,0,0.26561245
ECK_1107,0.026714563,0.026009178,0,0,0,0.026714563
ECK_1108,0.3363095,0.5783629,0,1,1,0.5783629
ECK_1109,0.058274753,0.82206714,0,1,1,0.82206714
ECK_1110,0.05011033,0.23906557,0,0,0,0.23906557
ECK_1111,0.07081586,0.4489857,0,0,0,0.4489857
ECK_1112,0.011652946,0.25052723,0,0,0,0.25052723
ECK_1113,0.94955766,0.9618505,1,1,1,0.9618505
ECK_1114,0.10623831,0.021780573,0,0,0,0.10623831
ECK_1115,0.1007602,0.68876565,0,1,1,0.68876565
ECK_1116,0.047489658,0.7213326,0,1,1,0.7213326
ECK_1117,0.43229303,0.74520296,0,1,1,0.74520296
ECK_1118,0.054378886,0.045599926,0,0,0,0.054378886
ECK_1119,0.44639763,0.6881662,0,1,1,0.6881662
ECK_1120,0.24791369,0.11600349,0,0,0,0.24791369
ECK_1121,0.056252327,0.068672486,0,0,0,0.068672486
ECK_1122,0.1534805,0.35268924,0,0,0,0.35268924
ECK_1123,0.20788836,0.29583994,0,0,0,0.29583994
ECK_1124,0.83753914,0.9269518,1,1,1,0.9269518
ECK_1125,0.02132638,0.16232826,0,0,0,0.16232826
ECK_1126,0.06957373,0.033180848,0,0,0,0.06957373
ECK_1127,0.397748,0.90291715,0,1,1,0.90291715
ECK_1128,0.029353995,0.0059815915,0,0,0,0.029353995
ECK_1129,0.1574484,0.21055779,0,0,0,0.21055779
ECK_1130,0.06334905,0.6552016,0,1,1,0.6552016
ECK_1131,0.05088148,0.8411423,0,1,1,0.8411423
ECK_1132,0.0921969,0.47814706,0,0,0,0.47814706
ECK_1133,0.010962912,0.098928265,0,0,0,0.098928265
ECK_1135,0.22402325,0.5226278,0,1,1,0.5226278
ECK_1136,0.035569474,0.11737543,0,0,0,0.11737543
ECK_1137,0.07689769,0.36735085,0,0,0,0.36735085
ECK_1138,0.016595202,0.025377791,0,0,0,0.025377791
ECK_1139,0.097105905,0.6170443,0,1,1,0.6170443
ECK_1140,0.055854667,0.037569277,0,0,0,0.055854667
ECK_1141,0.4820504,0.9513744,0,1,1,0.9513744
ECK_1142,0.13049985,0.93159276,0,1,1,0.93159276
ECK_1143,0.02578699,0.05006252,0,0,0,0.05006252
ECK_1144,0.11422326,0.061290715,0,0,0,0.11422326
ECK_1145,0.14550026,0.039794594,0,0,0,0.14550026
ECK_1146,0.08212652,0.9581252,0,1,1,0.9581252
ECK_1147,0.1893516,0.015800599,0,0,0,0.1893516
ECK_1148,0.36787784,0.933209,0,1,1,0.933209
ECK_1149,0.20680235,0.10907639,0,0,0,0.20680235
ECK_1150,0.097683325,0.031358372,0,0,0,0.097683325
ECK_1151,0.718424,0.55657965,1,1,1,0.718424
ECK_1152,0.7551007,0.85208637,1,1,1,0.85208637
ECK_1153,0.33137676,0.7021062,0,1,1,0.7021062
ECK_1154,0.0059808684,0.07608976,0,0,0,0.07608976
ECK_1155,0.047934487,0.5213265,0,1,1,0.5213265
ECK_1156,0.016919252,0.052720938,0,0,0,0.052720938
ECK_1157,0.022791838,0.026266152,0,0,0,0.026266152
ECK_1158,0.08886447,0.8492925,0,1,1,0.8492925
ECK_1159,0.06694657,0.19474962,0,0,0,0.19474962
ECK_1160,0.009081561,0.048631754,0,0,0,0.048631754
ECK_1161,0.017713742,0.19539414,0,0,0,0.19539414
ECK_1162,0.17803712,0.078704454,0,0,0,0.17803712
ECK_1163,0.14211974,0.1418624,0,0,0,0.14211974
ECK_1164,0.07652674,0.41477713,0,0,0,0.41477713
ECK_1165,0.054332502,0.07442134,0,0,0,0.07442134
ECK_1166,0.02178861,0.031605747,0,0,0,0.031605747
ECK_1167,0.019746734,0.06506152,0,0,0,0.06506152
ECK_1168,0.010238044,0.014028846,0,0,0,0.014028846
ECK_1169,0.00678369,0.16180909,0,0,0,0.16180909
ECK_1170,0.76990545,0.031701706,1,0,1,0.76990545
ECK_1171,0.37160644,0.0874919,0,0,0,0.37160644
ECK_1172,0.09064723,0.010425489,0,0,0,0.09064723
ECK_1173,0.16716667,0.13933319,0,0,0,0.16716667
ECK_1175,0.17693974,0.48220366,0,0,0,0.48220366
ECK_1176,0.6771884,0.52578664,1,1,1,0.6771884
ECK_1177,0.4199609,0.18877572,0,0,0,0.4199609
ECK_1178,0.3387699,0.17241628,0,0,0,0.3387699
ECK_1179,0.07957133,0.09773254,0,0,0,0.09773254
ECK_1180,0.35885048,0.96478426,0,1,1,0.96478426
ECK_1181,0.023835734,0.2562663,0,0,0,0.2562663
ECK_1182,0.0062471624,0.362197,0,0,0,0.362197
ECK_1183,0.1414918,0.33153772,0,0,0,0.33153772
ECK_1184,0.043665648,0.0059229187,0,0,0,0.043665648
ECK_1185,0.2694925,0.029529573,0,0,0,0.2694925
ECK_1186,0.03562156,0.86394876,0,1,1,0.86394876
ECK_1187,0.005316599,0.0034962029,0,0,0,0.005316599
ECK_1188,0.24768057,0.33031747,0,0,0,0.33031747
ECK_1189,0.1751345,0.08830868,0,0,0,0.1751345
ECK_1190,0.015469282,0.013386971,0,0,0,0.015469282
ECK_1191,0.10844744,0.3787165,0,0,0,0.3787165
ECK_1193,0.8295599,0.8181893,1,1,1,0.8295599
ECK_1194,0.20640236,0.32178035,0,0,0,0.32178035
ECK_1195,0.08707698,0.24607569,0,0,0,0.24607569
ECK_1197,0.02447334,0.0046513556,0,0,0,0.02447334
ECK_1198,0.98709655,0.9726002,1,1,1,0.98709655
ECK_1199,0.1076976,0.27577844,0,0,0,0.27577844
ECK_1200,0.0066057136,0.06097357,0,0,0,0.06097357
ECK_1201,0.02964498,0.25854036,0,0,0,0.25854036
ECK_1202,0.16453134,0.51371044,0,1,1,0.51371044
ECK_1203,0.031102382,0.06997831,0,0,0,0.06997831
ECK_1204,0.06003023,0.0069020633,0,0,0,0.06003023
ECK_1205,0.27949747,0.48021033,0,0,0,0.48021033
ECK_1206,0.2702553,0.40680194,0,0,0,0.40680194
ECK_1207,0.4991654,0.02516518,0,0,0,0.4991654
ECK_1208,0.03860918,0.31661177,0,0,0,0.31661177
ECK_1209,0.008120157,0.029854126,0,0,0,0.029854126
ECK_1210,0.34126264,0.9383918,0,1,1,0.9383918
ECK_1211,0.5344085,0.4913752,1,0,1,0.5344085
ECK_1212,0.013312365,0.10232709,0,0,0,0.10232709
ECK_1213,0.010523956,0.12456163,0,0,0,0.12456163
ECK_1214,0.23401828,0.27446988,0,0,0,0.27446988
ECK_1215,0.06749512,0.43635836,0,0,0,0.43635836
ECK_1216,0.12372497,0.4852439,0,0,0,0.4852439
ECK_1217,0.30245146,0.07153845,0,0,0,0.30245146
ECK_1218,0.038261402,0.049548216,0,0,0,0.049548216
ECK_1219,0.47839487,0.80701315,0,1,1,0.80701315
ECK_1220,0.013425426,0.060015257,0,0,0,0.060015257
ECK_1221,0.1341162,0.019983489,0,0,0,0.1341162
ECK_1222,0.5387377,0.31403494,1,0,1,0.5387377
ECK_1223,0.17104879,0.6507775,0,1,1,0.6507775
ECK_1224,0.026343461,0.013684354,0,0,0,0.026343461
ECK_1226,0.77946305,0.8776006,1,1,1,0.8776006
ECK_1227,0.002771009,0.034720983,0,0,0,0.034720983
ECK_1228,0.19558124,0.072662614,0,0,0,0.19558124
ECK_1229,0.050807085,0.16962853,0,0,0,0.16962853
ECK_1230,0.014195562,0.025167095,0,0,0,0.025167095
ECK_1231,0.044505294,0.38481596,0,0,0,0.38481596
ECK_1232,0.08193913,0.26548702,0,0,0,0.26548702
ECK_1233,0.020872844,0.01433026,0,0,0,0.020872844
ECK_1234,0.20267986,0.4487555,0,0,0,0.4487555
ECK_1235,0.08134716,0.23306884,0,0,0,0.23306884
ECK_1236,0.6563876,0.7529932,1,1,1,0.7529932
ECK_1237,0.23013715,0.1326151,0,0,0,0.23013715
ECK_1238,0.046128184,0.013033266,0,0,0,0.046128184
ECK_1239,0.09671833,0.08419345,0,0,0,0.09671833
ECK_1240,0.09739969,0.08652931,0,0,0,0.09739969
ECK_1241,0.17026998,0.39977762,0,0,0,0.39977762
ECK_1242,0.003584994,0.0082423715,0,0,0,0.0082423715
ECK_1243,0.059110284,0.1278274,0,0,0,0.1278274
ECK_1244,0.009779451,0.1899697,0,0,0,0.1899697
ECK_1245,0.008947725,0.03830616,0,0,0,0.03830616
ECK_1246,0.24441348,0.059550956,0,0,0,0.24441348
ECK_1247,0.11881186,0.18225782,0,0,0,0.18225782
ECK_1248,0.07604458,0.17897928,0,0,0,0.17897928
ECK_1249,0.015689181,0.31534666,0,0,0,0.31534666
ECK_1250,0.013168133,0.23652118,0,0,0,0.23652118
ECK_1251,0.13873805,0.11545312,0,0,0,0.13873805
ECK_1252,0.8795203,0.6455795,1,1,1,0.8795203
ECK_1253,0.9989453,0.98805064,1,1,1,0.9989453
ECK_1254,0.023543071,0.011588347,0,0,0,0.023543071
ECK_1255,0.14679405,0.24615847,0,0,0,0.24615847
ECK_1256,0.040481754,0.031731736,0,0,0,0.040481754
ECK_1257,0.065406375,0.021301717,0,0,0,0.065406375
ECK_1258,0.013099048,0.012881392,0,0,0,0.013099048
ECK_1259,0.02800537,0.034267113,0,0,0,0.034267113
ECK_1260,0.036629103,0.9442439,0,1,1,0.9442439
ECK_1261,0.044561747,0.22136717,0,0,0,0.22136717
ECK_1262,0.037403982,0.1273213,0,0,0,0.1273213
ECK_1263,0.46926326,0.655478,0,1,1,0.655478
ECK_1264,0.022463962,0.02087645,0,0,0,0.022463962
ECK_1265,0.11494579,0.7199213,0,1,1,0.7199213
ECK_1266,0.016454889,0.13487893,0,0,0,0.13487893
ECK_1267,0.007576721,0.015219807,0,0,0,0.015219807
ECK_1268,0.15491554,0.92323184,0,1,1,0.92323184
ECK_1269,0.015075475,0.2770108,0,0,0,0.2770108
ECK_1270,0.023804128,0.020186799,0,0,0,0.023804128
ECK_1271,0.15254925,0.27244318,0,0,0,0.27244318
ECK_1272,0.10415057,0.048334394,0,0,0,0.10415057
ECK_1273,0.01998759,0.07068831,0,0,0,0.07068831
ECK_1274,0.8610477,0.08300781,1,0,1,0.8610477
ECK_1275,0.33617088,0.04386645,0,0,0,0.33617088
ECK_1276,0.40219566,0.5957945,0,1,1,0.5957945
ECK_1277,0.015198045,0.16484602,0,0,0,0.16484602
ECK_1278,0.106942445,0.44378284,0,0,0,0.44378284
ECK_1279,0.34695062,0.76552576,0,1,1,0.76552576
ECK_1280,0.091030516,0.29922765,0,0,0,0.29922765
ECK_1281,0.14396882,0.27388364,0,0,0,0.27388364
ECK_1282,0.9139598,0.8549855,1,1,1,0.9139598
ECK_1283,0.02696303,0.042836435,0,0,0,0.042836435
ECK_1284,0.21378516,0.50387216,0,1,1,0.50387216
ECK_1285,0.8952863,0.92792815,1,1,1,0.92792815
ECK_1286,0.14463983,0.37370852,0,0,0,0.37370852
ECK_1287,0.16287951,0.13048325,0,0,0,0.16287951
ECK_1288,0.120200194,0.35536948,0,0,0,0.35536948
ECK_1289,0.14120802,0.3708177,0,0,0,0.3708177
ECK_1290,0.15334065,0.82388157,0,1,1,0.82388157
ECK_1291,0.014924159,0.12830217,0,0,0,0.12830217
ECK_1292,0.40301603,0.44417456,0,0,0,0.44417456
ECK_1293,0.05408372,0.047031317,0,0,0,0.05408372
ECK_1295,0.04179677,0.11261816,0,0,0,0.11261816
ECK_1297,0.7375862,0.46933183,1,0,1,0.7375862
ECK_1298,0.0069422205,0.018644096,0,0,0,0.018644096
ECK_1299,0.07666999,0.049441937,0,0,0,0.07666999
ECK_1300,0.07653026,0.9513701,0,1,1,0.9513701
ECK_1301,0.008277057,0.018716963,0,0,0,0.018716963
ECK_1302,0.09463735,0.37470934,0,0,0,0.37470934
ECK_1303,0.03465849,0.24623159,0,0,0,0.24623159
ECK_1304,0.019443048,0.06780071,0,0,0,0.06780071
ECK_1305,0.040585656,0.004002207,0,0,0,0.040585656
ECK_1306,0.049060866,0.41489503,0,0,0,0.41489503
ECK_1307,0.815665,0.78885025,1,1,1,0.815665
ECK_1308,0.1202766,0.25415194,0,0,0,0.25415194
ECK_1309,0.007973177,0.009168562,0,0,0,0.009168562
ECK_1310,0.05848796,0.16546062,0,0,0,0.16546062
ECK_1311,0.43738443,0.84306765,0,1,1,0.84306765
ECK_1312,0.77177113,0.92730206,1,1,1,0.92730206
ECK_1314,0.06005352,0.04078647,0,0,0,0.06005352
ECK_1315,0.15185668,0.053757377,0,0,0,0.15185668
ECK_1316,0.006493657,0.12298196,0,0,0,0.12298196
ECK_1317,0.0055745724,0.043234795,0,0,0,0.043234795
ECK_1318,0.9392604,0.2895454,1,0,1,0.9392604
ECK_1319,0.3963238,0.6124842,0,1,1,0.6124842
ECK_1320,0.07731799,0.6906541,0,1,1,0.6906541
ECK_1321,0.0054355413,0.10292836,0,0,0,0.10292836
ECK_1322,0.062814705,0.020043302,0,0,0,0.062814705
ECK_1323,0.14161369,0.9315648,0,1,1,0.9315648
ECK_1324,0.9085587,0.45910895,1,0,1,0.9085587
ECK_1325,0.23646054,0.5069235,0,1,1,0.5069235
ECK_1326,0.76568687,0.47956112,1,0,1,0.76568687
ECK_1327,0.9474478,0.5006984,1,1,1,0.9474478
ECK_1328,0.13239472,0.037219945,0,0,0,0.13239472
ECK_1329,0.023861842,0.11188042,0,0,0,0.11188042
ECK_1330,0.26637957,0.12674893,0,0,0,0.26637957
ECK_1331,0.021970386,0.12256173,0,0,0,0.12256173
ECK_1332,0.90238625,0.9383063,1,1,1,0.9383063
ECK_1333,0.067196615,0.8122576,0,1,1,0.8122576
ECK_1334,0.026584776,0.08350054,0,0,0,0.08350054
ECK_1335,0.0025659453,0.17399086,0,0,0,0.17399086
ECK_1336,0.9494159,0.9822542,1,1,1,0.9822542
ECK_1337,0.37336048,0.55182976,0,1,1,0.55182976
ECK_1338,0.022322163,0.08993301,0,0,0,0.08993301
ECK_1339,0.013004249,0.013231466,0,0,0,0.013231466
ECK_1340,0.0013284013,0.048443355,0,0,0,0.048443355
ECK_1341,0.08803574,0.032320313,0,0,0,0.08803574
ECK_1342,0.08117832,0.18795641,0,0,0,0.18795641
ECK_1343,0.1291357,0.15858413,0,0,0,0.15858413
ECK_1344,0.13283259,0.49370953,0,0,0,0.49370953
ECK_1345,0.56057376,0.5863049,1,1,1,0.5863049
ECK_1346,0.076030195,0.1856449,0,0,0,0.1856449
ECK_1347,0.060684208,0.797721,0,1,1,0.797721
ECK_1348,0.89312637,0.64719665,1,1,1,0.89312637
ECK_1349,0.002681877,0.009816712,0,0,0,0.009816712
ECK_1350,0.006205108,0.033138007,0,0,0,0.033138007
ECK_1351,0.020503461,0.034927968,0,0,0,0.034927968
ECK_1352,0.12957965,0.5396066,0,1,1,0.5396066
ECK_1353,0.00814895,0.05893108,0,0,0,0.05893108
ECK_1354,0.113837905,0.043354217,0,0,0,0.113837905
ECK_1355,0.08350961,0.49405026,0,0,0,0.49405026
ECK_1356,0.009102977,0.17763264,0,0,0,0.17763264
ECK_1357,0.18241458,0.8664014,0,1,1,0.8664014
ECK_1358,0.16862737,0.3660951,0,0,0,0.3660951
ECK_1359,0.113277346,0.36060065,0,0,0,0.36060065
ECK_1360,0.63417625,0.61254716,1,1,1,0.63417625
ECK_1361,0.03373414,0.17301066,0,0,0,0.17301066
ECK_1362,0.39792675,0.91039854,0,1,1,0.91039854
ECK_1363,0.053992614,0.2096857,0,0,0,0.2096857
ECK_1364,0.0129892025,0.03428129,0,0,0,0.03428129
ECK_1365,0.03873616,0.08768699,0,0,0,0.08768699
ECK_1367,0.0075898594,0.21249874,0,0,0,0.21249874
ECK_1369,0.30122265,0.6807521,0,1,1,0.6807521
ECK_1370,0.47551274,0.40494832,0,0,0,0.47551274
ECK_1371,0.06142577,0.021493172,0,0,0,0.06142577
ECK_1372,0.048215073,0.0232353,0,0,0,0.048215073
ECK_1373,0.12689547,0.20462926,0,0,0,0.20462926
ECK_1375,0.040285423,0.070078194,0,0,0,0.070078194
ECK_1376,0.12896009,0.072858214,0,0,0,0.12896009
ECK_1377,0.006361494,0.015497303,0,0,0,0.015497303
ECK_1378,0.18491396,0.6970046,0,1,1,0.6970046
ECK_1379,0.23360607,0.934826,0,1,1,0.934826
ECK_1380,0.0731637,0.43785334,0,0,0,0.43785334
ECK_1381,0.14679706,0.13193437,0,0,0,0.14679706
ECK_1382,0.011863446,0.18117663,0,0,0,0.18117663
ECK_1383,0.3107552,0.50076264,0,1,1,0.50076264
ECK_1384,0.20366833,0.10800292,0,0,0,0.20366833
ECK_1385,0.14940529,0.06592946,0,0,0,0.14940529
ECK_1386,0.031677447,0.004808098,0,0,0,0.031677447
ECK_1387,0.1768111,0.5139455,0,1,1,0.5139455
ECK_1388,0.047713313,0.018925454,0,0,0,0.047713313
ECK_1389,0.09061492,0.38853538,0,0,0,0.38853538
ECK_1390,0.061183613,0.09884604,0,0,0,0.09884604
ECK_1391,0.29478896,0.9073917,0,1,1,0.9073917
ECK_1392,0.9830821,0.22865137,1,0,1,0.9830821
ECK_1393,0.09447994,0.17544955,0,0,0,0.17544955
ECK_1394,0.14075953,0.035874438,0,0,0,0.14075953
ECK_1395,0.14357911,0.12370397,0,0,0,0.14357911
ECK_1396,0.10156586,0.50497377,0,1,1,0.50497377
ECK_1397,0.10643489,0.14196691,0,0,0,0.14196691
ECK_1398,0.13934109,0.015528864,0,0,0,0.13934109
ECK_1399,0.5503198,0.22619648,1,0,1,0.5503198
ECK_1400,0.005857136,0.022010231,0,0,0,0.022010231
ECK_1401,0.13065721,0.0412328,0,0,0,0.13065721
ECK_1402,0.2792003,0.78434366,0,1,1,0.78434366
ECK_1403,0.2837471,0.21645963,0,0,0,0.2837471
ECK_1405,0.056453723,0.034665834,0,0,0,0.056453723
ECK_1406,0.02975445,0.12234758,0,0,0,0.12234758
ECK_1407,0.4108668,0.86358273,0,1,1,0.86358273
ECK_1408,0.13994226,0.080377735,0,0,0,0.13994226
ECK_1409,0.027063822,0.13939805,0,0,0,0.13939805
ECK_1410,0.21810044,0.5086924,0,1,1,0.5086924
ECK_1411,0.00936595,0.30069736,0,0,0,0.30069736
ECK_1412,0.7103632,0.9709954,1,1,1,0.9709954
ECK_1413,0.15634921,0.2692199,0,0,0,0.2692199
ECK_1414,0.12637131,0.71815723,0,1,1,0.71815723
ECK_1415,0.34406367,0.5289953,0,1,1,0.5289953
ECK_1416,0.022831788,0.07485883,0,0,0,0.07485883
ECK_1417,0.019296357,0.041916914,0,0,0,0.041916914
ECK_1418,0.050774015,0.09071216,0,0,0,0.09071216
ECK_1419,0.014420196,0.1554696,0,0,0,0.1554696
ECK_1420,0.061636787,0.19817093,0,0,0,0.19817093
ECK_1421,0.033483498,0.024962788,0,0,0,0.033483498
ECK_1422,0.2174425,0.54704267,0,1,1,0.54704267
ECK_1423,0.99417204,0.9426772,1,1,1,0.99417204
ECK_1424,0.2773023,0.041857574,0,0,0,0.2773023
ECK_1425,0.07046526,0.35907218,0,0,0,0.35907218
ECK_1426,0.013874271,0.056828547,0,0,0,0.056828547
ECK_1427,0.038104154,0.044250682,0,0,0,0.044250682
ECK_1428,0.010833273,0.6294898,0,1,1,0.6294898
ECK_1429,0.022184264,0.49597198,0,0,0,0.49597198
ECK_1430,0.002895291,0.059517067,0,0,0,0.059517067
ECK_1431,0.0020158745,0.019106152,0,0,0,0.019106152
ECK_1432,0.0661043,0.32237387,0,0,0,0.32237387
ECK_1433,0.077597946,0.051518705,0,0,0,0.077597946
ECK_1434,0.0073221033,0.079161026,0,0,0,0.079161026
ECK_1435,0.13150567,0.5011629,0,1,1,0.5011629
ECK_1436,0.0029597485,0.027731655,0,0,0,0.027731655
ECK_1437,0.7744893,0.74419916,1,1,1,0.7744893
ECK_1438,0.006788829,0.20159158,0,0,0,0.20159158
ECK_1439,0.14807068,0.3713115,0,0,0,0.3713115
ECK_1440,0.029387718,0.011623064,0,0,0,0.029387718
ECK_1441,0.0056626596,0.0033367833,0,0,0,0.0056626596
ECK_1442,0.2344588,0.1981512,0,0,0,0.2344588
ECK_1443,0.13002093,0.8591554,0,1,1,0.8591554
ECK_1444,0.004828498,0.0019897532,0,0,0,0.004828498
ECK_1445,0.016201938,0.21322805,0,0,0,0.21322805
ECK_1446,0.9935574,0.99451894,1,1,1,0.99451894
ECK_1447,0.01747631,0.025537357,0,0,0,0.025537357
ECK_1448,0.0072565675,0.10914634,0,0,0,0.10914634
ECK_1449,0.08739989,0.7019859,0,1,1,0.7019859
ECK_1450,0.0030074369,0.007890424,0,0,0,0.007890424
ECK_1451,0.016568506,0.0029855429,0,0,0,0.016568506
ECK_1452,0.010665434,0.03751405,0,0,0,0.03751405
ECK_1454,0.049570743,0.20005484,0,0,0,0.20005484
ECK_1455,0.03511904,0.19180022,0,0,0,0.19180022
ECK_1456,0.03774121,0.22389486,0,0,0,0.22389486
ECK_1457,0.1467922,0.12169792,0,0,0,0.1467922
ECK_1458,0.19971555,0.50900555,0,1,1,0.50900555
ECK_1459,0.076869085,0.76267976,0,1,1,0.76267976
ECK_1460,0.02042541,0.08174237,0,0,0,0.08174237
ECK_1461,0.8125787,0.93844867,1,1,1,0.93844867
ECK_1462,0.4857954,0.85392785,0,1,1,0.85392785
ECK_1463,0.035596266,0.0738397,0,0,0,0.0738397
ECK_1464,0.009397738,0.016784364,0,0,0,0.016784364
ECK_1465,0.072111234,0.13861135,0,0,0,0.13861135
ECK_1466,0.022006623,0.17247465,0,0,0,0.17247465
ECK_1467,0.8189724,0.7750333,1,1,1,0.8189724
ECK_1468,0.014295131,0.12444762,0,0,0,0.12444762
ECK_1469,0.014814491,0.045542955,0,0,0,0.045542955
ECK_1470,0.038842034,0.31694484,0,0,0,0.31694484
ECK_1471,0.055772886,0.07199852,0,0,0,0.07199852
ECK_1472,0.07464342,0.23400345,0,0,0,0.23400345
ECK_1473,0.027478533,0.65956545,0,1,1,0.65956545
ECK_1474,0.2793655,0.8177099,0,1,1,0.8177099
ECK_1475,0.045261603,0.26028153,0,0,0,0.26028153
ECK_1476,0.02159613,0.06306199,0,0,0,0.06306199
ECK_1477,0.12121342,0.6490535,0,1,1,0.6490535
ECK_1478,0.02734566,0.21766353,0,0,0,0.21766353
ECK_1479,0.19203432,0.6994404,0,1,1,0.6994404
ECK_1480,0.0031317244,0.004201639,0,0,0,0.004201639
ECK_1481,0.103294656,0.82961637,0,1,1,0.82961637
ECK_1482,0.42236632,0.4309277,0,0,0,0.4309277
ECK_1483,0.037727106,0.18663093,0,0,0,0.18663093
ECK_1484,0.3484494,0.85282224,0,1,1,0.85282224
ECK_1485,0.1558576,0.47972134,0,0,0,0.47972134
ECK_1486,0.023126928,0.02162555,0,0,0,0.023126928
ECK_1487,0.011236712,0.024978863,0,0,0,0.024978863
ECK_1488,0.058307827,0.22138114,0,0,0,0.22138114
ECK_1489,0.72272885,0.9888389,1,1,1,0.9888389
ECK_1490,0.29497173,0.33971104,0,0,0,0.33971104
ECK_1491,0.015280439,0.1347295,0,0,0,0.1347295
ECK_1492,0.05672118,0.014048151,0,0,0,0.05672118
ECK_1494,0.7522201,0.74411076,1,1,1,0.7522201
ECK_1495,0.07249666,0.03310097,0,0,0,0.07249666
ECK_1496,0.35454822,0.42572388,0,0,0,0.42572388
ECK_1497,0.19038858,0.45675725,0,0,0,0.45675725
ECK_1498,0.0075327186,0.056589436,0,0,0,0.056589436
ECK_1499,0.10228835,0.026865391,0,0,0,0.10228835
ECK_1500,0.2512072,0.96830386,0,1,1,0.96830386
ECK_1501,0.05672025,0.42931205,0,0,0,0.42931205
ECK_1502,0.40083134,0.140415,0,0,0,0.40083134
ECK_1503,0.1285197,0.46097803,0,0,0,0.46097803
ECK_1504,0.05148579,0.063795604,0,0,0,0.063795604
ECK_1505,0.0011163125,0.019515498,0,0,0,0.019515498
ECK_1506,0.28212947,0.2824686,0,0,0,0.2824686
ECK_1507,0.03492508,0.0028976458,0,0,0,0.03492508
ECK_1508,0.007867709,0.008034036,0,0,0,0.008034036
ECK_1509,0.0629225,0.67909455,0,1,1,0.67909455
ECK_1510,0.021492762,0.19811352,0,0,0,0.19811352
ECK_1511,0.10999036,0.6355053,0,1,1,0.6355053
ECK_1512,0.8322969,0.8501315,1,1,1,0.8501315
ECK_1513,0.08086351,0.24770117,0,0,0,0.24770117
ECK_1514,0.049401395,0.065925464,0,0,0,0.065925464
ECK_1515,0.030616002,0.023252336,0,0,0,0.030616002
ECK_1516,0.08309682,0.25926748,0,0,0,0.25926748
ECK_1517,0.08643861,0.2666767,0,0,0,0.2666767
ECK_1518,0.014650514,0.03691899,0,0,0,0.03691899
ECK_1519,0.41968107,0.7540491,0,1,1,0.7540491
ECK_1520,0.106176086,0.05544892,0,0,0,0.106176086
ECK_1521,0.060719263,0.17822091,0,0,0,0.17822091
ECK_1522,0.02267599,0.09676743,0,0,0,0.09676743
ECK_1523,0.90399635,0.8696413,1,1,1,0.90399635
ECK_1524,0.024244126,0.042284727,0,0,0,0.042284727
ECK_1525,0.009536672,0.03233024,0,0,0,0.03233024
ECK_1526,0.9476686,0.99200845,1,1,1,0.99200845
ECK_1527,0.0005378295,0.118162416,0,0,0,0.118162416
ECK_1528,0.015163471,0.04318364,0,0,0,0.04318364
ECK_1529,0.26183417,0.18648674,0,0,0,0.26183417
ECK_1530,0.003626696,0.0406468,0,0,0,0.0406468
ECK_1531,0.028900668,0.38440847,0,0,0,0.38440847
ECK_1532,0.0059899525,0.5633605,0,1,1,0.5633605
ECK_1533,0.014736455,0.033828415,0,0,0,0.033828415
ECK_1534,0.021808788,0.0026690594,0,0,0,0.021808788
ECK_1535,0.030938553,0.0054173777,0,0,0,0.030938553
ECK_1536,0.40315813,0.15241633,0,0,0,0.40315813
ECK_1537,0.15172991,0.025262713,0,0,0,0.15172991
ECK_1538,0.14194965,0.55829245,0,1,1,0.55829245
ECK_1539,0.94747573,0.9799314,1,1,1,0.9799314
ECK_1540,0.04197163,0.7767835,0,1,1,0.7767835
ECK_1541,0.23902941,0.50769335,0,1,1,0.50769335
ECK_1542,0.47551513,0.71072996,0,1,1,0.71072996
ECK_1543,0.75244164,0.96092254,1,1,1,0.96092254
ECK_1544,0.019894842,0.07541982,0,0,0,0.07541982
ECK_1545,0.018382119,0.060744926,0,0,0,0.060744926
ECK_1546,0.002777983,0.0016167761,0,0,0,0.002777983
ECK_1547,0.008140783,0.026145583,0,0,0,0.026145583
ECK_1548,0.106941715,0.05221941,0,0,0,0.106941715
ECK_1549,0.00544805,0.18517974,0,0,0,0.18517974
ECK_1550,0.0041672136,0.25432366,0,0,0,0.25432366
ECK_1551,0.027916407,0.48617592,0,0,0,0.48617592
ECK_1552,0.79601324,0.55571413,1,1,1,0.79601324
ECK_1553,0.11883638,0.17525864,0,0,0,0.17525864
ECK_1554,0.08472544,0.035502646,0,0,0,0.08472544
ECK_1555,0.14353362,0.8413352,0,1,1,0.8413352
ECK_1556,0.14486785,0.69336313,0,1,1,0.69336313
ECK_1557,0.053509656,0.027012058,0,0,0,0.053509656
ECK_1558,0.11268412,0.16684556,0,0,0,0.16684556
ECK_1559,0.28397545,0.69304293,0,1,1,0.69304293
ECK_1560,0.026553812,0.14747286,0,0,0,0.14747286
ECK_1561,0.6765493,0.1161958,1,0,1,0.6765493
ECK_1562,0.7429332,0.72202766,1,1,1,0.7429332
ECK_1563,0.03320117,0.015919175,0,0,0,0.03320117
ECK_1564,0.07172303,0.43158334,0,0,0,0.43158334
ECK_1565,0.35275912,0.96309704,0,1,1,0.96309704
ECK_1566,0.004369125,0.011146894,0,0,0,0.011146894
ECK_1567,0.4685165,0.5686276,0,1,1,0.5686276
ECK_1568,0.010965042,0.041118328,0,0,0,0.041118328
ECK_1569,0.41729307,0.5974667,0,1,1,0.5974667
ECK_1570,0.0070358096,0.2884481,0,0,0,0.2884481
ECK_1571,0.13225277,0.1937985,0,0,0,0.1937985
ECK_1572,0.2768796,0.15959008,0,0,0,0.2768796
ECK_1573,0.029654698,0.027678974,0,0,0,0.029654698
ECK_1574,0.27091795,0.27945814,0,0,0,0.27945814
ECK_1575,0.15628134,0.07965286,0,0,0,0.15628134
ECK_1576,0.92902994,0.9964541,1,1,1,0.9964541
ECK_1577,0.11631412,0.14156297,0,0,0,0.14156297
ECK_1578,0.015527983,0.06627461,0,0,0,0.06627461
ECK_1579,0.0116032725,0.051804226,0,0,0,0.051804226
ECK_1580,0.8517084,0.97864294,1,1,1,0.97864294
ECK_1581,0.08017908,0.28679347,0,0,0,0.28679347
ECK_1582,0.081420735,0.601031,0,1,1,0.601031
ECK_1583,0.025174981,0.14489394,0,0,0,0.14489394
ECK_1584,0.072311245,0.5074498,0,1,1,0.5074498
ECK_1585,0.116020784,0.5051628,0,1,1,0.5051628
ECK_1586,0.1396157,0.13373582,0,0,0,0.1396157
ECK_1587,0.101855144,0.20058805,0,0,0,0.20058805
ECK_1588,0.044405412,0.035536118,0,0,0,0.044405412
ECK_1589,0.055990662,0.033338852,0,0,0,0.055990662
ECK_1590,0.1544593,0.007023089,0,0,0,0.1544593
ECK_1591,0.032265313,0.30221835,0,0,0,0.30221835
ECK_1592,0.041110236,0.036152087,0,0,0,0.041110236
ECK_1593,0.33289722,0.24847466,0,0,0,0.33289722
ECK_1594,0.03133558,0.38737848,0,0,0,0.38737848
ECK_1595,0.39079812,0.98950547,0,1,1,0.98950547
ECK_1596,0.047883734,0.021322783,0,0,0,0.047883734
ECK_1597,0.07002204,0.012765436,0,0,0,0.07002204
ECK_1598,0.0052182414,0.7449983,0,1,1,0.7449983
ECK_1599,0.14972417,0.83878386,0,1,1,0.83878386
ECK_1600,0.47326586,0.053038098,0,0,0,0.47326586
ECK_1601,0.06314457,0.97354704,0,1,1,0.97354704
ECK_1602,0.04682959,0.2614198,0,0,0,0.2614198
ECK_1603,0.12991945,0.22421823,0,0,0,0.22421823
ECK_1604,0.29951403,0.3769543,0,0,0,0.3769543
ECK_1605,0.045623414,0.02408385,0,0,0,0.045623414
ECK_1606,0.28350076,0.8309465,0,1,1,0.8309465
ECK_1607,0.63056934,0.87040883,1,1,1,0.87040883
ECK_1608,0.08605098,0.015707321,0,0,0,0.08605098
ECK_1609,0.28939822,0.73527485,0,1,1,0.73527485
ECK_1611,0.51273274,0.7283141,1,1,1,0.7283141
ECK_1612,0.05599508,0.1098745,0,0,0,0.1098745
ECK_1613,0.21583052,0.9490696,0,1,1,0.9490696
ECK_1614,0.11015886,0.36888134,0,0,0,0.36888134
ECK_1615,0.15665282,0.90741086,0,1,1,0.90741086
ECK_1616,0.110093065,0.08013123,0,0,0,0.110093065
ECK_1617,0.2864326,0.75055915,0,1,1,0.75055915
ECK_1618,0.02337394,0.043491684,0,0,0,0.043491684
ECK_1619,0.17556746,0.070534594,0,0,0,0.17556746
ECK_1620,0.10863733,0.46044612,0,0,0,0.46044612
ECK_1621,0.22372301,0.83626056,0,1,1,0.83626056
ECK_1622,0.49372983,0.9134538,0,1,1,0.9134538
ECK_1623,0.018232055,0.042790182,0,0,0,0.042790182
ECK_1624,0.57997,0.42652005,1,0,1,0.57997
ECK_1625,0.80530673,0.82380056,1,1,1,0.82380056
ECK_1626,0.015742391,0.1387036,0,0,0,0.1387036
ECK_1627,0.01017179,0.0041810567,0,0,0,0.01017179
ECK_1628,0.5176605,0.05179973,1,0,1,0.5176605
ECK_1629,0.3502237,0.16837277,0,0,0,0.3502237
ECK_1630,0.18709356,0.4981509,0,0,0,0.4981509
ECK_1631,0.02852429,0.1686189,0,0,0,0.1686189
ECK_1632,0.16132508,0.18146057,0,0,0,0.18146057
ECK_1633,0.06902746,0.29360402,0,0,0,0.29360402
ECK_1634,0.08439618,0.15359853,0,0,0,0.15359853
ECK_1635,0.8025341,0.9469368,1,1,1,0.9469368
ECK_1636,0.060331754,0.66771305,0,1,1,0.66771305
ECK_1637,0.018046618,0.66880643,0,1,1,0.66880643
ECK_1638,0.033027902,0.025880916,0,0,0,0.033027902
ECK_1639,0.025161127,0.028593864,0,0,0,0.028593864
ECK_1640,0.027146958,0.35665682,0,0,0,0.35665682
ECK_1641,0.3523137,0.3245771,0,0,0,0.3523137
ECK_1642,0.31988326,0.6757887,0,1,1,0.6757887
ECK_1643,0.0537176,0.21041192,0,0,0,0.21041192
ECK_1644,0.05332726,0.09946313,0,0,0,0.09946313
ECK_1645,0.063254826,0.17420077,0,0,0,0.17420077
ECK_1646,0.008865731,0.030974986,0,0,0,0.030974986
ECK_1647,0.124178745,0.1757905,0,0,0,0.1757905
ECK_1648,0.04594772,0.21033843,0,0,0,0.21033843
ECK_1649,0.41109857,0.67609674,0,1,1,0.67609674
ECK_1650,0.046820402,0.2299052,0,0,0,0.2299052
ECK_1651,0.016434612,0.13492584,0,0,0,0.13492584
ECK_1652,0.15043533,0.852671,0,1,1,0.852671
ECK_1653,0.091403015,0.014284861,0,0,0,0.091403015
ECK_1654,0.41634205,0.5345248,0,1,1,0.5345248
ECK_1655,0.08029288,0.15144369,0,0,0,0.15144369
ECK_1656,0.49490312,0.8059549,0,1,1,0.8059549
ECK_1657,0.09647748,0.1690861,0,0,0,0.1690861
ECK_1658,0.028395414,0.0068037733,0,0,0,0.028395414
ECK_1659,0.036478397,0.19782898,0,0,0,0.19782898
ECK_1660,0.059580423,0.48791355,0,0,0,0.48791355
ECK_1661,0.48249918,0.09163571,0,0,0,0.48249918
ECK_1662,0.0043319524,0.03224054,0,0,0,0.03224054
ECK_1663,0.26622123,0.12030365,0,0,0,0.26622123
ECK_1664,0.12149433,0.08792811,0,0,0,0.12149433
ECK_1665,0.58073676,0.10634407,1,0,1,0.58073676
ECK_1666,0.04820829,0.34327412,0,0,0,0.34327412
ECK_1667,0.9770057,0.9871292,1,1,1,0.9871292
ECK_1668,0.83701235,0.9593385,1,1,1,0.9593385
ECK_1669,0.062356252,0.017709702,0,0,0,0.062356252
ECK_1670,0.91531193,0.9801097,1,1,1,0.9801097
ECK_1671,0.20496105,0.43531978,0,0,0,0.43531978
ECK_1672,0.318262,0.7572405,0,1,1,0.7572405
ECK_1673,0.06679773,0.3723267,0,0,0,0.3723267
ECK_1674,0.82131433,0.965865,1,1,1,0.965865
ECK_1675,0.23220469,0.86706316,0,1,1,0.86706316
ECK_1676,0.7095481,0.7596737,1,1,1,0.7596737
ECK_1677,0.074477226,0.13553679,0,0,0,0.13553679
ECK_1678,0.110028185,0.87905574,0,1,1,0.87905574
ECK_1679,0.25838277,0.91060007,0,1,1,0.91060007
ECK_1681,0.01895577,0.80934054,0,1,1,0.80934054
ECK_1682,0.005787954,0.017469268,0,0,0,0.017469268
ECK_1683,0.5927621,0.8839517,1,1,1,0.8839517
ECK_1684,0.04015817,0.06187032,0,0,0,0.06187032
ECK_1685,0.08387218,0.10036356,0,0,0,0.10036356
ECK_1686,0.03854213,0.04887977,0,0,0,0.04887977
ECK_1687,0.0073976656,0.17351082,0,0,0,0.17351082
ECK_1688,0.08869295,0.060553633,0,0,0,0.08869295
ECK_1689,0.16019678,0.122811615,0,0,0,0.16019678
ECK_1690,0.5014661,0.8670885,1,1,1,0.8670885
ECK_1691,0.4721898,0.86087614,0,1,1,0.86087614
ECK_1692,0.008120702,0.063009955,0,0,0,0.063009955
ECK_1693,0.00675332,0.13192709,0,0,0,0.13192709
ECK_1694,0.16977155,0.03889245,0,0,0,0.16977155
ECK_1695,0.10756414,0.7403185,0,1,1,0.7403185
ECK_1696,0.7945268,0.32167685,1,0,1,0.7945268
ECK_1698,0.2578954,0.34765008,0,0,0,0.34765008
ECK_1699,0.5442495,0.33980122,1,0,1,0.5442495
ECK_1700,0.29149738,0.49235114,0,0,0,0.49235114
ECK_1701,0.62008435,0.050259933,1,0,1,0.62008435
ECK_1702,0.713907,0.87086403,1,1,1,0.87086403
ECK_1703,0.26209134,0.34018376,0,0,0,0.34018376
ECK_1704,0.7971322,0.81910527,1,1,1,0.81910527
ECK_1705,0.10663853,0.57063603,0,1,1,0.57063603
ECK_1706,0.22459565,0.5245172,0,1,1,0.5245172
ECK_1707,0.007907231,0.08581,0,0,0,0.08581
ECK_1708,0.76778775,0.94339466,1,1,1,0.94339466
ECK_1709,0.017749263,0.008764747,0,0,0,0.017749263
ECK_1710,0.56768996,0.980623,1,1,1,0.980623
ECK_1711,0.03807495,0.0029951718,0,0,0,0.03807495
ECK_1712,0.051468596,0.16361375,0,0,0,0.16361375
ECK_1713,0.13674995,0.11600535,0,0,0,0.13674995
ECK_1714,0.0054972433,0.0013193834,0,0,0,0.0054972433
ECK_1715,0.07011716,0.09435014,0,0,0,0.09435014
ECK_1716,0.7841165,0.63964343,1,1,1,0.7841165
ECK_1717,0.35996777,0.9424096,0,1,1,0.9424096
ECK_1718,0.056344405,0.050298415,0,0,0,0.056344405
ECK_1719,0.1877728,0.19447054,0,0,0,0.19447054
ECK_1720,0.6859811,0.15080065,1,0,1,0.6859811
ECK_1721,0.12639916,0.28989983,0,0,0,0.28989983
ECK_1722,0.06131114,0.57896435,0,1,1,0.57896435
ECK_1723,0.40611148,0.7644514,0,1,1,0.7644514
ECK_1724,0.0023060609,0.009541835,0,0,0,0.009541835
ECK_1725,0.025259765,0.05170482,0,0,0,0.05170482
ECK_1726,0.03126346,0.28318337,0,0,0,0.28318337
ECK_1727,0.046264634,0.017517613,0,0,0,0.046264634
ECK_1728,0.01482013,0.2765074,0,0,0,0.2765074
ECK_1729,0.5174271,0.5486493,1,1,1,0.5486493
ECK_1730,0.0033319087,0.09295137,0,0,0,0.09295137
ECK_1731,0.013746102,0.04487622,0,0,0,0.04487622
ECK_1733,0.20257007,0.025756987,0,0,0,0.20257007
ECK_1734,0.65331876,0.7610682,1,1,1,0.7610682
ECK_1735,0.0404674,0.038458925,0,0,0,0.0404674
ECK_1736,0.40983093,0.20176677,0,0,0,0.40983093
ECK_1737,0.071927145,0.8371905,0,1,1,0.8371905
ECK_1738,0.015718257,0.19336481,0,0,0,0.19336481
ECK_1739,0.3732062,0.8891494,0,1,1,0.8891494
ECK_1740,0.015278459,0.34524435,0,0,0,0.34524435
ECK_1741,0.103500254,0.7826675,0,1,1,0.7826675
ECK_1742,0.020510606,0.044521883,0,0,0,0.044521883
ECK_1743,0.009494853,0.034622625,0,0,0,0.034622625
ECK_1744,0.36156315,0.08111258,0,0,0,0.36156315
ECK_1745,0.061292533,0.048608962,0,0,0,0.061292533
ECK_1746,0.027039444,0.027431149,0,0,0,0.027431149
ECK_1747,0.47242507,0.89357895,0,1,1,0.89357895
ECK_1748,0.4463113,0.97556144,0,1,1,0.97556144
ECK_1749,0.09786635,0.22329202,0,0,0,0.22329202
ECK_1750,0.015399075,0.18603534,0,0,0,0.18603534
ECK_1751,0.27767882,0.7549187,0,1,1,0.7549187
ECK_1752,0.009654265,0.14694345,0,0,0,0.14694345
ECK_1754,0.18959397,0.85933226,0,1,1,0.85933226
ECK_1755,0.0486011,0.18311745,0,0,0,0.18311745
ECK_1756,0.08261621,0.56704026,0,1,1,0.56704026
ECK_1757,0.5538483,0.81212604,1,1,1,0.81212604
ECK_1758,0.6776872,0.35149005,1,0,1,0.6776872
ECK_1759,0.0104521755,0.08005796,0,0,0,0.08005796
ECK_1760,0.32338393,0.71386725,0,1,1,0.71386725
ECK_1761,0.0035611892,0.024455803,0,0,0,0.024455803
ECK_1762,0.3733419,0.4333435,0,0,0,0.4333435
ECK_1763,0.16430604,0.33664057,0,0,0,0.33664057
ECK_1764,0.037762307,0.6471794,0,1,1,0.6471794
ECK_1765,0.8486299,0.9603791,1,1,1,0.9603791
ECK_1766,0.06920035,0.119978465,0,0,0,0.119978465
ECK_1767,0.010964664,0.024456305,0,0,0,0.024456305
ECK_1768,0.16725488,0.7178073,0,1,1,0.7178073
ECK_1769,0.72594887,0.95289576,1,1,1,0.95289576
ECK_1770,0.017913586,0.26126897,0,0,0,0.26126897
ECK_1771,0.15799169,0.69026744,0,1,1,0.69026744
ECK_1772,0.73043096,0.45681655,1,0,1,0.73043096
ECK_1773,0.018240007,0.057470378,0,0,0,0.057470378
ECK_1774,0.023953773,0.2682448,0,0,0,0.2682448
ECK_1775,0.0149349645,0.13561735,0,0,0,0.13561735
ECK_1776,0.0631775,0.044504363,0,0,0,0.0631775
ECK_1777,0.08272019,0.8324437,0,1,1,0.8324437
ECK_1778,0.0012727058,0.051462777,0,0,0,0.051462777
ECK_1779,0.7425156,0.55276495,1,1,1,0.7425156
ECK_1780,0.12377304,0.047847528,0,0,0,0.12377304
ECK_1781,0.43163007,0.051931158,0,0,0,0.43163007
ECK_1782,0.008990925,0.009143959,0,0,0,0.009143959
ECK_1783,0.022045542,0.7856781,0,1,1,0.7856781
ECK_1784,0.045233,0.5255445,0,1,1,0.5255445
ECK_1785,0.055079386,0.5262054,0,1,1,0.5262054
ECK_1786,0.021408241,0.22590223,0,0,0,0.22590223
ECK_1787,0.07088212,0.08681319,0,0,0,0.08681319
ECK_1788,0.13135676,0.23630852,0,0,0,0.23630852
ECK_1789,0.13243431,0.22435832,0,0,0,0.22435832
ECK_1790,0.011948741,0.1393833,0,0,0,0.1393833
ECK_1791,0.05759382,0.03936017,0,0,0,0.05759382
ECK_1792,0.04005787,0.022985393,0,0,0,0.04005787
ECK_1793,0.899902,0.8536966,1,1,1,0.899902
ECK_1794,0.015050466,0.009152469,0,0,0,0.015050466
ECK_1795,0.17417547,0.06889355,0,0,0,0.17417547
ECK_1796,0.025896147,0.014186131,0,0,0,0.025896147
ECK_1797,0.055510763,0.22260754,0,0,0,0.22260754
ECK_1798,0.0053205513,0.034170866,0,0,0,0.034170866
ECK_1799,0.0351153,0.3046754,0,0,0,0.3046754
ECK_1800,0.0040679732,0.20872995,0,0,0,0.20872995
ECK_1801,0.074299365,0.014504153,0,0,0,0.074299365
ECK_1802,0.040926535,0.48098922,0,0,0,0.48098922
ECK_1803,0.097838566,0.0417762,0,0,0,0.097838566
ECK_1804,0.006469139,0.07962352,0,0,0,0.07962352
ECK_1805,0.024718702,0.020785328,0,0,0,0.024718702
ECK_1806,0.7244577,0.9754322,1,1,1,0.9754322
ECK_1807,0.016577981,0.4849129,0,0,0,0.4849129
ECK_1808,0.09181336,0.4786201,0,0,0,0.4786201
ECK_1809,0.021366963,0.008742218,0,0,0,0.021366963
ECK_1811,0.026186135,0.31621286,0,0,0,0.31621286
ECK_1812,0.06551311,0.10151409,0,0,0,0.10151409
ECK_1813,0.08775772,0.09304254,0,0,0,0.09304254
ECK_1814,0.22617856,0.4588697,0,0,0,0.4588697
ECK_1815,0.745538,0.8407959,1,1,1,0.8407959
ECK_1816,0.75825864,0.6228245,1,1,1,0.75825864
ECK_1817,0.25694788,0.6105229,0,1,1,0.6105229
ECK_1818,0.009038024,0.20204782,0,0,0,0.20204782
ECK_1819,0.013767399,0.09776988,0,0,0,0.09776988
ECK_1820,0.10530294,0.010534652,0,0,0,0.10530294
ECK_1822,0.076917015,0.18383276,0,0,0,0.18383276
ECK_1823,0.032373305,0.09823738,0,0,0,0.09823738
ECK_1825,0.23113763,0.30296493,0,0,0,0.30296493
ECK_1826,0.21434036,0.6896172,0,1,1,0.6896172
ECK_1827,0.12996514,0.50026023,0,1,1,0.50026023
ECK_1828,0.35886008,0.96913326,0,1,1,0.96913326
ECK_1829,0.009603387,0.0045776237,0,0,0,0.009603387
ECK_1830,0.006956736,0.11059201,0,0,0,0.11059201
ECK_1831,0.15707763,0.77576447,0,1,1,0.77576447
ECK_1832,0.022027092,0.077912666,0,0,0,0.077912666
ECK_1833,0.27476805,0.090907,0,0,0,0.27476805
ECK_1834,0.11218508,0.9181542,0,1,1,0.9181542
ECK_1835,0.49452105,0.09356081,0,0,0,0.49452105
ECK_1836,0.03724957,0.0060642296,0,0,0,0.03724957
ECK_1837,0.005546457,0.08501375,0,0,0,0.08501375
ECK_1838,0.1359114,0.38176084,0,0,0,0.38176084
ECK_1839,0.36567584,0.75928473,0,1,1,0.75928473
ECK_1840,0.94099754,0.98955053,1,1,1,0.98955053
ECK_1841,0.029199181,0.14798164,0,0,0,0.14798164
ECK_1842,0.039594073,0.6260634,0,1,1,0.6260634
ECK_1843,0.07126833,0.7595286,0,1,1,0.7595286
ECK_1844,0.8821758,0.3223077,1,0,1,0.8821758
ECK_1845,0.2879338,0.09545166,0,0,0,0.2879338
ECK_1846,0.01078208,0.47625527,0,0,0,0.47625527
ECK_1847,0.037575167,0.0504405,0,0,0,0.0504405
ECK_1848,0.5345579,0.5772564,1,1,1,0.5772564
ECK_1849,0.0050970754,0.032769505,0,0,0,0.032769505
ECK_1850,0.017939946,0.14578024,0,0,0,0.14578024
ECK_1851,0.009942847,0.008444329,0,0,0,0.009942847
ECK_1852,0.029598664,0.050410055,0,0,0,0.050410055
ECK_1854,0.022293895,0.3033713,0,0,0,0.3033713
ECK_1855,0.01585346,0.012209202,0,0,0,0.01585346
ECK_1857,0.012521038,0.020791262,0,0,0,0.020791262
ECK_1858,0.06316387,0.11932585,0,0,0,0.11932585
ECK_1861,0.30391046,0.56260115,0,1,1,0.56260115
ECK_1862,0.033460498,0.006404947,0,0,0,0.033460498
ECK_1863,0.041618396,0.5245076,0,1,1,0.5245076
ECK_1864,0.051928543,0.24995638,0,0,0,0.24995638
ECK_1865,0.24441901,0.20785256,0,0,0,0.24441901
ECK_1866,0.0073010535,0.07233908,0,0,0,0.07233908
ECK_1867,0.01832827,0.04597677,0,0,0,0.04597677
ECK_1868,0.17726246,0.34776333,0,0,0,0.34776333
ECK_1869,0.05747877,0.8335978,0,1,1,0.8335978
ECK_1870,0.6252519,0.28129977,1,0,1,0.6252519
ECK_1871,0.03075683,0.2532896,0,0,0,0.2532896
ECK_1872,0.7484334,0.45805967,1,0,1,0.7484334
ECK_1873,0.020056138,0.52990776,0,1,1,0.52990776
ECK_1874,0.26381868,0.12432576,0,0,0,0.26381868
ECK_1875,0.20474562,0.9211359,0,1,1,0.9211359
ECK_1876,0.04918479,0.22867681,0,0,0,0.22867681
ECK_1877,0.061319195,0.046009228,0,0,0,0.061319195
ECK_1878,0.14084473,0.8851051,0,1,1,0.8851051
ECK_1879,0.38500372,0.18317617,0,0,0,0.38500372
ECK_1880,0.041859772,0.12550253,0,0,0,0.12550253
ECK_1881,0.0348109,0.036809124,0,0,0,0.036809124
ECK_1882,0.0139765255,0.006971146,0,0,0,0.0139765255
ECK_1883,0.17664917,0.75305134,0,1,1,0.75305134
ECK_1884,0.4945452,0.9248215,0,1,1,0.9248215
ECK_1885,0.054249484,0.04872275,0,0,0,0.054249484
ECK_1886,0.31099853,0.5124869,0,1,1,0.5124869
ECK_1887,0.06425303,0.016222175,0,0,0,0.06425303
ECK_1888,0.516255,0.7018877,1,1,1,0.7018877
ECK_1889,0.086650856,0.6281047,0,1,1,0.6281047
ECK_1890,0.030819789,0.11021613,0,0,0,0.11021613
ECK_1891,0.022698477,0.26806667,0,0,0,0.26806667
ECK_1892,0.10973645,0.48530447,0,0,0,0.48530447
ECK_1893,0.21025167,0.6460792,0,1,1,0.6460792
ECK_1894,0.26746023,0.10568811,0,0,0,0.26746023
ECK_1895,0.006643988,0.16252986,0,0,0,0.16252986
ECK_1896,0.2529329,0.48487303,0,0,0,0.48487303
ECK_1897,0.11214841,0.08815199,0,0,0,0.11214841
ECK_1898,0.37216005,0.7412244,0,1,1,0.7412244
ECK_1899,0.016075721,0.15469427,0,0,0,0.15469427
ECK_1900,0.022058541,0.13365717,0,0,0,0.13365717
ECK_1901,0.039285496,0.043032628,0,0,0,0.043032628
ECK_1903,0.12702882,0.17908801,0,0,0,0.17908801
ECK_1904,0.036150277,0.06970143,0,0,0,0.06970143
ECK_1905,0.024293266,0.004072249,0,0,0,0.024293266
ECK_1906,0.19448127,0.275657,0,0,0,0.275657
ECK_1907,0.2651973,0.1885892,0,0,0,0.2651973
ECK_1908,0.8149772,0.65143067,1,1,1,0.8149772
ECK_1909,0.21575311,0.22090892,0,0,0,0.22090892
ECK_1910,0.019931871,0.78058195,0,1,1,0.78058195
ECK_1911,0.008786199,0.020273805,0,0,0,0.020273805
ECK_1912,0.086387925,0.13784271,0,0,0,0.13784271
ECK_1913,0.05440438,0.1331243,0,0,0,0.1331243
ECK_1914,0.85540134,0.050785735,1,0,1,0.85540134
ECK_1915,0.019124815,0.01197392,0,0,0,0.019124815
ECK_1916,0.028546143,0.35250115,0,0,0,0.35250115
ECK_1917,0.4075729,0.698681,0,1,1,0.698681
ECK_1918,0.019626128,0.5568155,0,1,1,0.5568155
ECK_1919,0.03470816,0.19542171,0,0,0,0.19542171
ECK_1920,0.023430433,0.0046181674,0,0,0,0.023430433
ECK_1921,0.020716049,0.33309463,0,0,0,0.33309463
ECK_1922,0.04988691,0.38346016,0,0,0,0.38346016
ECK_1923,0.08512404,0.72943974,0,1,1,0.72943974
ECK_1924,0.23946632,0.52577055,0,1,1,0.52577055
ECK_1925,0.02645567,0.047789905,0,0,0,0.047789905
ECK_1926,0.48927557,0.19310075,0,0,0,0.48927557
ECK_1927,0.09926097,0.124385014,0,0,0,0.124385014
ECK_1928,0.42337438,0.19428016,0,0,0,0.42337438
ECK_1929,0.010193142,0.028464984,0,0,0,0.028464984
ECK_1930,0.35801095,0.8891561,0,1,1,0.8891561
ECK_1931,0.03966555,0.41767648,0,0,0,0.41767648
ECK_1932,0.41993517,0.25318724,0,0,0,0.41993517
ECK_1933,0.048892178,0.21981253,0,0,0,0.21981253
ECK_1934,0.24940994,0.117077924,0,0,0,0.24940994
ECK_1935,0.011181262,0.009052013,0,0,0,0.011181262
ECK_1936,0.018351147,0.5459363,0,1,1,0.5459363
ECK_1937,0.037066687,0.28333193,0,0,0,0.28333193
ECK_1938,0.100124545,0.2183103,0,0,0,0.2183103
ECK_1939,0.12251679,0.520325,0,1,1,0.520325
ECK_1940,0.2833455,0.7164793,0,1,1,0.7164793
ECK_1941,0.24421588,0.50247645,0,1,1,0.50247645
ECK_1942,0.6317151,0.65002984,1,1,1,0.65002984
ECK_1943,0.001376813,0.014593711,0,0,0,0.014593711
ECK_1944,0.4770242,0.5248308,0,1,1,0.5248308
ECK_1945,0.036419924,0.25536737,0,0,0,0.25536737
ECK_1946,0.0035007729,0.011640337,0,0,0,0.011640337
ECK_1947,0.018008698,0.060046036,0,0,0,0.060046036
ECK_1948,0.07249081,0.050294884,0,0,0,0.07249081
ECK_1949,0.06426237,0.382946,0,0,0,0.382946
ECK_1950,0.015236432,0.1128165,0,0,0,0.1128165
ECK_1951,0.6798078,0.5383341,1,1,1,0.6798078
ECK_1952,0.018374149,0.027241707,0,0,0,0.027241707
ECK_1953,0.6520506,0.15187003,1,0,1,0.6520506
ECK_1954,0.011985727,0.0030449864,0,0,0,0.011985727
ECK_1955,0.021463323,0.06740653,0,0,0,0.06740653
ECK_1956,0.32768202,0.30685136,0,0,0,0.32768202
ECK_1957,0.025420172,0.039844915,0,0,0,0.039844915
ECK_1958,0.98757565,0.97012436,1,1,1,0.98757565
ECK_1959,0.19267124,0.10025946,0,0,0,0.19267124
ECK_1960,0.056373928,0.054741926,0,0,0,0.056373928
ECK_1961,0.0037867166,0.016574863,0,0,0,0.016574863
ECK_1962,0.13047081,0.04942043,0,0,0,0.13047081
ECK_1963,0.0177338,0.020284131,0,0,0,0.020284131
ECK_1964,0.2987212,0.8425772,0,1,1,0.8425772
ECK_1966,0.16328946,0.09634624,0,0,0,0.16328946
ECK_1967,0.11157227,0.3621999,0,0,0,0.3621999
ECK_1968,0.066485435,0.1555311,0,0,0,0.1555311
ECK_1969,0.34892344,0.019628353,0,0,0,0.34892344
ECK_1970,0.005568206,0.021249168,0,0,0,0.021249168
ECK_1971,0.012317726,0.08128642,0,0,0,0.08128642
ECK_1972,0.0151869375,0.25334743,0,0,0,0.25334743
ECK_1973,0.464628,0.08595646,0,0,0,0.464628
ECK_1974,0.05905487,0.49900985,0,0,0,0.49900985
ECK_1975,0.296086,0.17677967,0,0,0,0.296086
ECK_1976,0.3566696,0.7773027,0,1,1,0.7773027
ECK_1977,0.032163456,0.29942763,0,0,0,0.29942763
ECK_1978,0.0030081316,0.023080284,0,0,0,0.023080284
ECK_1979,0.12860791,0.09857844,0,0,0,0.12860791
ECK_1981,0.12544794,0.78564054,0,1,1,0.78564054
ECK_1982,0.0039023275,0.061704896,0,0,0,0.061704896
ECK_1983,0.11143431,0.98431754,0,1,1,0.98431754
ECK_1984,0.0929765,0.0070380094,0,0,0,0.0929765
ECK_1985,0.102463186,0.08079735,0,0,0,0.102463186
ECK_1986,0.10846837,0.21728839,0,0,0,0.21728839
ECK_1987,0.15293989,0.022205396,0,0,0,0.15293989
ECK_1988,0.06620632,0.30282864,0,0,0,0.30282864
ECK_1989,0.04750281,0.055493776,0,0,0,0.055493776
ECK_1990,0.121769905,0.51374763,0,1,1,0.51374763
ECK_1991,0.90284514,0.913956,1,1,1,0.913956
ECK_1992,0.07896545,0.8737472,0,1,1,0.8737472
ECK_1993,0.069585845,0.95060974,0,1,1,0.95060974
ECK_1994,0.1278872,0.61436695,0,1,1,0.61436695
ECK_1995,0.9880234,0.96347636,1,1,1,0.9880234
ECK_1996,0.25387287,0.4778509,0,0,0,0.4778509
ECK_1997,0.0026976268,0.42800888,0,0,0,0.42800888
ECK_1998,0.022886166,0.0835281,0,0,0,0.0835281
ECK_1999,0.010715532,0.0060542184,0,0,0,0.010715532
ECK_2000,0.009035258,0.31159198,0,0,0,0.31159198
ECK_2001,0.008800259,0.034104817,0,0,0,0.034104817
ECK_2002,0.008648559,0.080697834,0,0,0,0.080697834
ECK_2003,0.1548175,0.7581161,0,1,1,0.7581161
ECK_2004,0.03809671,0.122505195,0,0,0,0.122505195
ECK_2005,0.0674647,0.03851476,0,0,0,0.0674647
ECK_2006,0.11975864,0.08928655,0,0,0,0.11975864
ECK_2007,0.078310594,0.102939434,0,0,0,0.102939434
ECK_2008,0.008989582,0.110406555,0,0,0,0.110406555
ECK_2009,0.093899064,0.052647498,0,0,0,0.093899064
ECK_2010,0.00908721,0.01040775,0,0,0,0.01040775
ECK_2011,0.12997104,0.1116119,0,0,0,0.12997104
ECK_2012,0.02650807,0.12798885,0,0,0,0.12798885
ECK_2014,0.6623835,0.7349139,1,1,1,0.7349139
ECK_2015,0.272931,0.052738365,0,0,0,0.272931
ECK_2016,0.08256846,0.08581647,0,0,0,0.08581647
ECK_2017,0.03999863,0.21260555,0,0,0,0.21260555
ECK_2018,0.0023313386,0.08211922,0,0,0,0.08211922
ECK_2019,0.025661616,0.10374563,0,0,0,0.10374563
ECK_2020,0.153973,0.052777223,0,0,0,0.153973
ECK_2021,0.1770103,0.3243996,0,0,0,0.3243996
ECK_2022,0.05722502,0.015882017,0,0,0,0.05722502
ECK_2023,0.0064315298,0.033651747,0,0,0,0.033651747
ECK_2024,0.05170762,0.07925553,0,0,0,0.07925553
ECK_2025,0.8012969,0.5744771,1,1,1,0.8012969
ECK_2026,0.016477631,0.04047465,0,0,0,0.04047465
ECK_2027,0.22633573,0.92017287,0,1,1,0.92017287
ECK_2028,0.35380214,0.74266285,0,1,1,0.74266285
ECK_2029,0.007595777,0.0071907747,0,0,0,0.007595777
ECK_2030,0.2039691,0.3040128,0,0,0,0.3040128
ECK_2031,0.072948985,0.04812397,0,0,0,0.072948985
ECK_2032,0.13577077,0.7513165,0,1,1,0.7513165
ECK_2033,0.66259116,0.45217296,1,0,1,0.66259116
ECK_2034,0.09448137,0.054761965,0,0,0,0.09448137
ECK_2035,0.007896492,0.11130567,0,0,0,0.11130567
ECK_2036,0.18262917,0.07975566,0,0,0,0.18262917
ECK_2037,0.2702107,0.789498,0,1,1,0.789498
ECK_2038,0.0034261374,0.009130666,0,0,0,0.009130666
ECK_2039,0.028424872,0.30281872,0,0,0,0.30281872
ECK_2040,0.010874601,0.0043111043,0,0,0,0.010874601
ECK_2041,0.7352268,0.40040618,1,0,1,0.7352268
ECK_2042,0.028142806,0.025429383,0,0,0,0.028142806
ECK_2043,0.005295481,0.03410966,0,0,0,0.03410966
ECK_2044,0.19921057,0.06597452,0,0,0,0.19921057
ECK_2045,0.3952051,0.27107567,0,0,0,0.3952051
ECK_2046,0.02277665,0.038769618,0,0,0,0.038769618
ECK_2047,0.01291958,0.34790823,0,0,0,0.34790823
ECK_2048,0.42037365,0.59232265,0,1,1,0.59232265
ECK_2049,0.43991828,0.22603098,0,0,0,0.43991828
ECK_2050,0.012628766,0.029918004,0,0,0,0.029918004
ECK_2051,0.26309025,0.25382802,0,0,0,0.26309025
ECK_2052,0.017059311,0.044772502,0,0,0,0.044772502
ECK_2053,0.4986784,0.8565361,0,1,1,0.8565361
ECK_2054,0.23585655,0.15229417,0,0,0,0.23585655
ECK_2055,0.032180496,0.36650783,0,0,0,0.36650783
ECK_2056,0.034642216,0.5020052,0,1,1,0.5020052
ECK_2057,0.02559698,0.15836045,0,0,0,0.15836045
ECK_2058,0.36550847,0.5406002,0,1,1,0.5406002
ECK_2059,0.4021868,0.64432544,0,1,1,0.64432544
ECK_2060,0.009002314,0.03726491,0,0,0,0.03726491
ECK_2061,0.27905083,0.18821602,0,0,0,0.27905083
ECK_2062,0.089631796,0.031306755,0,0,0,0.089631796
ECK_2063,0.42924702,0.31075794,0,0,0,0.42924702
ECK_2064,0.014232082,0.9602006,0,1,1,0.9602006
ECK_2065,0.092805065,0.13196777,0,0,0,0.13196777
ECK_2066,0.012410599,0.1250327,0,0,0,0.1250327
ECK_2067,0.011439512,0.054926645,0,0,0,0.054926645
ECK_2068,0.037271626,0.70891774,0,1,1,0.70891774
ECK_2069,0.42715046,0.85866094,0,1,1,0.85866094
ECK_2070,0.8946001,0.7453537,1,1,1,0.8946001
ECK_2071,0.11086582,0.46696916,0,0,0,0.46696916
ECK_2072,0.04549307,0.38984385,0,0,0,0.38984385
ECK_2073,0.021602252,0.16685067,0,0,0,0.16685067
ECK_2074,0.39322588,0.63657707,0,1,1,0.63657707
ECK_2075,0.004849819,0.0016529291,0,0,0,0.004849819
ECK_2076,0.4003661,0.4856838,0,0,0,0.4856838
ECK_2078,0.028535513,0.022543224,0,0,0,0.028535513
ECK_2079,0.0136441495,0.026414964,0,0,0,0.026414964
ECK_2080,0.06472227,0.17822559,0,0,0,0.17822559
ECK_2081,0.06632494,0.08624959,0,0,0,0.08624959
ECK_2082,0.0148471175,0.16201738,0,0,0,0.16201738
ECK_2083,0.019428603,0.026073795,0,0,0,0.026073795
ECK_2084,0.041776486,0.22062862,0,0,0,0.22062862
ECK_2085,0.060972102,0.340646,0,0,0,0.340646
ECK_2086,0.20595394,0.98074704,0,1,1,0.98074704
ECK_2087,0.005185603,0.22961923,0,0,0,0.22961923
ECK_2088,0.018404584,0.10623531,0,0,0,0.10623531
ECK_2089,0.057422213,0.18925098,0,0,0,0.18925098
ECK_2090,0.074229784,0.20111147,0,0,0,0.20111147
ECK_2091,0.015496357,0.03370544,0,0,0,0.03370544
ECK_2092,0.2575887,0.35276702,0,0,0,0.35276702
ECK_2093,0.83037347,0.26960918,1,0,1,0.83037347
ECK_2094,0.18256389,0.54127204,0,1,1,0.54127204
ECK_2095,0.14217915,0.63422346,0,1,1,0.63422346
ECK_2096,0.31458554,0.6864112,0,1,1,0.6864112
ECK_2097,0.985158,0.98392594,1,1,1,0.985158
ECK_2099,0.0748854,0.4404933,0,0,0,0.4404933
ECK_2100,0.045749452,0.021484606,0,0,0,0.045749452
ECK_2101,0.07151288,0.7438226,0,1,1,0.7438226
ECK_2102,0.06535284,0.10689314,0,0,0,0.10689314
ECK_2104,0.6133808,0.63025,1,1,1,0.63025
ECK_2105,0.007853477,0.18889463,0,0,0,0.18889463
ECK_2106,0.052043885,0.33630356,0,0,0,0.33630356
ECK_2107,0.96191555,0.99320906,1,1,1,0.99320906
ECK_2108,0.027658937,0.24736619,0,0,0,0.24736619
ECK_2109,0.0031779793,0.01343547,0,0,0,0.01343547
ECK_2110,0.030456603,0.3244715,0,0,0,0.3244715
ECK_2111,0.037356086,0.37750605,0,0,0,0.37750605
ECK_2112,0.4273263,0.3207734,0,0,0,0.4273263
ECK_2113,0.012024429,0.026631491,0,0,0,0.026631491
ECK_2114,0.3909094,0.2656019,0,0,0,0.3909094
ECK_2115,0.5736405,0.31942764,1,0,1,0.5736405
ECK_2116,0.053094342,0.4086037,0,0,0,0.4086037
ECK_2117,0.6019915,0.99485743,1,1,1,0.99485743
ECK_2118,0.011450323,0.03845713,0,0,0,0.03845713
ECK_2119,0.7751284,0.989292,1,1,1,0.989292
ECK_2120,0.39449796,0.5227302,0,1,1,0.5227302
ECK_2121,0.114237875,0.31659728,0,0,0,0.31659728
ECK_2122,0.9062785,0.12366995,1,0,1,0.9062785
ECK_2123,0.42260045,0.4948849,0,0,0,0.4948849
ECK_2124,0.062069137,0.15194374,0,0,0,0.15194374
ECK_2125,0.16985334,0.73721856,0,1,1,0.73721856
ECK_2126,0.02253933,0.5225235,0,1,1,0.5225235
ECK_2127,0.0026987854,0.01661202,0,0,0,0.01661202
ECK_2128,0.004854627,0.018007867,0,0,0,0.018007867
ECK_2129,0.54077095,0.94973505,1,1,1,0.94973505
ECK_2130,0.044981893,0.19313791,0,0,0,0.19313791
ECK_2131,0.11843376,0.21231255,0,0,0,0.21231255
ECK_2132,0.1480974,0.30606428,0,0,0,0.30606428
ECK_2133,0.37566423,0.76572084,0,1,1,0.76572084
ECK_2134,0.01784263,0.49728274,0,0,0,0.49728274
ECK_2135,0.66603446,0.8682419,1,1,1,0.8682419
ECK_2136,0.12963851,0.78392255,0,1,1,0.78392255
ECK_2137,0.6685765,0.95667243,1,1,1,0.95667243
ECK_2138,0.051465143,0.78004086,0,1,1,0.78004086
ECK_2139,0.3109226,0.23063336,0,0,0,0.3109226
ECK_2140,0.011715916,0.08464213,0,0,0,0.08464213
ECK_2141,0.009515508,0.01491109,0,0,0,0.01491109
ECK_2142,0.8148155,0.48292533,1,0,1,0.8148155
ECK_2144,0.027625456,0.0051927073,0,0,0,0.027625456
ECK_2145,0.086406514,0.1646752,0,0,0,0.1646752
ECK_2146,0.035013102,0.05738886,0,0,0,0.05738886
ECK_2147,0.8587902,0.79555726,1,1,1,0.8587902
ECK_2148,0.24400611,0.10905758,0,0,0,0.24400611
ECK_2149,0.26223093,0.0996373,0,0,0,0.26223093
ECK_2150,0.038266156,0.036970712,0,0,0,0.038266156
ECK_2151,0.012127749,0.09839954,0,0,0,0.09839954
ECK_2152,0.24193645,0.40353376,0,0,0,0.40353376
ECK_2153,0.23040132,0.70997846,0,1,1,0.70997846
ECK_2154,0.020853408,0.05845849,0,0,0,0.05845849
ECK_2155,0.032938298,0.44371068,0,0,0,0.44371068
ECK_2156,0.86762905,0.880901,1,1,1,0.880901
ECK_2157,0.0091712475,0.03901701,0,0,0,0.03901701
ECK_2158,0.28820214,0.62955725,0,1,1,0.62955725
ECK_2159,0.011711638,0.030550165,0,0,0,0.030550165
ECK_2160,0.21912801,0.37913516,0,0,0,0.37913516
ECK_2161,0.0057944283,0.19780175,0,0,0,0.19780175
ECK_2162,0.012105272,0.26409444,0,0,0,0.26409444
ECK_2163,0.7426167,0.9619106,1,1,1,0.9619106
ECK_2164,0.010467037,0.61184293,0,1,1,0.61184293
ECK_2165,0.118564166,0.2683917,0,0,0,0.2683917
ECK_2166,0.05045794,0.8903537,0,1,1,0.8903537
ECK_2167,0.159823,0.122599155,0,0,0,0.159823
ECK_2168,0.65961236,0.37638816,1,0,1,0.65961236
ECK_2169,0.6188255,0.1696262,1,0,1,0.6188255
ECK_2170,0.01930355,0.03756461,0,0,0,0.03756461
ECK_2171,0.10421456,0.09850465,0,0,0,0.10421456
ECK_2172,0.12454814,0.29650256,0,0,0,0.29650256
ECK_2173,0.041511003,0.08306828,0,0,0,0.08306828
ECK_2174,0.00610432,0.009635749,0,0,0,0.009635749
ECK_2175,0.0057491562,0.7715018,0,1,1,0.7715018
ECK_2176,0.13172494,0.5192837,0,1,1,0.5192837
ECK_2177,0.022561833,0.042987928,0,0,0,0.042987928
ECK_2178,0.022991162,0.013926056,0,0,0,0.022991162
ECK_2179,0.69081736,0.56450254,1,1,1,0.69081736
ECK_2180,0.0067066266,0.10919069,0,0,0,0.10919069
ECK_2182,0.0017382005,0.012024073,0,0,0,0.012024073
ECK_2183,0.009976249,0.6419897,0,1,1,0.6419897
ECK_2184,0.0158332,0.69020283,0,1,1,0.69020283
ECK_2185,0.15966603,0.13221002,0,0,0,0.15966603
ECK_2186,0.057929404,0.46408576,0,0,0,0.46408576
ECK_2187,0.029096464,0.00086309446,0,0,0,0.029096464
ECK_2188,0.097699024,0.4352651,0,0,0,0.4352651
ECK_2189,0.0026642226,0.013561773,0,0,0,0.013561773
ECK_2190,0.18963109,0.1294165,0,0,0,0.18963109
ECK_2191,0.010005425,0.007524022,0,0,0,0.010005425
ECK_2192,0.012952146,0.6312099,0,1,1,0.6312099
ECK_2193,0.038154773,0.10731134,0,0,0,0.10731134
ECK_2194,0.16371435,0.46013436,0,0,0,0.46013436
ECK_2195,0.1448704,0.03214291,0,0,0,0.1448704
ECK_2196,0.01493578,0.022820525,0,0,0,0.022820525
ECK_2197,0.021818215,0.3181391,0,0,0,0.3181391
ECK_2198,0.041751467,0.1289409,0,0,0,0.1289409
ECK_2199,0.2780928,0.9841526,0,1,1,0.9841526
ECK_2200,0.37797576,0.91126066,0,1,1,0.91126066
ECK_2201,0.22595558,0.042066693,0,0,0,0.22595558
ECK_2202,0.08097703,0.11563009,0,0,0,0.11563009
ECK_2203,0.021649333,0.010990155,0,0,0,0.021649333
ECK_2204,0.004820293,0.026383046,0,0,0,0.026383046
ECK_2205,0.20591685,0.7123006,0,1,1,0.7123006
ECK_2206,0.0074867825,0.012374509,0,0,0,0.012374509
ECK_2207,0.022906387,0.48179477,0,0,0,0.48179477
ECK_2208,0.007473076,0.047173128,0,0,0,0.047173128
ECK_2209,0.49096912,0.661395,0,1,1,0.661395
ECK_2210,0.28051782,0.52394867,0,1,1,0.52394867
ECK_2211,0.14471653,0.43019986,0,0,0,0.43019986
ECK_2213,0.007913619,0.87365425,0,1,1,0.87365425
ECK_2214,0.82620174,0.85010445,1,1,1,0.85010445
ECK_2215,0.054789692,0.027883193,0,0,0,0.054789692
ECK_2216,0.6301044,0.7561457,1,1,1,0.7561457
ECK_2217,0.015455252,0.15347032,0,0,0,0.15347032
ECK_2218,0.02213422,0.11190141,0,0,0,0.11190141
ECK_2219,0.045106623,0.5530649,0,1,1,0.5530649
ECK_2221,0.09285449,0.25009972,0,0,0,0.25009972
ECK_2222,0.012512592,0.2479853,0,0,0,0.2479853
ECK_2223,0.010303826,0.010396642,0,0,0,0.010396642
ECK_2224,0.02546768,0.9447,0,1,1,0.9447
ECK_2225,0.014571079,0.5779862,0,1,1,0.5779862
ECK_2227,0.056023054,0.43739218,0,0,0,0.43739218
ECK_2229,0.06540517,0.20298389,0,0,0,0.20298389
ECK_2230,0.039759636,0.08487915,0,0,0,0.08487915
ECK_2231,0.13212357,0.34952402,0,0,0,0.34952402
ECK_2232,0.0027409198,0.010779309,0,0,0,0.010779309
ECK_2233,0.021016134,0.10952367,0,0,0,0.10952367
ECK_2234,0.060863253,0.08257296,0,0,0,0.08257296
ECK_2235,0.15999947,0.22990914,0,0,0,0.22990914
ECK_2236,0.596246,0.863616,1,1,1,0.863616
ECK_2237,0.006379713,0.26153103,0,0,0,0.26153103
ECK_2238,0.15255149,0.4819875,0,0,0,0.4819875
ECK_2239,0.21769781,0.47510114,0,0,0,0.47510114
ECK_2240,0.16610602,0.04458943,0,0,0,0.16610602
ECK_2241,0.066563785,0.18061565,0,0,0,0.18061565
ECK_2242,0.03089366,0.016209302,0,0,0,0.03089366
ECK_2243,0.19502324,0.5961201,0,1,1,0.5961201
ECK_2244,0.019103985,0.11298541,0,0,0,0.11298541
ECK_2245,0.02672,0.3082214,0,0,0,0.3082214
ECK_2246,0.016499933,0.45903623,0,0,0,0.45903623
ECK_2247,0.00837957,0.11610182,0,0,0,0.11610182
ECK_2248,0.072175406,0.2728663,0,0,0,0.2728663
ECK_2249,0.027929809,0.02747039,0,0,0,0.027929809
ECK_2252,0.35409257,0.5428313,0,1,1,0.5428313
ECK_2253,0.10762737,0.3446196,0,0,0,0.3446196
ECK_2254,0.058404777,0.068108045,0,0,0,0.068108045
ECK_2255,0.1644927,0.65846187,0,1,1,0.65846187
ECK_2256,0.0010894005,0.005946893,0,0,0,0.005946893
ECK_2257,0.004587072,0.0024136673,0,0,0,0.004587072
ECK_2258,0.04046194,0.05311564,0,0,0,0.05311564
ECK_2259,0.2351123,0.6974152,0,1,1,0.6974152
ECK_2260,0.2869682,0.856493,0,1,1,0.856493
ECK_2261,0.16034065,0.16845192,0,0,0,0.16845192
ECK_2262,0.1056586,0.020296216,0,0,0,0.1056586
ECK_2263,0.021169417,0.03484425,0,0,0,0.03484425
ECK_2264,0.08485939,0.2481017,0,0,0,0.2481017
ECK_2265,0.07234358,0.818912,0,1,1,0.818912
ECK_2266,0.3105693,0.7541093,0,1,1,0.7541093
ECK_2267,0.05595862,0.008252676,0,0,0,0.05595862
ECK_2268,0.62225175,0.941881,1,1,1,0.941881
ECK_2269,0.016871072,0.17007004,0,0,0,0.17007004
ECK_2270,0.031142542,0.0042610746,0,0,0,0.031142542
ECK_2271,0.23729202,0.24453971,0,0,0,0.24453971
ECK_2272,0.020312507,0.12809893,0,0,0,0.12809893
ECK_2273,0.038411126,0.2012462,0,0,0,0.2012462
ECK_2274,0.119765155,0.032616965,0,0,0,0.119765155
ECK_2275,0.9761712,0.9770055,1,1,1,0.9770055
ECK_2276,0.034631312,0.014328846,0,0,0,0.034631312
ECK_2277,0.18103436,0.52092654,0,1,1,0.52092654
ECK_2278,0.3924416,0.4450764,0,0,0,0.4450764
ECK_2279,0.5944892,0.44077957,1,0,1,0.5944892
ECK_2280,0.22628276,0.053006005,0,0,0,0.22628276
ECK_2282,0.016031608,0.1826107,0,0,0,0.1826107
ECK_2283,0.050384115,0.43836987,0,0,0,0.43836987
ECK_2284,0.34756207,0.6739262,0,1,1,0.6739262
ECK_2285,0.014156027,0.009873248,0,0,0,0.014156027
ECK_2286,0.08149998,0.18715145,0,0,0,0.18715145
ECK_2287,0.103348516,0.30536246,0,0,0,0.30536246
ECK_2288,0.012332662,0.042644933,0,0,0,0.042644933
ECK_2289,0.8271289,0.81947464,1,1,1,0.8271289
ECK_2290,0.26225924,0.26299617,0,0,0,0.26299617
ECK_2291,0.20345888,0.34326604,0,0,0,0.34326604
ECK_2292,0.009513513,0.023921592,0,0,0,0.023921592
ECK_2293,0.04262464,0.7970135,0,1,1,0.7970135
ECK_2294,0.19216347,0.7759183,0,1,1,0.7759183
ECK_2295,0.0033063781,0.09069767,0,0,0,0.09069767
ECK_2296,0.3757419,0.18256155,0,0,0,0.3757419
ECK_2297,0.07451441,0.11988409,0,0,0,0.11988409
ECK_2299,0.0035926432,0.042236883,0,0,0,0.042236883
ECK_2300,0.19607006,0.5779284,0,1,1,0.5779284
ECK_2301,0.08193501,0.16334307,0,0,0,0.16334307
ECK_2302,0.39287907,0.37850773,0,0,0,0.39287907
ECK_2303,0.11155014,0.3114005,0,0,0,0.3114005
ECK_2304,0.54035985,0.87344176,1,1,1,0.87344176
ECK_2305,0.05001757,0.07749775,0,0,0,0.07749775
ECK_2306,0.02128782,0.35093957,0,0,0,0.35093957
ECK_2307,0.19930793,0.6731185,0,1,1,0.6731185
ECK_2308,0.05418839,0.08625609,0,0,0,0.08625609
ECK_2309,0.0123107545,0.004143352,0,0,0,0.0123107545
ECK_2310,0.07767798,0.48726007,0,0,0,0.48726007
ECK_2311,0.021886865,0.05807411,0,0,0,0.05807411
ECK_2312,0.25883114,0.19907098,0,0,0,0.25883114
ECK_2313,0.9212525,0.9804704,1,1,1,0.9804704
ECK_2314,0.09437668,0.92393357,0,1,1,0.92393357
ECK_2315,0.81539613,0.8662116,1,1,1,0.8662116
ECK_2316,0.04359348,0.047166333,0,0,0,0.047166333
ECK_2317,0.9296119,0.7479844,1,1,1,0.9296119
ECK_2318,0.08900319,0.103364944,0,0,0,0.103364944
ECK_2319,0.4668785,0.96211594,0,1,1,0.96211594
ECK_2320,0.08215884,0.03161112,0,0,0,0.08215884
ECK_2321,0.34030694,0.17933041,0,0,0,0.34030694
ECK_2322,0.030693999,0.08984797,0,0,0,0.08984797
ECK_2323,0.03228635,0.572951,0,1,1,0.572951
ECK_2324,0.08737232,0.51823163,0,1,1,0.51823163
ECK_2325,0.18165019,0.31385314,0,0,0,0.31385314
ECK_2326,0.0021321685,0.012882787,0,0,0,0.012882787
ECK_2327,0.25057876,0.18727873,0,0,0,0.25057876
ECK_2328,0.046443783,0.087814905,0,0,0,0.087814905
ECK_2329,0.0029151067,0.005428712,0,0,0,0.005428712
ECK_2330,0.030387761,0.5403525,0,1,1,0.5403525
ECK_2331,0.22178501,0.11003207,0,0,0,0.22178501
ECK_2332,0.10774624,0.51349556,0,1,1,0.51349556
ECK_2333,0.017080313,0.07586691,0,0,0,0.07586691
ECK_2334,0.09150491,0.18176772,0,0,0,0.18176772
ECK_2336,0.046290893,0.10421332,0,0,0,0.10421332
ECK_2337,0.26810065,0.69453245,0,1,1,0.69453245
ECK_2338,0.19869846,0.79314494,0,1,1,0.79314494
ECK_2339,0.18656191,0.24425995,0,0,0,0.24425995
ECK_2340,0.20306341,0.056637112,0,0,0,0.20306341
ECK_2341,0.01933695,0.04630125,0,0,0,0.04630125
ECK_2342,0.008172141,0.0047863005,0,0,0,0.008172141
ECK_2343,0.42941445,0.37389445,0,0,0,0.42941445
ECK_2344,0.08205665,0.20744403,0,0,0,0.20744403
ECK_2345,0.12379154,0.25233442,0,0,0,0.25233442
ECK_2346,0.017378872,0.39827344,0,0,0,0.39827344
ECK_2347,0.17662263,0.47462943,0,0,0,0.47462943
ECK_2348,0.25752535,0.07395668,0,0,0,0.25752535
ECK_2349,0.10262167,0.26335695,0,0,0,0.26335695
ECK_2350,0.015922686,0.01648567,0,0,0,0.01648567
ECK_2351,0.025985023,0.103460275,0,0,0,0.103460275
ECK_2352,0.07194457,0.29118928,0,0,0,0.29118928
ECK_2353,0.19057176,0.5910817,0,1,1,0.5910817
ECK_2354,0.024452005,0.014866763,0,0,0,0.024452005
ECK_2355,0.003099003,0.07031262,0,0,0,0.07031262
ECK_2356,0.029674806,0.050415996,0,0,0,0.050415996
ECK_2357,0.057734776,0.050612703,0,0,0,0.057734776
ECK_2358,0.010303743,0.0775902,0,0,0,0.0775902
ECK_2359,0.7648462,0.23929796,1,0,1,0.7648462
ECK_2360,0.017919216,0.017092543,0,0,0,0.017919216
ECK_2361,0.2724389,0.74698114,0,1,1,0.74698114
ECK_2362,0.41339183,0.75344014,0,1,1,0.75344014
ECK_2363,0.5158173,0.86758626,1,1,1,0.86758626
ECK_2364,0.12885858,0.5105856,0,1,1,0.5105856
ECK_2365,0.1047765,0.21808186,0,0,0,0.21808186
ECK_2366,0.16771671,0.6048516,0,1,1,0.6048516
ECK_2367,0.1400612,0.1370048,0,0,0,0.1400612
ECK_2368,0.6890353,0.9201287,1,1,1,0.9201287
ECK_2369,0.0133700855,0.2097603,0,0,0,0.2097603
ECK_2370,0.025603866,0.25572607,0,0,0,0.25572607
ECK_2371,0.041906368,0.70459443,0,1,1,0.70459443
ECK_2372,0.058213588,0.1500348,0,0,0,0.1500348
ECK_2373,0.9452659,0.97484165,1,1,1,0.97484165
ECK_2374,0.1025899,0.5652039,0,1,1,0.5652039
ECK_2375,0.44607157,0.84258425,0,1,1,0.84258425
ECK_2376,0.12813173,0.09142869,0,0,0,0.12813173
ECK_2377,0.054153677,0.023147361,0,0,0,0.054153677
ECK_2378,0.07882788,0.060997654,0,0,0,0.07882788
ECK_2379,0.023416808,0.031990808,0,0,0,0.031990808
ECK_2380,0.032139774,0.23051822,0,0,0,0.23051822
ECK_2382,0.0069624274,0.022948885,0,0,0,0.022948885
ECK_2383,0.6485076,0.61663586,1,1,1,0.6485076
ECK_2384,0.27841955,0.12826712,0,0,0,0.27841955
ECK_2385,0.33898136,0.67664665,0,1,1,0.67664665
ECK_2386,0.089147836,0.06549921,0,0,0,0.089147836
ECK_2387,0.12988858,0.10471528,0,0,0,0.12988858
ECK_2388,0.2501256,0.9356992,0,1,1,0.9356992
ECK_2389,0.13529266,0.3487493,0,0,0,0.3487493
ECK_2390,0.95945203,0.2630086,1,0,1,0.95945203
ECK_2391,0.03435559,0.042968415,0,0,0,0.042968415
ECK_2392,0.029379778,0.019072235,0,0,0,0.029379778
ECK_2393,0.36780655,0.3324254,0,0,0,0.36780655
ECK_2394,0.25083956,0.53307515,0,1,1,0.53307515
ECK_2395,0.2504344,0.105570965,0,0,0,0.2504344
ECK_2396,0.007569178,0.09506306,0,0,0,0.09506306
ECK_2397,0.21235068,0.37504652,0,0,0,0.37504652
ECK_2398,0.0028059885,0.091464534,0,0,0,0.091464534
ECK_2399,0.7252428,0.49168244,1,0,1,0.7252428
ECK_2400,0.46012497,0.04074449,0,0,0,0.46012497
ECK_2401,0.058096334,0.10256857,0,0,0,0.10256857
ECK_2402,0.6859158,0.77886796,1,1,1,0.77886796
ECK_2403,0.36512545,0.19528633,0,0,0,0.36512545
ECK_2404,0.11295231,0.53242797,0,1,1,0.53242797
ECK_2405,0.40446022,0.7615828,0,1,1,0.7615828
ECK_2406,0.018020606,0.13182414,0,0,0,0.13182414
ECK_2407,0.01661684,0.051264174,0,0,0,0.051264174
ECK_2408,0.2944578,0.71003735,0,1,1,0.71003735
ECK_2409,0.0025794979,0.017016403,0,0,0,0.017016403
ECK_2410,0.14910886,0.4774661,0,0,0,0.4774661
ECK_2411,0.50608134,0.07435635,1,0,1,0.50608134
ECK_2412,0.0102901505,0.052333124,0,0,0,0.052333124
ECK_2413,0.52646285,0.83593893,1,1,1,0.83593893
ECK_2414,0.01450915,0.058638282,0,0,0,0.058638282
ECK_2415,0.17154506,0.3041754,0,0,0,0.3041754
ECK_2416,0.019508323,0.017930925,0,0,0,0.019508323
ECK_2417,0.020296594,0.07501718,0,0,0,0.07501718
ECK_2418,0.7274286,0.30596763,1,0,1,0.7274286
ECK_2419,0.18340614,0.06756971,0,0,0,0.18340614
ECK_2420,0.011176793,0.11331555,0,0,0,0.11331555
ECK_2421,0.08074168,0.3304448,0,0,0,0.3304448
ECK_2422,0.42221734,0.17260729,0,0,0,0.42221734
ECK_2423,0.1556604,0.15438241,0,0,0,0.1556604
ECK_2424,0.027022926,0.019042466,0,0,0,0.027022926
ECK_2425,0.43402734,0.8430222,0,1,1,0.8430222
ECK_2426,0.20062408,0.18965726,0,0,0,0.20062408
ECK_2427,0.100433454,0.23973079,0,0,0,0.23973079
ECK_2428,0.05411113,0.8340441,0,1,1,0.8340441
ECK_2429,0.060905512,0.12841928,0,0,0,0.12841928
ECK_2430,0.090392575,0.08413854,0,0,0,0.090392575
ECK_2431,0.026046153,0.07468348,0,0,0,0.07468348
ECK_2432,0.0043433965,0.20628335,0,0,0,0.20628335
ECK_2433,0.0029296512,0.0033234733,0,0,0,0.0033234733
ECK_2434,0.073154844,0.023081295,0,0,0,0.073154844
ECK_2435,0.83425987,0.7452504,1,1,1,0.83425987
ECK_2436,0.14646994,0.47477078,0,0,0,0.47477078
ECK_2437,0.6824396,0.5683586,1,1,1,0.6824396
ECK_2438,0.045510635,0.04879814,0,0,0,0.04879814
ECK_2439,0.36181283,0.95310134,0,1,1,0.95310134
ECK_2440,0.47588685,0.9395011,0,1,1,0.9395011
ECK_2441,0.013860266,0.060056575,0,0,0,0.060056575
ECK_2442,0.045665853,0.2123748,0,0,0,0.2123748
ECK_2443,0.6420201,0.55814636,1,1,1,0.6420201
ECK_2444,0.23521906,0.034088053,0,0,0,0.23521906
ECK_2445,0.99777645,0.9948467,1,1,1,0.99777645
ECK_2446,0.6036314,0.3248895,1,0,1,0.6036314
ECK_2447,0.048244487,0.029167239,0,0,0,0.048244487
ECK_2448,0.2501146,0.7633841,0,1,1,0.7633841
ECK_2449,0.06173856,0.6403888,0,1,1,0.6403888
ECK_2450,0.012734825,0.060700998,0,0,0,0.060700998
ECK_2451,0.0073609217,0.0079906965,0,0,0,0.0079906965
ECK_2452,0.11797079,0.20138766,0,0,0,0.20138766
ECK_2453,0.1294183,0.13865429,0,0,0,0.13865429
ECK_2454,0.120230585,0.20776537,0,0,0,0.20776537
ECK_2455,0.45968562,0.1851547,0,0,0,0.45968562
ECK_2456,0.35659462,0.5743892,0,1,1,0.5743892
ECK_2457,0.1267265,0.7567758,0,1,1,0.7567758
ECK_2458,0.6982232,0.8490341,1,1,1,0.8490341
ECK_2459,0.08565245,0.33579743,0,0,0,0.33579743
ECK_2460,0.9381845,0.7832812,1,1,1,0.9381845
ECK_2461,0.18839556,0.45467764,0,0,0,0.45467764
ECK_2462,0.02944969,0.6766751,0,1,1,0.6766751
ECK_2463,0.13699193,0.7956369,0,1,1,0.7956369
ECK_2464,0.12647165,0.9036588,0,1,1,0.9036588
ECK_2465,0.18502006,0.82043666,0,1,1,0.82043666
ECK_2466,0.011790986,0.049289238,0,0,0,0.049289238
ECK_2467,0.01454889,0.01193377,0,0,0,0.01454889
ECK_2468,0.040410995,0.366911,0,0,0,0.366911
ECK_2469,0.03355155,0.08951105,0,0,0,0.08951105
ECK_2470,0.3818509,0.9699534,0,1,1,0.9699534
ECK_2472,0.13838527,0.38929155,0,0,0,0.38929155
ECK_2473,0.93132913,0.97985363,1,1,1,0.97985363
ECK_2474,0.20249459,0.8365756,0,1,1,0.8365756
ECK_2475,0.056238547,0.09879751,0,0,0,0.09879751
ECK_2476,0.40433955,0.9808303,0,1,1,0.9808303
ECK_2477,0.89899886,0.43092287,1,0,1,0.89899886
ECK_2478,0.16919848,0.23047657,0,0,0,0.23047657
ECK_2479,0.17124532,0.18418548,0,0,0,0.18418548
ECK_2480,0.27924436,0.34218764,0,0,0,0.34218764
ECK_2481,0.03338527,0.11667194,0,0,0,0.11667194
ECK_2482,0.029674338,0.049402423,0,0,0,0.049402423
ECK_2483,0.22990525,0.6597499,0,1,1,0.6597499
ECK_2484,0.13059577,0.0892322,0,0,0,0.13059577
ECK_2485,0.2518734,0.1984172,0,0,0,0.2518734
ECK_2486,0.10498961,0.25564253,0,0,0,0.25564253
ECK_2487,0.030108968,0.079290226,0,0,0,0.079290226
ECK_2488,0.047826007,0.61411923,0,1,1,0.61411923
ECK_2489,0.06617038,0.01808845,0,0,0,0.06617038
ECK_2490,0.56348056,0.70859015,1,1,1,0.70859015
ECK_2491,0.03641785,0.11070451,0,0,0,0.11070451
ECK_2492,0.046410665,0.044553984,0,0,0,0.046410665
ECK_2493,0.6447621,0.38193804,1,0,1,0.6447621
ECK_2495,0.03095605,0.4684359,0,0,0,0.4684359
ECK_2496,0.07395503,0.3098622,0,0,0,0.3098622
ECK_2498,0.07854945,0.17544056,0,0,0,0.17544056
ECK_2499,0.1569391,0.14360145,0,0,0,0.1569391
ECK_2500,0.13090491,0.35748917,0,0,0,0.35748917
ECK_2501,0.0225191,0.10542821,0,0,0,0.10542821
ECK_2502,0.4465859,0.43262708,0,0,0,0.4465859
ECK_2503,0.04662599,0.21921243,0,0,0,0.21921243
ECK_2504,0.6821955,0.96225667,1,1,1,0.96225667
ECK_2505,0.127866,0.7053255,0,1,1,0.7053255
ECK_2506,0.17987336,0.23251007,0,0,0,0.23251007
ECK_2507,0.026485188,0.058243778,0,0,0,0.058243778
ECK_2508,0.018650977,0.042017415,0,0,0,0.042017415
ECK_2509,0.838434,0.78883284,1,1,1,0.838434
ECK_2510,0.9057193,0.99918216,1,1,1,0.99918216
ECK_2511,0.090036936,0.093325295,0,0,0,0.093325295
ECK_2512,0.11150203,0.16738258,0,0,0,0.16738258
ECK_2513,0.7284057,0.97241104,1,1,1,0.97241104
ECK_2514,0.13658534,0.18206799,0,0,0,0.18206799
ECK_2515,0.20513049,0.14746177,0,0,0,0.20513049
ECK_2516,0.031208916,0.11781848,0,0,0,0.11781848
ECK_2517,0.04720902,0.78767335,0,1,1,0.78767335
ECK_2518,0.8176305,0.17133456,1,0,1,0.8176305
ECK_2519,0.68454105,0.12633719,1,0,1,0.68454105
ECK_2520,0.49763858,0.90638345,0,1,1,0.90638345
ECK_2521,0.027365534,0.13260584,0,0,0,0.13260584
ECK_2522,0.035631742,0.01835454,0,0,0,0.035631742
ECK_2523,0.06464396,0.44247597,0,0,0,0.44247597
ECK_2524,0.10470909,0.31861866,0,0,0,0.31861866
ECK_2525,0.024816912,0.151416,0,0,0,0.151416
ECK_2526,0.01663588,0.11400002,0,0,0,0.11400002
ECK_2527,0.07626271,0.16434136,0,0,0,0.16434136
ECK_2528,0.10094634,0.23602654,0,0,0,0.23602654
ECK_2529,0.3198519,0.1576464,0,0,0,0.3198519
ECK_2530,0.04361288,0.030149734,0,0,0,0.04361288
ECK_2531,0.0017696981,0.07726595,0,0,0,0.07726595
ECK_2532,0.9837601,0.8464108,1,1,1,0.9837601
ECK_2533,0.014932608,0.3112107,0,0,0,0.3112107
ECK_2534,0.08314279,0.05395557,0,0,0,0.08314279
ECK_2535,0.18531775,0.04716209,0,0,0,0.18531775
ECK_2536,0.027932376,0.53246784,0,1,1,0.53246784
ECK_2537,0.0752045,0.019702977,0,0,0,0.0752045
ECK_2538,0.32572547,0.9192885,0,1,1,0.9192885
ECK_2539,0.39222863,0.7512798,0,1,1,0.7512798
ECK_2540,0.11367781,0.121034235,0,0,0,0.121034235
ECK_2541,0.1521363,0.101070926,0,0,0,0.1521363
ECK_2542,0.060987413,0.63493097,0,1,1,0.63493097
ECK_2543,0.023922788,0.42040557,0,0,0,0.42040557
ECK_2544,0.0020035687,0.2714728,0,0,0,0.2714728
ECK_2546,0.049535688,0.26792094,0,0,0,0.26792094
ECK_2547,0.12966798,0.14171621,0,0,0,0.14171621
ECK_2548,0.17900383,0.7187211,0,1,1,0.7187211
ECK_2549,0.011994489,0.11912229,0,0,0,0.11912229
ECK_2550,0.42513993,0.7668489,0,1,1,0.7668489
ECK_2551,0.013825752,0.055968206,0,0,0,0.055968206
ECK_2552,0.008285021,0.53281033,0,1,1,0.53281033
ECK_2553,0.08792713,0.31938997,0,0,0,0.31938997
ECK_2554,0.044981703,0.04946849,0,0,0,0.04946849
ECK_2555,0.025414197,0.022005588,0,0,0,0.025414197
ECK_2556,0.31799483,0.41457522,0,0,0,0.41457522
ECK_2557,0.03524243,0.5593757,0,1,1,0.5593757
ECK_2558,0.89293575,0.9580895,1,1,1,0.9580895
ECK_2559,0.32516962,0.2630015,0,0,0,0.32516962
ECK_2560,0.008900853,0.02527954,0,0,0,0.02527954
ECK_2561,0.022264315,0.0019760928,0,0,0,0.022264315
ECK_2562,0.11618179,0.95788795,0,1,1,0.95788795
ECK_2563,0.29400146,0.79081804,0,1,1,0.79081804
ECK_2564,0.052338693,0.0037028755,0,0,0,0.052338693
ECK_2565,0.0125100585,0.013787712,0,0,0,0.013787712
ECK_2566,0.1193235,0.13032939,0,0,0,0.13032939
ECK_2567,0.0070759295,0.42621315,0,0,0,0.42621315
ECK_2568,0.2283751,0.10587144,0,0,0,0.2283751
ECK_2569,0.9214326,0.7578687,1,1,1,0.9214326
ECK_2570,0.05506931,0.4121996,0,0,0,0.4121996
ECK_2571,0.106873445,0.3138509,0,0,0,0.3138509
ECK_2572,0.0020381012,0.0040851315,0,0,0,0.0040851315
ECK_2573,0.9434038,0.98172104,1,1,1,0.98172104
ECK_2574,0.18195936,0.48786533,0,0,0,0.48786533
ECK_2575,0.014929698,0.018313961,0,0,0,0.018313961
ECK_2576,0.2642557,0.45589647,0,0,0,0.45589647
ECK_2577,0.22813907,0.029105285,0,0,0,0.22813907
ECK_2578,0.0067879227,0.05974984,0,0,0,0.05974984
ECK_2579,0.004232289,0.09682601,0,0,0,0.09682601
ECK_2580,0.26938814,0.8178432,0,1,1,0.8178432
ECK_2581,0.03756545,0.22195746,0,0,0,0.22195746
ECK_2582,0.01861998,0.014703827,0,0,0,0.01861998
ECK_2584,0.0097337505,0.035093173,0,0,0,0.035093173
ECK_2585,0.020434428,0.090700634,0,0,0,0.090700634
ECK_2586,0.04678373,0.061879817,0,0,0,0.061879817
ECK_2587,0.14078656,0.34051928,0,0,0,0.34051928
ECK_2588,0.042768,0.43769553,0,0,0,0.43769553
ECK_2589,0.05107097,0.02285441,0,0,0,0.05107097
ECK_2590,0.022868317,0.06943862,0,0,0,0.06943862
ECK_2591,0.19025101,0.019276435,0,0,0,0.19025101
ECK_2592,0.034353327,0.15529911,0,0,0,0.15529911
ECK_2593,0.96985966,0.7431758,1,1,1,0.96985966
ECK_2594,0.008466749,0.15326503,0,0,0,0.15326503
ECK_2595,0.009828143,0.4533523,0,0,0,0.4533523
ECK_2596,0.17780143,0.07076713,0,0,0,0.17780143
ECK_2597,0.04166458,0.048877504,0,0,0,0.048877504
ECK_2598,0.034010656,0.032455828,0,0,0,0.034010656
ECK_2599,0.052369673,0.47774816,0,0,0,0.47774816
ECK_2600,0.14931862,0.20783794,0,0,0,0.20783794
ECK_2601,0.007710514,0.11300047,0,0,0,0.11300047
ECK_2602,0.020451773,0.077125825,0,0,0,0.077125825
ECK_2603,0.01470496,0.043061525,0,0,0,0.043061525
ECK_2604,0.042173274,0.5014764,0,1,1,0.5014764
ECK_2605,0.6605694,0.66554177,1,1,1,0.66554177
ECK_2606,0.051194895,0.38523224,0,0,0,0.38523224
ECK_2607,0.9996917,0.91726816,1,1,1,0.9996917
ECK_2608,0.055112,0.16055106,0,0,0,0.16055106
ECK_2610,0.07962086,0.2637122,0,0,0,0.2637122
ECK_2611,0.20306821,0.58159333,0,1,1,0.58159333
ECK_2612,0.27111143,0.026464589,0,0,0,0.27111143
ECK_2613,0.022517255,0.065679476,0,0,0,0.065679476
ECK_2614,0.49670938,0.95928764,0,1,1,0.95928764
ECK_2615,0.674204,0.5920597,1,1,1,0.674204
ECK_2616,0.32039148,0.20038706,0,0,0,0.32039148
ECK_2617,0.03983636,0.23968355,0,0,0,0.23968355
ECK_2618,0.7644836,0.5483934,1,1,1,0.7644836
ECK_2619,0.06276204,0.077722475,0,0,0,0.077722475
ECK_2620,0.050438613,0.22195697,0,0,0,0.22195697
ECK_2621,0.45484775,0.16006477,0,0,0,0.45484775
ECK_2622,0.92173964,0.548278,1,1,1,0.92173964
ECK_2624,0.3305917,0.6789777,0,1,1,0.6789777
ECK_2625,0.39276987,0.3664265,0,0,0,0.39276987
ECK_2626,0.058419555,0.05658076,0,0,0,0.058419555
ECK_2627,0.010963656,0.0010547352,0,0,0,0.010963656
ECK_2628,0.016209608,0.03433337,0,0,0,0.03433337
ECK_2629,0.16181046,0.07052758,0,0,0,0.16181046
ECK_2630,0.01103842,0.023253137,0,0,0,0.023253137
ECK_2631,0.18214504,0.3914815,0,0,0,0.3914815
ECK_2632,0.08759551,0.039268084,0,0,0,0.08759551
ECK_2633,0.12090831,0.42858353,0,0,0,0.42858353
promoter_id:55,0.06906716,0.08947876,0,0,0,0.08947876
promoter_id:95,0.5400291,0.5087112,1,1,1,0.5400291
promoter_id:96,0.9029222,0.96500534,1,1,1,0.96500534
promoter_id:97,0.23829478,0.8649413,0,1,1,0.8649413
promoter_id:98,0.4172411,0.68657464,0,1,1,0.68657464
promoter_id:99,0.10309947,0.7547005,0,1,1,0.7547005
promoter_id:100,0.2604461,0.2545196,0,0,0,0.2604461
promoter_id:101,0.9577315,0.94682795,1,1,1,0.9577315
promoter_id:102,0.17431884,0.10258252,0,0,0,0.17431884
promoter_id:103,0.1326412,0.0588672,0,0,0,0.1326412
promoter_id:104,0.6542896,0.68838483,1,1,1,0.68838483
promoter_id:105,0.5319588,0.5365021,1,1,1,0.5365021
promoter_id:106,0.9168642,0.7041626,1,1,1,0.9168642
promoter_id:107,0.8662108,0.61502737,1,1,1,0.8662108
promoter_id:108,0.35630918,0.29166993,0,0,0,0.35630918
promoter_id:109,0.17936996,0.6586382,0,1,1,0.6586382
promoter_id:110,0.019899737,0.25942364,0,0,0,0.25942364
promoter_id:111,0.21532896,0.16818139,0,0,0,0.21532896
promoter_id:112,0.009132681,0.14236747,0,0,0,0.14236747
promoter_id:113,0.94093347,0.9664319,1,1,1,0.9664319
promoter_id:114,0.24402633,0.09478386,0,0,0,0.24402633
promoter_id:115,0.027781218,0.08405151,0,0,0,0.08405151
promoter_id:116,0.17442499,0.29514456,0,0,0,0.29514456
promoter_id:117,0.4808554,0.5936982,0,1,1,0.5936982
promoter_id:118,0.19405265,0.07336604,0,0,0,0.19405265
promoter_id:119,0.040467937,0.97146994,0,1,1,0.97146994
promoter_id:120,0.6514182,0.6927072,1,1,1,0.6927072
promoter_id:121,0.35237363,0.70308375,0,1,1,0.70308375
promoter_id:122,0.093617074,0.19128804,0,0,0,0.19128804
promoter_id:123,0.8906502,0.5328224,1,1,1,0.8906502
promoter_id:124,0.042147275,0.032917425,0,0,0,0.042147275
promoter_id:125,0.20488511,0.5274963,0,1,1,0.5274963
promoter_id:126,0.28765088,0.78051305,0,1,1,0.78051305
promoter_id:127,0.052610755,0.029108297,0,0,0,0.052610755
promoter_id:128,0.24112573,0.50222987,0,1,1,0.50222987
promoter_id:129,0.09785325,0.61229515,0,1,1,0.61229515
promoter_id:130,0.09054125,0.50130624,0,1,1,0.50130624
promoter_id:131,0.027650528,0.14763722,0,0,0,0.14763722
promoter_id:132,0.20628622,0.21293521,0,0,0,0.21293521
promoter_id:133,0.028891275,0.5423271,0,1,1,0.5423271
promoter_id:134,0.2787501,0.9081196,0,1,1,0.9081196
promoter_id:135,0.010884371,0.02543058,0,0,0,0.02543058
promoter_id:136,0.23334046,0.7110178,0,1,1,0.7110178
promoter_id:137,0.32874984,0.62283075,0,1,1,0.62283075
promoter_id:138,0.079571694,0.03172244,0,0,0,0.079571694
promoter_id:140,0.018763173,0.54202026,0,1,1,0.54202026
promoter_id:141,0.11385634,0.299588,0,0,0,0.299588
promoter_id:142,0.018050268,0.0025926817,0,0,0,0.018050268
promoter_id:143,0.28683642,0.9331907,0,1,1,0.9331907
promoter_id:144,0.20461202,0.3680739,0,0,0,0.3680739
promoter_id:145,0.06099036,0.34863755,0,0,0,0.34863755
promoter_id:146,0.5723248,0.855374,1,1,1,0.855374
promoter_id:147,0.022200555,0.26589283,0,0,0,0.26589283
promoter_id:148,0.20123036,0.11122593,0,0,0,0.20123036
promoter_id:149,0.9901805,0.9776375,1,1,1,0.9901805
promoter_id:150,0.5244608,0.23763703,1,0,1,0.5244608
promoter_id:151,0.28191552,0.4779228,0,0,0,0.4779228
promoter_id:152,0.49253199,0.36558315,0,0,0,0.49253199
promoter_id:153,0.9583339,0.7318103,1,1,1,0.9583339
promoter_id:154,0.8931695,0.98148775,1,1,1,0.98148775
promoter_id:155,0.09285276,0.898486,0,1,1,0.898486
promoter_id:156,0.20057254,0.0983804,0,0,0,0.20057254
promoter_id:157,0.18715014,0.7600441,0,1,1,0.7600441
promoter_id:158,0.7148718,0.9113434,1,1,1,0.9113434
promoter_id:159,0.0897183,0.62811625,0,1,1,0.62811625
promoter_id:160,0.008711195,0.10911977,0,0,0,0.10911977
promoter_id:161,0.5641013,0.19163676,1,0,1,0.5641013
promoter_id:162,0.08229069,0.1578972,0,0,0,0.1578972
promoter_id:163,0.124470636,0.6094895,0,1,1,0.6094895
promoter_id:164,0.012210209,0.0457802,0,0,0,0.0457802
promoter_id:165,0.83895165,0.3817895,1,0,1,0.83895165
promoter_id:166,0.8385429,0.839976,1,1,1,0.839976
promoter_id:167,0.9006314,0.6257025,1,1,1,0.9006314
promoter_id:168,0.9806157,0.99148494,1,1,1,0.99148494
promoter_id:172,0.7011015,0.3427109,1,0,1,0.7011015
promoter_id:174,0.033543825,0.20937932,0,0,0,0.20937932
promoter_id:175,0.8849513,0.88260204,1,1,1,0.8849513
promoter_id:176,0.9622401,0.99118644,1,1,1,0.99118644
promoter_id:177,0.10505319,0.1023868,0,0,0,0.10505319
promoter_id:178,0.3046775,0.7810001,0,1,1,0.7810001
promoter_id:179,0.00670655,0.04451494,0,0,0,0.04451494
promoter_id:180,0.60948753,0.66837704,1,1,1,0.66837704
promoter_id:181,0.90534186,0.97537166,1,1,1,0.97537166
promoter_id:182,0.73691875,0.8055345,1,1,1,0.8055345
promoter_id:183,0.97065264,0.89420134,1,1,1,0.97065264
promoter_id:184,0.30399212,0.28977153,0,0,0,0.30399212
promoter_id:185,0.888733,0.3853392,1,0,1,0.888733
promoter_id:186,0.09689064,0.1315665,0,0,0,0.1315665
promoter_id:187,0.26298353,0.09756672,0,0,0,0.26298353
promoter_id:188,0.13648713,0.24049401,0,0,0,0.24049401
promoter_id:189,0.5434416,0.07246885,1,0,1,0.5434416
promoter_id:193,0.029907824,0.03995168,0,0,0,0.03995168
promoter_id:194,0.05047063,0.16095221,0,0,0,0.16095221
promoter_id:195,0.61871684,0.86479944,1,1,1,0.86479944
promoter_id:196,0.89670604,0.86466277,1,1,1,0.89670604
promoter_id:197,0.8375011,0.9271448,1,1,1,0.9271448
promoter_id:198,0.62475145,0.7886064,1,1,1,0.7886064
promoter_id:199,0.29190552,0.25889754,0,0,0,0.29190552
promoter_id:200,0.23563431,0.6759074,0,1,1,0.6759074
promoter_id:201,0.14961824,0.63907605,0,1,1,0.63907605
promoter_id:202,0.1443989,0.04669812,0,0,0,0.1443989
promoter_id:203,0.045713503,0.037926663,0,0,0,0.045713503
promoter_id:204,0.2067939,0.8139328,0,1,1,0.8139328
promoter_id:205,0.28507596,0.6434686,0,1,1,0.6434686
promoter_id:206,0.01858464,0.079055615,0,0,0,0.079055615
promoter_id:207,0.41482386,0.9992436,0,1,1,0.9992436
promoter_id:208,0.2195157,0.33815876,0,0,0,0.33815876
promoter_id:209,0.29716182,0.29977885,0,0,0,0.29977885
chr1:1-1,0.023714,0.3226963,0,0,0,0.3226963
chr1:1-1,0.034743506,0.08223514,0,0,0,0.08223514
chr1:1-1,0.1598293,0.09670525,0,0,0,0.1598293
chr1:1-1,0.049943034,0.113238275,0,0,0,0.113238275
chr1:1-1,0.116856545,0.15324453,0,0,0,0.15324453
chr1:1-1,0.04663899,0.18635823,0,0,0,0.18635823
chr1:1-1,0.5475104,0.7409756,1,1,1,0.7409756
chr1:1-1,0.022720275,0.3250201,0,0,0,0.3250201
chr1:1-1,0.06357845,0.03562467,0,0,0,0.06357845
chr1:1-1,0.09493489,0.08856742,0,0,0,0.09493489
chr1:1-1,0.13747439,0.43930197,0,0,0,0.43930197
chr1:1-1,0.11410125,0.5085331,0,1,1,0.5085331
chr1:1-1,0.022827296,0.28577036,0,0,0,0.28577036
chr1:1-1,0.041267157,0.099148385,0,0,0,0.099148385
chr1:1-1,0.045908947,0.05566895,0,0,0,0.05566895
chr1:1-1,0.047593698,0.30975068,0,0,0,0.30975068
chr1:1-1,0.014067714,0.22742014,0,0,0,0.22742014
chr1:1-1,0.0074881185,0.0063938894,0,0,0,0.0074881185
chr1:1-1,0.008908601,0.5185437,0,1,1,0.5185437
chr1:1-1,0.32091597,0.77667594,0,1,1,0.77667594
chr1:1-1,0.04968451,0.6286125,0,1,1,0.6286125
chr1:1-1,0.015818147,0.09508661,0,0,0,0.09508661
chr1:1-1,0.021254603,0.044092983,0,0,0,0.044092983
chr1:1-1,0.019838227,0.03396969,0,0,0,0.03396969
chr1:1-1,0.0049291435,0.023848118,0,0,0,0.023848118
chr1:1-1,0.015544305,0.019111997,0,0,0,0.019111997
chr1:1-1,0.16781409,0.19266409,0,0,0,0.19266409
chr1:1-1,0.68870795,0.711948,1,1,1,0.711948
chr1:1-1,0.0111905765,0.1509607,0,0,0,0.1509607
chr1:1-1,0.02352158,0.59910315,0,1,1,0.59910315
chr1:1-1,0.029364625,0.20122585,0,0,0,0.20122585
chr1:1-1,0.079113886,0.13275303,0,0,0,0.13275303
chr1:1-1,0.36570287,0.23624611,0,0,0,0.36570287
chr1:1-1,0.119059496,0.6138903,0,1,1,0.6138903
chr1:1-1,0.028763259,0.15306029,0,0,0,0.15306029
chr1:1-1,0.7270695,0.54321504,1,1,1,0.7270695
chr1:1-1,0.20400704,0.8673376,0,1,1,0.8673376
chr1:1-1,0.06939114,0.11281537,0,0,0,0.11281537
chr1:1-1,0.04165175,0.032600384,0,0,0,0.04165175
chr1:1-1,0.029647201,0.1359032,0,0,0,0.1359032
chr1:1-1,0.013874121,0.024624784,0,0,0,0.024624784
chr1:1-1,0.007143858,0.13370419,0,0,0,0.13370419
chr1:1-1,0.036170933,0.102343604,0,0,0,0.102343604
chr1:1-1,0.20126194,0.7894734,0,1,1,0.7894734
chr1:1-1,0.10559017,0.18414651,0,0,0,0.18414651
chr1:1-1,0.11632731,0.58305854,0,1,1,0.58305854
chr1:1-1,0.7789482,0.63112223,1,1,1,0.7789482
chr1:1-1,0.086464085,0.37978205,0,0,0,0.37978205
chr1:1-1,0.0105882725,0.09599939,0,0,0,0.09599939
chr1:1-1,0.023632253,0.010285078,0,0,0,0.023632253
chr1:1-1,0.13787228,0.37583348,0,0,0,0.37583348
chr1:1-1,0.04863209,0.033621352,0,0,0,0.04863209
chr1:1-1,0.585604,0.41216135,1,0,1,0.585604
chr1:1-1,0.7440265,0.9096813,1,1,1,0.9096813
chr1:1-1,0.014367202,0.14754583,0,0,0,0.14754583
chr1:1-1,0.21276878,0.263141,0,0,0,0.263141
chr1:1-1,0.019070916,0.15657395,0,0,0,0.15657395
chr1:1-1,0.016056802,0.030931234,0,0,0,0.030931234
chr1:1-1,0.99504507,0.8272771,1,1,1,0.99504507
chr1:1-1,0.005253693,0.0029465773,0,0,0,0.005253693
chr1:1-1,0.15333395,0.6904117,0,1,1,0.6904117
chr1:1-1,0.082274936,0.8388063,0,1,1,0.8388063
chr1:1-1,0.04160906,0.10324759,0,0,0,0.10324759
chr1:1-1,0.13991529,0.40412226,0,0,0,0.40412226
chr1:1-1,0.0018532658,0.027344037,0,0,0,0.027344037
chr1:1-1,0.03365466,0.2452051,0,0,0,0.2452051
chr1:1-1,0.025606377,0.16531561,0,0,0,0.16531561
chr1:1-1,0.03443686,0.25058016,0,0,0,0.25058016
chr1:1-1,0.52555484,0.2262029,1,0,1,0.52555484
chr1:1-1,0.32051447,0.41424438,0,0,0,0.41424438
chr1:1-1,0.117422275,0.019379264,0,0,0,0.117422275
chr1:1-1,0.013722125,0.035321333,0,0,0,0.035321333
chr1:1-1,0.099312946,0.6731231,0,1,1,0.6731231
chr1:1-1,0.08468516,0.7133533,0,1,1,0.7133533
chr1:1-1,0.13714628,0.28005892,0,0,0,0.28005892
chr1:1-1,0.047047175,0.021994527,0,0,0,0.047047175
chr1:1-1,0.032123182,0.2642579,0,0,0,0.2642579
chr1:1-1,0.07625314,0.49758297,0,0,0,0.49758297
chr1:1-1,0.08032779,0.439888,0,0,0,0.439888
chr1:1-1,0.29676548,0.7908371,0,1,1,0.7908371
chr1:1-1,0.098145865,0.6047837,0,1,1,0.6047837
chr1:1-1,0.3689223,0.2723796,0,0,0,0.3689223
chr1:1-1,0.04273659,0.69891495,0,1,1,0.69891495
chr1:1-1,0.0132936565,0.14631738,0,0,0,0.14631738
chr1:1-1,0.010503677,0.0053678057,0,0,0,0.010503677
chr1:1-1,0.083215624,0.62479514,0,1,1,0.62479514
chr1:1-1,0.011641802,0.4103821,0,0,0,0.4103821
chr1:1-1,0.010596728,0.08362198,0,0,0,0.08362198
chr1:1-1,0.002708955,0.009770963,0,0,0,0.009770963
chr1:1-1,0.13429724,0.670034,0,1,1,0.670034
chr1:1-1,0.030320885,0.098684065,0,0,0,0.098684065
chr1:1-1,0.08773171,0.07028636,0,0,0,0.08773171
chr1:1-1,0.6343251,0.8247371,1,1,1,0.8247371
chr1:1-1,0.044590596,0.1688579,0,0,0,0.1688579
chr1:1-1,0.057763357,0.019306727,0,0,0,0.057763357
chr1:1-1,0.036611103,0.4331291,0,0,0,0.4331291
chr1:1-1,0.03987661,0.03836306,0,0,0,0.03987661
chr1:1-1,0.023160348,0.06638266,0,0,0,0.06638266
chr1:1-1,0.0106682265,0.016175563,0,0,0,0.016175563
chr1:1-1,0.25402468,0.5300586,0,1,1,0.5300586
chr1:1-1,0.28571144,0.36184895,0,0,0,0.36184895
chr1:1-1,0.08248672,0.27619132,0,0,0,0.27619132
chr1:1-1,0.011446674,0.013019197,0,0,0,0.013019197
chr1:1-1,0.06889814,0.22016747,0,0,0,0.22016747
chr1:1-1,0.0038099778,0.01895683,0,0,0,0.01895683
chr1:1-1,0.047268737,0.14478251,0,0,0,0.14478251
chr1:1-1,0.12456675,0.5068535,0,1,1,0.5068535
chr1:1-1,0.06750194,0.03577985,0,0,0,0.06750194
chr1:1-1,0.059047785,0.087867856,0,0,0,0.087867856
chr1:1-1,0.09590113,0.106037006,0,0,0,0.106037006
chr1:1-1,0.016599208,0.1091026,0,0,0,0.1091026
chr1:1-1,0.041591395,0.08238741,0,0,0,0.08238741
chr1:1-1,0.003119058,0.023354216,0,0,0,0.023354216
chr1:1-1,0.012347069,0.32715976,0,0,0,0.32715976
chr1:1-1,0.031960655,0.048064876,0,0,0,0.048064876
chr1:1-1,0.59394825,0.3950842,1,0,1,0.59394825
chr1:1-1,0.046841107,0.08709002,0,0,0,0.08709002
chr1:1-1,0.08036018,0.15860762,0,0,0,0.15860762
chr1:1-1,0.052686777,0.49236676,0,0,0,0.49236676
chr1:1-1,0.07747027,0.36256123,0,0,0,0.36256123
chr1:1-1,0.30534458,0.20395364,0,0,0,0.30534458
chr1:1-1,0.047205247,0.13948499,0,0,0,0.13948499
chr1:1-1,0.07720695,0.14455698,0,0,0,0.14455698
chr1:1-1,0.3681192,0.9150387,0,1,1,0.9150387
chr1:1-1,0.066446364,0.083024345,0,0,0,0.083024345
chr1:1-1,0.18707772,0.5917124,0,1,1,0.5917124
chr1:1-1,0.18842624,0.4989819,0,0,0,0.4989819
chr1:1-1,0.014090562,0.06567506,0,0,0,0.06567506
chr1:1-1,0.080453955,0.12320285,0,0,0,0.12320285
chr1:1-1,0.15657607,0.15968302,0,0,0,0.15968302
chr1:1-1,0.011360905,0.018013045,0,0,0,0.018013045
chr1:1-1,0.09836471,0.0654793,0,0,0,0.09836471
chr1:1-1,0.03954136,0.18424495,0,0,0,0.18424495
chr1:1-1,0.04789582,0.03727612,0,0,0,0.04789582
chr1:1-1,0.11844575,0.51099735,0,1,1,0.51099735
chr1:1-1,0.13514574,0.45654768,0,0,0,0.45654768
chr1:1-1,0.0044690375,0.0070230495,0,0,0,0.0070230495
chr1:1-1,0.024388246,0.11156265,0,0,0,0.11156265
chr1:1-1,0.014226364,0.06495988,0,0,0,0.06495988
chr1:1-1,0.014661575,0.149244,0,0,0,0.149244
chr1:1-1,0.012351041,0.3931253,0,0,0,0.3931253
chr1:1-1,0.030791312,0.3439059,0,0,0,0.3439059
chr1:1-1,0.009955097,0.13971622,0,0,0,0.13971622
chr1:1-1,0.10087514,0.031847373,0,0,0,0.10087514
chr1:1-1,0.31585097,0.6822258,0,1,1,0.6822258
chr1:1-1,0.021393077,0.0062968535,0,0,0,0.021393077
chr1:1-1,0.09237191,0.094557114,0,0,0,0.094557114
chr1:1-1,0.06141016,0.67182523,0,1,1,0.67182523
chr1:1-1,0.3880881,0.8959391,0,1,1,0.8959391
chr1:1-1,0.100379854,0.19896288,0,0,0,0.19896288
chr1:1-1,0.055432264,0.007847357,0,0,0,0.055432264
chr1:1-1,0.05926864,0.21109356,0,0,0,0.21109356
chr1:1-1,0.020757675,0.013933137,0,0,0,0.020757675
chr1:1-1,0.15831643,0.5574208,0,1,1,0.5574208
chr1:1-1,0.099374086,0.3307949,0,0,0,0.3307949
chr1:1-1,0.6743986,0.34797233,1,0,1,0.6743986
chr1:1-1,0.008345465,0.023549145,0,0,0,0.023549145
chr1:1-1,0.005288127,0.02455721,0,0,0,0.02455721
chr1:1-1,0.14695638,0.9230062,0,1,1,0.9230062
chr1:1-1,0.5072379,0.60876024,1,1,1,0.60876024
chr1:1-1,0.15159768,0.34046167,0,0,0,0.34046167
chr1:1-1,0.7249965,0.5058476,1,1,1,0.7249965
chr1:1-1,0.0027689806,0.06397437,0,0,0,0.06397437
chr1:1-1,0.21067935,0.3320395,0,0,0,0.3320395
chr1:1-1,0.402364,0.9136534,0,1,1,0.9136534
chr1:1-1,0.004566075,0.019018589,0,0,0,0.019018589
chr1:1-1,0.05219156,0.089060985,0,0,0,0.089060985
chr1:1-1,0.011334419,0.005578539,0,0,0,0.011334419
chr1:1-1,0.42170626,0.34387794,0,0,0,0.42170626
chr1:1-1,0.21011075,0.8557041,0,1,1,0.8557041
chr1:1-1,0.0105758915,0.33345646,0,0,0,0.33345646
chr1:1-1,0.89782673,0.95861906,1,1,1,0.95861906
chr1:1-1,0.2519279,0.97026885,0,1,1,0.97026885
chr1:1-1,0.9900461,0.70846623,1,1,1,0.9900461
chr1:1-1,0.05961193,0.19928813,0,0,0,0.19928813
chr1:1-1,0.2927391,0.1325828,0,0,0,0.2927391
chr1:1-1,0.15223897,0.75640047,0,1,1,0.75640047
chr1:1-1,0.115621075,0.036333088,0,0,0,0.115621075
chr1:1-1,0.9679206,0.9914135,1,1,1,0.9914135
chr1:1-1,0.025144517,0.6127037,0,1,1,0.6127037
chr1:1-1,0.3511714,0.6789566,0,1,1,0.6789566
chr1:1-1,0.02465141,0.15810941,0,0,0,0.15810941
chr1:1-1,0.4159131,0.91461486,0,1,1,0.91461486
chr1:1-1,0.027750649,0.004267223,0,0,0,0.027750649
chr1:1-1,0.016053066,0.04276278,0,0,0,0.04276278
chr1:1-1,0.030243894,0.037713595,0,0,0,0.037713595
chr1:1-1,0.26367742,0.4529083,0,0,0,0.4529083
chr1:1-1,0.0273139,0.009026641,0,0,0,0.0273139
chr1:1-1,0.09526993,0.008903188,0,0,0,0.09526993
chr1:1-1,0.79478586,0.87421966,1,1,1,0.87421966
chr1:1-1,0.056978617,0.17545669,0,0,0,0.17545669
chr1:1-1,0.09035534,0.043082207,0,0,0,0.09035534
chr1:1-1,0.03734752,0.31863958,0,0,0,0.31863958
chr1:1-1,0.20018971,0.5908082,0,1,1,0.5908082
chr1:1-1,0.037235882,0.11553375,0,0,0,0.11553375
chr1:1-1,0.013682263,0.0036891936,0,0,0,0.013682263
chr1:1-1,0.060279757,0.12829477,0,0,0,0.12829477
chr1:1-1,0.48879263,0.1347197,0,0,0,0.48879263
chr1:1-1,0.789739,0.47275138,1,0,1,0.789739
chr1:1-1,0.026149241,0.34984148,0,0,0,0.34984148
chr1:1-1,0.40602452,0.658075,0,1,1,0.658075
chr1:1-1,0.45969626,0.16293089,0,0,0,0.45969626
chr1:1-1,0.081867896,0.4362129,0,0,0,0.4362129
chr1:1-1,0.3092192,0.35225797,0,0,0,0.35225797
chr1:1-1,0.34559682,0.9162093,0,1,1,0.9162093
chr1:1-1,0.04544123,0.03884886,0,0,0,0.04544123
chr1:1-1,0.22716428,0.20935825,0,0,0,0.22716428
chr1:1-1,0.0030182737,0.03066376,0,0,0,0.03066376
chr1:1-1,0.031840865,0.4710818,0,0,0,0.4710818
chr1:1-1,0.025942896,0.5024678,0,1,1,0.5024678
chr1:1-1,0.0049510226,0.008766698,0,0,0,0.008766698
chr1:1-1,0.061718017,0.12491899,0,0,0,0.12491899
chr1:1-1,0.06075015,0.45357847,0,0,0,0.45357847
chr1:1-1,0.004422911,0.05651306,0,0,0,0.05651306
chr1:1-1,0.283354,0.32939857,0,0,0,0.32939857
chr1:1-1,0.008254112,0.04205271,0,0,0,0.04205271
chr1:1-1,0.40909028,0.8238451,0,1,1,0.8238451
chr1:1-1,0.015868295,0.24765258,0,0,0,0.24765258
chr1:1-1,0.17778102,0.62841004,0,1,1,0.62841004
chr1:1-1,0.08129589,0.7344394,0,1,1,0.7344394
chr1:1-1,0.03353135,0.021640215,0,0,0,0.03353135
chr1:1-1,0.1394242,0.70669985,0,1,1,0.70669985
chr1:1-1,0.030471316,0.0069091693,0,0,0,0.030471316
chr1:1-1,0.0034407403,0.017365288,0,0,0,0.017365288
chr1:1-1,0.04592942,0.1262224,0,0,0,0.1262224
chr1:1-1,0.15390073,0.7770911,0,1,1,0.7770911
chr1:1-1,0.2147348,0.02245419,0,0,0,0.2147348
chr1:1-1,0.12404548,0.16578789,0,0,0,0.16578789
chr1:1-1,0.025902528,0.1328155,0,0,0,0.1328155
chr1:1-1,0.8487251,0.15173337,1,0,1,0.8487251
chr1:1-1,0.08413448,0.7761492,0,1,1,0.7761492
chr1:1-1,0.022793379,0.17733742,0,0,0,0.17733742
chr1:1-1,0.0027138055,0.10633481,0,0,0,0.10633481
chr1:1-1,0.3507496,0.47266975,0,0,0,0.47266975
chr1:1-1,0.007920506,0.025188446,0,0,0,0.025188446
chr1:1-1,0.031930957,0.3126835,0,0,0,0.3126835
chr1:1-1,0.8845085,0.46382347,1,0,1,0.8845085
chr1:1-1,0.94714695,0.74173,1,1,1,0.94714695
chr1:1-1,0.19748129,0.78319025,0,1,1,0.78319025
chr1:1-1,0.38247114,0.7962633,0,1,1,0.7962633
chr1:1-1,0.012751472,0.3001336,0,0,0,0.3001336
chr1:1-1,0.052603588,0.34179306,0,0,0,0.34179306
chr1:1-1,0.01633458,0.015707815,0,0,0,0.01633458
chr1:1-1,0.011262239,0.0021594462,0,0,0,0.011262239
chr1:1-1,0.45009366,0.8840767,0,1,1,0.8840767
chr1:1-1,0.16644457,0.8244131,0,1,1,0.8244131
chr1:1-1,0.40893844,0.63079673,0,1,1,0.63079673
chr1:1-1,0.1356366,0.18724994,0,0,0,0.18724994
chr1:1-1,0.09423214,0.21179323,0,0,0,0.21179323
chr1:1-1,0.41881216,0.10629047,0,0,0,0.41881216
chr1:1-1,0.4757846,0.9338412,0,1,1,0.9338412
chr1:1-1,0.014146201,0.19339158,0,0,0,0.19339158
chr1:1-1,0.4308515,0.8271673,0,1,1,0.8271673
chr1:1-1,0.52152586,0.8467777,1,1,1,0.8467777
chr1:1-1,0.57400274,0.79255825,1,1,1,0.79255825
chr1:1-1,0.8631108,0.91078675,1,1,1,0.91078675
chr1:1-1,0.14875306,0.3432928,0,0,0,0.3432928
chr1:1-1,0.1650463,0.2544231,0,0,0,0.2544231
chr1:1-1,0.030354438,0.2507626,0,0,0,0.2507626
chr1:1-1,0.2173691,0.71495616,0,1,1,0.71495616
chr1:1-1,0.084970124,0.46154723,0,0,0,0.46154723
chr1:1-1,0.026311735,0.25427952,0,0,0,0.25427952
chr1:1-1,0.028417446,0.40814218,0,0,0,0.40814218
chr1:1-1,0.0050323303,0.059550587,0,0,0,0.059550587
chr1:1-1,0.46694764,0.057215005,0,0,0,0.46694764
chr1:1-1,0.053897988,0.03870621,0,0,0,0.053897988
chr1:1-1,0.11777086,0.19222954,0,0,0,0.19222954
chr1:1-1,0.3604577,0.23353082,0,0,0,0.3604577
chr1:1-1,0.0014949961,0.025948444,0,0,0,0.025948444
chr1:1-1,0.027070634,0.1862391,0,0,0,0.1862391
chr1:1-1,0.04417549,0.3685934,0,0,0,0.3685934
chr1:1-1,0.036153417,0.019363178,0,0,0,0.036153417
chr1:1-1,0.02552841,0.071518876,0,0,0,0.071518876
chr1:1-1,0.3107882,0.24003063,0,0,0,0.3107882
chr1:1-1,0.054917566,0.056484215,0,0,0,0.056484215
chr1:1-1,0.014988009,0.014405132,0,0,0,0.014988009
chr1:1-1,0.045322582,0.06999442,0,0,0,0.06999442
chr1:1-1,0.1319738,0.20072877,0,0,0,0.20072877
chr1:1-1,0.54379916,0.08233951,1,0,1,0.54379916
chr1:1-1,0.016923686,0.57143825,0,1,1,0.57143825
chr1:1-1,0.028456545,0.21271414,0,0,0,0.21271414
chr1:1-1,0.1431706,0.08259532,0,0,0,0.1431706
chr1:1-1,0.1083579,0.31489146,0,0,0,0.31489146
chr1:1-1,0.21045594,0.38320592,0,0,0,0.38320592
chr1:1-1,0.19079582,0.13073732,0,0,0,0.19079582
chr1:1-1,0.10250907,0.5835232,0,1,1,0.5835232
chr1:1-1,0.036393378,0.04121635,0,0,0,0.04121635
chr1:1-1,0.0022288647,0.001761737,0,0,0,0.0022288647
chr1:1-1,0.008863045,0.19185317,0,0,0,0.19185317
chr1:1-1,0.12279019,0.17620087,0,0,0,0.17620087
chr1:1-1,0.141076,0.03536761,0,0,0,0.141076
chr1:1-1,0.005753748,0.10141152,0,0,0,0.10141152
chr1:1-1,0.57360554,0.11613106,1,0,1,0.57360554
chr1:1-1,0.08337003,0.26044756,0,0,0,0.26044756
chr1:1-1,0.3220821,0.3582141,0,0,0,0.3582141
chr1:1-1,0.024173077,0.06929266,0,0,0,0.06929266
chr1:1-1,0.9149109,0.6677723,1,1,1,0.9149109
chr1:1-1,0.16934274,0.71991026,0,1,1,0.71991026
chr1:1-1,0.5516712,0.12409778,1,0,1,0.5516712
chr1:1-1,0.7068636,0.3527703,1,0,1,0.7068636
chr1:1-1,0.0077749942,0.035580967,0,0,0,0.035580967
chr1:1-1,0.019350944,0.018764697,0,0,0,0.019350944
chr1:1-1,0.19993466,0.8470785,0,1,1,0.8470785
chr1:1-1,0.111929365,0.25814506,0,0,0,0.25814506
chr1:1-1,0.039312877,0.9083048,0,1,1,0.9083048
chr1:1-1,0.015756281,0.2578108,0,0,0,0.2578108
chr1:1-1,0.07859777,0.93967265,0,1,1,0.93967265
chr1:1-1,0.43518046,0.4861515,0,0,0,0.4861515
chr1:1-1,0.5969136,0.994846,1,1,1,0.994846
chr1:1-1,0.0126497485,0.11759675,0,0,0,0.11759675
chr1:1-1,0.011357092,0.020313432,0,0,0,0.020313432
chr1:1-1,0.010079148,0.19617532,0,0,0,0.19617532
chr1:1-1,0.1235347,0.2989672,0,0,0,0.2989672
chr1:1-1,0.11945823,0.6055897,0,1,1,0.6055897
chr1:1-1,0.11478835,0.03715869,0,0,0,0.11478835
chr1:1-1,0.0086521655,0.017636597,0,0,0,0.017636597
chr1:1-1,0.2099172,0.80288774,0,1,1,0.80288774
chr1:1-1,0.014588794,0.60596126,0,1,1,0.60596126
chr1:1-1,0.09437548,0.21019077,0,0,0,0.21019077
chr1:1-1,0.08537587,0.01643499,0,0,0,0.08537587
chr1:1-1,0.61230886,0.8321611,1,1,1,0.8321611
chr1:1-1,0.012290855,0.3427793,0,0,0,0.3427793
chr1:1-1,0.015837697,0.03906763,0,0,0,0.03906763
chr1:1-1,0.15597966,0.41274232,0,0,0,0.41274232
chr1:1-1,0.069340415,0.08600955,0,0,0,0.08600955
chr1:1-1,0.20295134,0.69018966,0,1,1,0.69018966
chr1:1-1,0.14695825,0.11083099,0,0,0,0.14695825
chr1:1-1,0.05581554,0.105286114,0,0,0,0.105286114
chr1:1-1,0.15726766,0.5301516,0,1,1,0.5301516
chr1:1-1,0.5704929,0.79339063,1,1,1,0.79339063
chr1:1-1,0.020329423,0.101089686,0,0,0,0.101089686
chr1:1-1,0.13275951,0.35398597,0,0,0,0.35398597
chr1:1-1,0.07114848,0.19367315,0,0,0,0.19367315
chr1:1-1,0.08473572,0.041347016,0,0,0,0.08473572
chr1:1-1,0.53011525,0.90080243,1,1,1,0.90080243
chr1:1-1,0.039119333,0.07006521,0,0,0,0.07006521
chr1:1-1,0.008313089,0.030915782,0,0,0,0.030915782
chr1:1-1,0.9707845,0.76394665,1,1,1,0.9707845
chr1:1-1,0.7957532,0.82226276,1,1,1,0.82226276
chr1:1-1,0.44803405,0.8423464,0,1,1,0.8423464
chr1:1-1,0.20534775,0.08260665,0,0,0,0.20534775
chr1:1-1,0.06155199,0.17481118,0,0,0,0.17481118
chr1:1-1,0.7004337,0.04498294,1,0,1,0.7004337
chr1:1-1,0.53391063,0.7997929,1,1,1,0.7997929
chr1:1-1,0.48561203,0.9322143,0,1,1,0.9322143
chr1:1-1,0.11799577,0.37672603,0,0,0,0.37672603
chr1:1-1,0.08110503,0.27513266,0,0,0,0.27513266
chr1:1-1,0.78917485,0.8899479,1,1,1,0.8899479
chr1:1-1,0.010578401,0.03170555,0,0,0,0.03170555
chr1:1-1,0.07293976,0.0385121,0,0,0,0.07293976
chr1:1-1,0.024409618,0.13116625,0,0,0,0.13116625
chr1:1-1,0.72208655,0.82642365,1,1,1,0.82642365
chr1:1-1,0.33243996,0.50202465,0,1,1,0.50202465
chr1:1-1,0.03958586,0.062371474,0,0,0,0.062371474
chr1:1-1,0.00279238,0.003114348,0,0,0,0.003114348
chr1:1-1,0.99626404,0.9933703,1,1,1,0.99626404
chr1:1-1,0.05417372,0.20461927,0,0,0,0.20461927
chr1:1-1,0.007988694,0.028032223,0,0,0,0.028032223
chr1:1-1,0.21918638,0.6844758,0,1,1,0.6844758
chr1:1-1,0.06504508,0.027393203,0,0,0,0.06504508
chr1:1-1,0.008969113,0.004347207,0,0,0,0.008969113
chr1:1-1,0.20222506,0.85492635,0,1,1,0.85492635
chr1:1-1,0.11996266,0.33814707,0,0,0,0.33814707
chr1:1-1,0.033279978,0.04244909,0,0,0,0.04244909
chr1:1-1,0.1862654,0.13145038,0,0,0,0.1862654
chr1:1-1,0.0035331303,0.030040888,0,0,0,0.030040888
chr1:1-1,0.029741306,0.6424001,0,1,1,0.6424001
chr1:1-1,0.30080414,0.9436644,0,1,1,0.9436644
chr1:1-1,0.6824045,0.8965381,1,1,1,0.8965381
chr1:1-1,0.29932985,0.056196384,0,0,0,0.29932985
chr1:1-1,0.0023182242,0.0047809114,0,0,0,0.0047809114
chr1:1-1,0.85063684,0.94831866,1,1,1,0.94831866
chr1:1-1,0.026149286,0.018866438,0,0,0,0.026149286
chr1:1-1,0.1147239,0.05060744,0,0,0,0.1147239
chr1:1-1,0.099695906,0.039821677,0,0,0,0.099695906
chr1:1-1,0.3486033,0.7028178,0,1,1,0.7028178
chr1:1-1,0.045459133,0.14576572,0,0,0,0.14576572
chr1:1-1,0.059895985,0.04666754,0,0,0,0.059895985
chr1:1-1,0.005013763,0.035848957,0,0,0,0.035848957
chr1:1-1,0.064623594,0.47207752,0,0,0,0.47207752
chr1:1-1,0.04235838,0.2678352,0,0,0,0.2678352
chr1:1-1,0.14666848,0.59056735,0,1,1,0.59056735
chr1:1-1,0.048071694,0.4007808,0,0,0,0.4007808
chr1:1-1,0.4077633,0.40304863,0,0,0,0.4077633
chr1:1-1,0.26893178,0.4398256,0,0,0,0.4398256
chr1:1-1,0.019693883,0.2773399,0,0,0,0.2773399
chr1:1-1,0.00093444914,0.022756424,0,0,0,0.022756424
chr1:1-1,0.012947691,0.006813921,0,0,0,0.012947691
chr1:1-1,0.050519213,0.41909754,0,0,0,0.41909754
chr1:1-1,0.30302128,0.4878558,0,0,0,0.4878558
chr1:1-1,0.57802314,0.2857867,1,0,1,0.57802314
chr1:1-1,0.07617356,0.19254653,0,0,0,0.19254653
chr1:1-1,0.08630499,0.43020293,0,0,0,0.43020293
chr1:1-1,0.032073073,0.11263737,0,0,0,0.11263737
chr1:1-1,0.01668084,0.22287257,0,0,0,0.22287257
chr1:1-1,0.029134352,0.23169622,0,0,0,0.23169622
chr1:1-1,0.058987103,0.1533636,0,0,0,0.1533636
chr1:1-1,0.21534133,0.869416,0,1,1,0.869416
chr1:1-1,0.0017573402,0.2944207,0,0,0,0.2944207
chr1:1-1,0.004655607,0.44403532,0,0,0,0.44403532
chr1:1-1,0.84153485,0.4867308,1,0,1,0.84153485
chr1:1-1,0.070920855,0.48905626,0,0,0,0.48905626
chr1:1-1,0.14584075,0.09619379,0,0,0,0.14584075
chr1:1-1,0.019997025,0.6464876,0,1,1,0.6464876
chr1:1-1,0.007082509,0.05806131,0,0,0,0.05806131
chr1:1-1,0.0180331,0.011021079,0,0,0,0.0180331
chr1:1-1,0.042217642,0.032651212,0,0,0,0.042217642
chr1:1-1,0.18593207,0.5844877,0,1,1,0.5844877
chr1:1-1,0.015623704,0.104762256,0,0,0,0.104762256
chr1:1-1,0.2807461,0.46577817,0,0,0,0.46577817
chr1:1-1,0.77869654,0.26789826,1,0,1,0.77869654
chr1:1-1,0.097030155,0.26294312,0,0,0,0.26294312
chr1:1-1,0.0066370247,0.065510035,0,0,0,0.065510035
chr1:1-1,0.015678521,0.024040297,0,0,0,0.024040297
chr1:1-1,0.44747534,0.93483406,0,1,1,0.93483406
chr1:1-1,0.31069994,0.6230844,0,1,1,0.6230844
chr1:1-1,0.10124289,0.47963077,0,0,0,0.47963077
chr1:1-1,0.0060299863,0.034044195,0,0,0,0.034044195
chr1:1-1,0.02320101,0.035499196,0,0,0,0.035499196
chr1:1-1,0.024803303,0.025315763,0,0,0,0.025315763
chr1:1-1,0.22823846,0.19651891,0,0,0,0.22823846
chr1:1-1,0.2401787,0.21221372,0,0,0,0.2401787
chr1:1-1,0.30111396,0.090618104,0,0,0,0.30111396
chr1:1-1,0.75922316,0.22642097,1,0,1,0.75922316
chr1:1-1,0.28163928,0.361058,0,0,0,0.361058
chr1:1-1,0.07123539,0.12690838,0,0,0,0.12690838
chr1:1-1,0.016925089,0.02167756,0,0,0,0.02167756
chr1:1-1,0.0605294,0.60658264,0,1,1,0.60658264
chr1:1-1,0.2572144,0.16776411,0,0,0,0.2572144
chr1:1-1,0.0064679133,0.013190054,0,0,0,0.013190054
chr1:1-1,0.0188162,0.0927321,0,0,0,0.0927321
chr1:1-1,0.37231678,0.5704983,0,1,1,0.5704983
chr1:1-1,0.15343703,0.10354133,0,0,0,0.15343703
chr1:1-1,0.0040897783,0.30254042,0,0,0,0.30254042
chr1:1-1,0.29817486,0.9579157,0,1,1,0.9579157
chr1:1-1,0.06287472,0.5026402,0,1,1,0.5026402
chr1:1-1,0.028142586,0.04651109,0,0,0,0.04651109
chr1:1-1,0.45253497,0.8558927,0,1,1,0.8558927
chr1:1-1,0.023578806,0.06314615,0,0,0,0.06314615
chr1:1-1,0.22185436,0.62402886,0,1,1,0.62402886
chr1:1-1,0.07951782,0.50441617,0,1,1,0.50441617
chr1:1-1,0.004479653,0.01206376,0,0,0,0.01206376
chr1:1-1,0.31982607,0.9795976,0,1,1,0.9795976
chr1:1-1,0.1679282,0.6465201,0,1,1,0.6465201
chr1:1-1,0.8773415,0.8270075,1,1,1,0.8773415
chr1:1-1,0.17466146,0.07582324,0,0,0,0.17466146
chr1:1-1,0.13756526,0.012384327,0,0,0,0.13756526
chr1:1-1,0.13145322,0.7614634,0,1,1,0.7614634
chr1:1-1,0.078252174,0.032762203,0,0,0,0.078252174
chr1:1-1,0.026942423,0.75792503,0,1,1,0.75792503
chr1:1-1,0.005426642,0.023675695,0,0,0,0.023675695
chr1:1-1,0.8955594,0.7574344,1,1,1,0.8955594
chr1:1-1,0.39606816,0.68022907,0,1,1,0.68022907
chr1:1-1,0.09092909,0.52565694,0,1,1,0.52565694
chr1:1-1,0.018712297,0.37387395,0,0,0,0.37387395
chr1:1-1,0.028388146,0.12206302,0,0,0,0.12206302
chr1:1-1,0.0042222007,0.328792,0,0,0,0.328792
chr1:1-1,0.03198942,0.14573528,0,0,0,0.14573528
chr1:1-1,0.0027599668,0.010664277,0,0,0,0.010664277
chr1:1-1,0.07384533,0.37971744,0,0,0,0.37971744
chr1:1-1,0.11511464,0.04434173,0,0,0,0.11511464
chr1:1-1,0.5725376,0.1606965,1,0,1,0.5725376
chr1:1-1,0.017444119,0.03758668,0,0,0,0.03758668
chr1:1-1,0.016050912,0.18035175,0,0,0,0.18035175
chr1:1-1,0.08709087,0.62035924,0,1,1,0.62035924
chr1:1-1,0.023795087,0.2507246,0,0,0,0.2507246
chr1:1-1,0.054303274,0.14556752,0,0,0,0.14556752
chr1:1-1,0.0044877585,0.33955637,0,0,0,0.33955637
chr1:1-1,0.146829,0.26631758,0,0,0,0.26631758
chr1:1-1,0.01833304,0.025600543,0,0,0,0.025600543
chr1:1-1,0.05223848,0.047926884,0,0,0,0.05223848
chr1:1-1,0.015741106,0.38783804,0,0,0,0.38783804
chr1:1-1,0.2902128,0.67100376,0,1,1,0.67100376
chr1:1-1,0.113144286,0.034332655,0,0,0,0.113144286
chr1:1-1,0.39253637,0.7506602,0,1,1,0.7506602
chr1:1-1,0.16580671,0.5211068,0,1,1,0.5211068
chr1:1-1,0.013119746,0.030738974,0,0,0,0.030738974
chr1:1-1,0.00063958904,0.047065675,0,0,0,0.047065675
chr1:1-1,0.021675536,0.031752888,0,0,0,0.031752888
chr1:1-1,0.09072667,0.30651504,0,0,0,0.30651504
chr1:1-1,0.744315,0.9610057,1,1,1,0.9610057
chr1:1-1,0.03915902,0.2574885,0,0,0,0.2574885
chr1:1-1,0.43795705,0.68521065,0,1,1,0.68521065
chr1:1-1,0.057402898,0.25834993,0,0,0,0.25834993
chr1:1-1,0.37902257,0.72188437,0,1,1,0.72188437
chr1:1-1,0.21909894,0.63715905,0,1,1,0.63715905
chr1:1-1,0.069934316,0.015151007,0,0,0,0.069934316
chr1:1-1,0.022792708,0.26044902,0,0,0,0.26044902
chr1:1-1,0.013518006,0.05686738,0,0,0,0.05686738
chr1:1-1,0.030548478,0.05589545,0,0,0,0.05589545
chr1:1-1,0.033065047,0.056179553,0,0,0,0.056179553
chr1:1-1,0.052376963,0.0757739,0,0,0,0.0757739
chr1:1-1,0.0035042479,0.02339482,0,0,0,0.02339482
chr1:1-1,0.38354877,0.8222925,0,1,1,0.8222925
chr1:1-1,0.13455294,0.7148061,0,1,1,0.7148061
chr1:1-1,0.0030940291,0.12343463,0,0,0,0.12343463
chr1:1-1,0.01375725,0.5443395,0,1,1,0.5443395
chr1:1-1,0.076954566,0.24488345,0,0,0,0.24488345
chr1:1-1,0.01949765,0.08562317,0,0,0,0.08562317
chr1:1-1,0.10638254,0.74843407,0,1,1,0.74843407
chr1:1-1,0.010987341,0.12708254,0,0,0,0.12708254
chr1:1-1,0.095873795,0.8107133,0,1,1,0.8107133
chr1:1-1,0.37824842,0.5636008,0,1,1,0.5636008
chr1:1-1,0.020722793,0.1272964,0,0,0,0.1272964
chr1:1-1,0.036482375,0.019840261,0,0,0,0.036482375
chr1:1-1,0.37755078,0.5557312,0,1,1,0.5557312
chr1:1-1,0.00046116894,0.006139349,0,0,0,0.006139349
chr1:1-1,0.1462346,0.3049246,0,0,0,0.3049246
chr1:1-1,0.6283182,0.7326614,1,1,1,0.7326614
chr1:1-1,0.08422029,0.12605008,0,0,0,0.12605008
chr1:1-1,0.013918207,0.2580034,0,0,0,0.2580034
chr1:1-1,0.039859455,0.074421406,0,0,0,0.074421406
chr1:1-1,0.05839286,0.06519825,0,0,0,0.06519825
chr1:1-1,0.004386658,0.0033868013,0,0,0,0.004386658
chr1:1-1,0.0217815,0.50606143,0,1,1,0.50606143
chr1:1-1,0.008252894,0.46965218,0,0,0,0.46965218
chr1:1-1,0.04767276,0.024376454,0,0,0,0.04767276
chr1:1-1,0.14176378,0.027110612,0,0,0,0.14176378
chr1:1-1,0.08208421,0.104374826,0,0,0,0.104374826
chr1:1-1,0.024795474,0.26277313,0,0,0,0.26277313
chr1:1-1,0.0040056524,0.031667788,0,0,0,0.031667788
chr1:1-1,0.035184387,0.067912675,0,0,0,0.067912675
chr1:1-1,0.0061269463,0.017088946,0,0,0,0.017088946
chr1:1-1,0.96412015,0.9624364,1,1,1,0.96412015
chr1:1-1,0.15722466,0.20989342,0,0,0,0.20989342
chr1:1-1,0.14526741,0.03425683,0,0,0,0.14526741
chr1:1-1,0.124510616,0.1387696,0,0,0,0.1387696
chr1:1-1,0.075932875,0.33531275,0,0,0,0.33531275
chr1:1-1,0.04481588,0.711944,0,1,1,0.711944
chr1:1-1,0.13255015,0.09295715,0,0,0,0.13255015
chr1:1-1,0.09183649,0.46634033,0,0,0,0.46634033
chr1:1-1,0.48336744,0.03613499,0,0,0,0.48336744
chr1:1-1,0.02254613,0.2514076,0,0,0,0.2514076
chr1:1-1,0.37672886,0.9490727,0,1,1,0.9490727
chr1:1-1,0.08299254,0.32827953,0,0,0,0.32827953
chr1:1-1,0.011293061,0.055448346,0,0,0,0.055448346
chr1:1-1,0.05205773,0.30163655,0,0,0,0.30163655
chr1:1-1,0.011677178,0.19862029,0,0,0,0.19862029
chr1:1-1,0.022158306,0.062195998,0,0,0,0.062195998
chr1:1-1,0.08546699,0.023132289,0,0,0,0.08546699
chr1:1-1,0.011622242,0.023041977,0,0,0,0.023041977
chr1:1-1,0.09850334,0.070610136,0,0,0,0.09850334
chr1:1-1,0.025716139,0.05079925,0,0,0,0.05079925
chr1:1-1,0.10345585,0.38399643,0,0,0,0.38399643
chr1:1-1,0.02247573,0.25261426,0,0,0,0.25261426
chr1:1-1,0.011643031,0.047492612,0,0,0,0.047492612
chr1:1-1,0.53005016,0.37203538,1,0,1,0.53005016
chr1:1-1,0.5064062,0.54398257,1,1,1,0.54398257
chr1:1-1,0.050853956,0.21288024,0,0,0,0.21288024
chr1:1-1,0.022538401,0.18515177,0,0,0,0.18515177
chr1:1-1,0.14778835,0.045683447,0,0,0,0.14778835
chr1:1-1,0.21984482,0.7443818,0,1,1,0.7443818
chr1:1-1,0.45490015,0.46723425,0,0,0,0.46723425
chr1:1-1,0.17375202,0.059005827,0,0,0,0.17375202
chr1:1-1,0.15792054,0.44478676,0,0,0,0.44478676
chr1:1-1,0.0072342944,0.05704404,0,0,0,0.05704404
chr1:1-1,0.18969731,0.040879093,0,0,0,0.18969731
chr1:1-1,0.1251288,0.65371585,0,1,1,0.65371585
chr1:1-1,0.15329525,0.17716475,0,0,0,0.17716475
chr1:1-1,0.054572318,0.50343055,0,1,1,0.50343055
chr1:1-1,0.40090698,0.28219762,0,0,0,0.40090698
chr1:1-1,0.19954044,0.13450679,0,0,0,0.19954044
chr1:1-1,0.22339492,0.17573115,0,0,0,0.22339492
chr1:1-1,0.0997368,0.11976849,0,0,0,0.11976849
chr1:1-1,0.39909598,0.50135547,0,1,1,0.50135547
chr1:1-1,0.013754709,0.11899269,0,0,0,0.11899269
chr1:1-1,0.4503179,0.77225983,0,1,1,0.77225983
chr1:1-1,0.39586407,0.78222936,0,1,1,0.78222936
chr1:1-1,0.31255138,0.27868378,0,0,0,0.31255138
chr1:1-1,0.014113686,0.46840099,0,0,0,0.46840099
chr1:1-1,0.907913,0.7700961,1,1,1,0.907913
chr1:1-1,0.1559396,0.1615327,0,0,0,0.1615327
chr1:1-1,0.9890809,0.9971961,1,1,1,0.9971961
chr1:1-1,0.060676046,0.00975429,0,0,0,0.060676046
chr1:1-1,0.408572,0.98843247,0,1,1,0.98843247
chr1:1-1,0.3306017,0.9357862,0,1,1,0.9357862
chr1:1-1,0.094846554,0.7248575,0,1,1,0.7248575
chr1:1-1,0.10998921,0.6558986,0,1,1,0.6558986
chr1:1-1,0.0391525,0.13910776,0,0,0,0.13910776
chr1:1-1,0.05575453,0.13058098,0,0,0,0.13058098
chr1:1-1,0.09389965,0.04280876,0,0,0,0.09389965
chr1:1-1,0.2648624,0.0651691,0,0,0,0.2648624
chr1:1-1,0.07748389,0.027343199,0,0,0,0.07748389
chr1:1-1,0.17743413,0.79727083,0,1,1,0.79727083
chr1:1-1,0.10041479,0.16571172,0,0,0,0.16571172
chr1:1-1,0.09599625,0.5276316,0,1,1,0.5276316
chr1:1-1,0.103741005,0.4585972,0,0,0,0.4585972
chr1:1-1,0.17599568,0.24104574,0,0,0,0.24104574
chr1:1-1,0.016803017,0.14504051,0,0,0,0.14504051
chr1:1-1,0.9125432,0.98515195,1,1,1,0.98515195
chr1:1-1,0.050339054,0.46993834,0,0,0,0.46993834
chr1:1-1,0.15545656,0.18359633,0,0,0,0.18359633
chr1:1-1,0.4582603,0.87370294,0,1,1,0.87370294
chr1:1-1,0.05099427,0.22152482,0,0,0,0.22152482
chr1:1-1,0.0073650866,0.016746117,0,0,0,0.016746117
chr1:1-1,0.09557188,0.05828941,0,0,0,0.09557188
chr1:1-1,0.9337505,0.7719809,1,1,1,0.9337505
chr1:1-1,0.31584346,0.016477045,0,0,0,0.31584346
chr1:1-1,0.36589065,0.12692976,0,0,0,0.36589065
chr1:1-1,0.7961799,0.9866443,1,1,1,0.9866443
chr1:1-1,0.0910582,0.41434234,0,0,0,0.41434234
chr1:1-1,0.72939026,0.908349,1,1,1,0.908349
chr1:1-1,0.06912637,0.42702052,0,0,0,0.42702052
chr1:1-1,0.070875935,0.004414879,0,0,0,0.070875935
chr1:1-1,0.013610736,0.16979115,0,0,0,0.16979115
chr1:1-1,0.8444889,0.69652176,1,1,1,0.8444889
chr1:1-1,0.6545659,0.3373113,1,0,1,0.6545659
chr1:1-1,0.16987133,0.13545027,0,0,0,0.16987133
chr1:1-1,0.02367841,0.1297657,0,0,0,0.1297657
chr1:1-1,0.8203873,0.9112628,1,1,1,0.9112628
chr1:1-1,0.014107795,0.04039174,0,0,0,0.04039174
chr1:1-1,0.29952785,0.20123538,0,0,0,0.29952785
chr1:1-1,0.08922199,0.04636018,0,0,0,0.08922199
chr1:1-1,0.2054881,0.50690913,0,1,1,0.50690913
chr1:1-1,0.14821355,0.121366225,0,0,0,0.14821355
chr1:1-1,0.08824695,0.7236834,0,1,1,0.7236834
chr1:1-1,0.5311414,0.18366931,1,0,1,0.5311414
chr1:1-1,0.07781329,0.09542822,0,0,0,0.09542822
chr1:1-1,0.09047839,0.056367103,0,0,0,0.09047839
chr1:1-1,0.0038245565,0.03802291,0,0,0,0.03802291
chr1:1-1,0.46941373,0.30880356,0,0,0,0.46941373
chr1:1-1,0.650353,0.23403531,1,0,1,0.650353
chr1:1-1,0.05159721,0.20393531,0,0,0,0.20393531
chr1:1-1,0.14101551,0.48104572,0,0,0,0.48104572
chr1:1-1,0.07457638,0.25479794,0,0,0,0.25479794
chr1:1-1,0.1876138,0.3501081,0,0,0,0.3501081
chr1:1-1,0.070777886,0.15889183,0,0,0,0.15889183
chr1:1-1,0.00966786,0.07332727,0,0,0,0.07332727
chr1:1-1,0.026184887,0.023676423,0,0,0,0.026184887
chr1:1-1,0.00935111,0.025527243,0,0,0,0.025527243
chr1:1-1,0.9046958,0.8236736,1,1,1,0.9046958
chr1:1-1,0.95701927,0.9822468,1,1,1,0.9822468
chr1:1-1,0.7913643,0.9744169,1,1,1,0.9744169
chr1:1-1,0.05709905,0.01755052,0,0,0,0.05709905
chr1:1-1,0.0021797202,0.036155842,0,0,0,0.036155842
chr1:1-1,0.027737252,0.33489707,0,0,0,0.33489707
chr1:1-1,0.0084050335,0.020900384,0,0,0,0.020900384
chr1:1-1,0.059597675,0.23802537,0,0,0,0.23802537
chr1:1-1,0.5232119,0.08541512,1,0,1,0.5232119
chr1:1-1,0.014577112,0.013370098,0,0,0,0.014577112
chr1:1-1,0.0027094085,0.0020198731,0,0,0,0.0027094085
chr1:1-1,0.00998645,0.07178243,0,0,0,0.07178243
chr1:1-1,0.4654658,0.8145571,0,1,1,0.8145571
chr1:1-1,0.086589366,0.32039648,0,0,0,0.32039648
chr1:1-1,0.0692642,0.24105556,0,0,0,0.24105556
chr1:1-1,0.24956736,0.50838614,0,1,1,0.50838614
chr1:1-1,0.030027004,0.060104266,0,0,0,0.060104266
chr1:1-1,0.023399357,0.398401,0,0,0,0.398401
chr1:1-1,0.065027356,0.0486621,0,0,0,0.065027356
chr1:1-1,0.043281913,0.14579219,0,0,0,0.14579219
chr1:1-1,0.15694186,0.028123686,0,0,0,0.15694186
chr1:1-1,0.03718162,0.019278517,0,0,0,0.03718162
chr1:1-1,0.3693431,0.30099955,0,0,0,0.3693431
chr1:1-1,0.16254199,0.5443108,0,1,1,0.5443108
chr1:1-1,0.053959586,0.23686244,0,0,0,0.23686244
chr1:1-1,0.005564439,0.004375208,0,0,0,0.005564439
chr1:1-1,0.038193233,0.011212283,0,0,0,0.038193233
chr1:1-1,0.020145498,0.45231575,0,0,0,0.45231575
chr1:1-1,0.04656333,0.7560483,0,1,1,0.7560483
chr1:1-1,0.1513431,0.015991451,0,0,0,0.1513431
chr1:1-1,0.09574316,0.1622522,0,0,0,0.1622522
chr1:1-1,0.16282952,0.19413202,0,0,0,0.19413202
chr1:1-1,0.27395067,0.94225204,0,1,1,0.94225204
chr1:1-1,0.77396923,0.47964218,1,0,1,0.77396923
chr1:1-1,0.0351975,0.5205547,0,1,1,0.5205547
chr1:1-1,0.05243794,0.023843091,0,0,0,0.05243794
chr1:1-1,0.48409432,0.39970282,0,0,0,0.48409432
chr1:1-1,0.93845177,0.8560166,1,1,1,0.93845177
chr1:1-1,0.013592089,0.09104865,0,0,0,0.09104865
chr1:1-1,0.118687466,0.16951989,0,0,0,0.16951989
chr1:1-1,0.08969737,0.8735306,0,1,1,0.8735306
chr1:1-1,0.8230566,0.92590433,1,1,1,0.92590433
chr1:1-1,0.22439227,0.7629899,0,1,1,0.7629899
chr1:1-1,0.024574226,0.27391666,0,0,0,0.27391666
chr1:1-1,0.016568234,0.031103563,0,0,0,0.031103563
chr1:1-1,0.014916079,0.23177688,0,0,0,0.23177688
chr1:1-1,0.18685456,0.084342055,0,0,0,0.18685456
chr1:1-1,0.7978829,0.91342676,1,1,1,0.91342676
chr1:1-1,0.1634232,0.7586387,0,1,1,0.7586387
chr1:1-1,0.044220034,0.10199735,0,0,0,0.10199735
chr1:1-1,0.27130744,0.8079916,0,1,1,0.8079916
chr1:1-1,0.1559304,0.056307882,0,0,0,0.1559304
chr1:1-1,0.3875785,0.34950635,0,0,0,0.3875785
chr1:1-1,0.0057538706,0.03251248,0,0,0,0.03251248
chr1:1-1,0.0071999244,0.16306092,0,0,0,0.16306092
chr1:1-1,0.035335504,0.1176184,0,0,0,0.1176184
chr1:1-1,0.12946324,0.7029527,0,1,1,0.7029527
chr1:1-1,0.9766848,0.8881118,1,1,1,0.9766848
chr1:1-1,0.008390405,0.026384631,0,0,0,0.026384631
chr1:1-1,0.6512925,0.26896188,1,0,1,0.6512925
chr1:1-1,0.95908606,0.47020397,1,0,1,0.95908606
chr1:1-1,0.62340367,0.7464897,1,1,1,0.7464897
chr1:1-1,0.0017819911,0.012728268,0,0,0,0.012728268
chr1:1-1,0.039521262,0.4823742,0,0,0,0.4823742
chr1:1-1,0.114623375,0.32793728,0,0,0,0.32793728
chr1:1-1,0.007899776,0.0035515164,0,0,0,0.007899776
chr1:1-1,0.0060177236,0.0071350797,0,0,0,0.0071350797
chr1:1-1,0.0145633165,0.19682425,0,0,0,0.19682425
chr1:1-1,0.012092613,0.0106675625,0,0,0,0.012092613
chr1:1-1,0.1034959,0.03586826,0,0,0,0.1034959
chr1:1-1,0.34306523,0.079835,0,0,0,0.34306523
chr1:1-1,0.036031935,0.08579303,0,0,0,0.08579303
chr1:1-1,0.03076201,0.4664916,0,0,0,0.4664916
chr1:1-1,0.12867099,0.6172924,0,1,1,0.6172924
chr1:1-1,0.034587927,0.85652816,0,1,1,0.85652816
chr1:1-1,0.24941462,0.17102993,0,0,0,0.24941462
chr1:1-1,0.026065817,0.078417614,0,0,0,0.078417614
chr1:1-1,0.03614334,0.3306407,0,0,0,0.3306407
chr1:1-1,0.031576484,0.058569096,0,0,0,0.058569096
chr1:1-1,0.15170044,0.18327913,0,0,0,0.18327913
chr1:1-1,0.018273022,0.033237685,0,0,0,0.033237685
chr1:1-1,0.050974,0.22834809,0,0,0,0.22834809
chr1:1-1,0.42449626,0.7513609,0,1,1,0.7513609
chr1:1-1,0.0119122155,0.008519415,0,0,0,0.0119122155
chr1:1-1,0.061025597,0.38693604,0,0,0,0.38693604
chr1:1-1,0.63312364,0.24908279,1,0,1,0.63312364
chr1:1-1,0.035368487,0.029570088,0,0,0,0.035368487
chr1:1-1,0.49558735,0.47153518,0,0,0,0.49558735
chr1:1-1,0.03893686,0.23510647,0,0,0,0.23510647
chr1:1-1,0.11866458,0.18534094,0,0,0,0.18534094
chr1:1-1,0.6241268,0.85157144,1,1,1,0.85157144
chr1:1-1,0.2507242,0.5325709,0,1,1,0.5325709
chr1:1-1,0.31577566,0.8831062,0,1,1,0.8831062
chr1:1-1,0.08395608,0.027175844,0,0,0,0.08395608
chr1:1-1,0.28660497,0.42928165,0,0,0,0.42928165
chr1:1-1,0.5699961,0.35354322,1,0,1,0.5699961
chr1:1-1,0.03671419,0.12585203,0,0,0,0.12585203
chr1:1-1,0.018010316,0.13438658,0,0,0,0.13438658
chr1:1-1,0.06511329,0.2778648,0,0,0,0.2778648
chr1:1-1,0.06680183,0.46260372,0,0,0,0.46260372
chr1:1-1,0.5149691,0.81625557,1,1,1,0.81625557
chr1:1-1,0.009989704,0.27081394,0,0,0,0.27081394
chr1:1-1,0.16122225,0.5971265,0,1,1,0.5971265
chr1:1-1,0.37391415,0.1951638,0,0,0,0.37391415
chr1:1-1,0.008385258,0.07482089,0,0,0,0.07482089
chr1:1-1,0.8086135,0.37882882,1,0,1,0.8086135
chr1:1-1,0.0062933094,0.008173387,0,0,0,0.008173387
chr1:1-1,0.081831306,0.028957706,0,0,0,0.081831306
chr1:1-1,0.1274085,0.030252228,0,0,0,0.1274085
chr1:1-1,0.039805893,0.3039311,0,0,0,0.3039311
chr1:1-1,0.34859437,0.29059225,0,0,0,0.34859437
chr1:1-1,0.026572669,0.21783556,0,0,0,0.21783556
chr1:1-1,0.1839483,0.40357977,0,0,0,0.40357977
chr1:1-1,0.49722445,0.9096229,0,1,1,0.9096229
chr1:1-1,0.09682155,0.25294125,0,0,0,0.25294125
chr1:1-1,0.3183554,0.66418177,0,1,1,0.66418177
chr1:1-1,0.07121332,0.037969287,0,0,0,0.07121332
chr1:1-1,0.027752925,0.16993889,0,0,0,0.16993889
chr1:1-1,0.85539055,0.9852524,1,1,1,0.9852524
chr1:1-1,0.0036625967,0.061152555,0,0,0,0.061152555
chr1:1-1,0.46069828,0.8748,0,1,1,0.8748
chr1:1-1,0.061564267,0.6870752,0,1,1,0.6870752
chr1:1-1,0.008125554,0.00088143646,0,0,0,0.008125554
chr1:1-1,0.7317889,0.46411183,1,0,1,0.7317889
chr1:1-1,0.2244493,0.80534375,0,1,1,0.80534375
chr1:1-1,0.0031949938,0.005661363,0,0,0,0.005661363
chr1:1-1,0.046926953,0.08760955,0,0,0,0.08760955
chr1:1-1,0.16288011,0.99677473,0,1,1,0.99677473
chr1:1-1,0.08612483,0.35738018,0,0,0,0.35738018
chr1:1-1,0.04978862,0.1155838,0,0,0,0.1155838
chr1:1-1,0.3422589,0.7714968,0,1,1,0.7714968
chr1:1-1,0.016312491,0.16811223,0,0,0,0.16811223
chr1:1-1,0.10543192,0.11855553,0,0,0,0.11855553
chr1:1-1,0.67146635,0.61272275,1,1,1,0.67146635
chr1:1-1,0.08754477,0.18608968,0,0,0,0.18608968
chr1:1-1,0.69387573,0.9944957,1,1,1,0.9944957
chr1:1-1,0.2125773,0.81393945,0,1,1,0.81393945
chr1:1-1,0.034070253,0.41296414,0,0,0,0.41296414
chr1:1-1,0.09899625,0.46930745,0,0,0,0.46930745
chr1:1-1,0.5363445,0.92356265,1,1,1,0.92356265
chr1:1-1,0.30105048,0.83455616,0,1,1,0.83455616
chr1:1-1,0.02196848,0.29073024,0,0,0,0.29073024
chr1:1-1,0.76618564,0.9400728,1,1,1,0.9400728
chr1:1-1,0.4620197,0.96184367,0,1,1,0.96184367
chr1:1-1,0.7625829,0.41482306,1,0,1,0.7625829
chr1:1-1,0.14230113,0.053426128,0,0,0,0.14230113
chr1:1-1,0.018857291,0.45543864,0,0,0,0.45543864
chr1:1-1,0.2500436,0.6296035,0,1,1,0.6296035
chr1:1-1,0.6962349,0.5086029,1,1,1,0.6962349
chr1:1-1,0.019005874,0.18661915,0,0,0,0.18661915
chr1:1-1,0.653724,0.102889165,1,0,1,0.653724
chr1:1-1,0.032441232,0.0061639715,0,0,0,0.032441232
chr1:1-1,0.03782466,0.32560074,0,0,0,0.32560074
chr1:1-1,0.018488746,0.665541,0,1,1,0.665541
chr1:1-1,0.049016327,0.0032527063,0,0,0,0.049016327
chr1:1-1,0.10050692,0.1996995,0,0,0,0.1996995
chr1:1-1,0.26532665,0.5863745,0,1,1,0.5863745
chr1:1-1,0.02717382,0.53926027,0,1,1,0.53926027
chr1:1-1,0.22213328,0.14554179,0,0,0,0.22213328
chr1:1-1,0.026037235,0.019784646,0,0,0,0.026037235
chr1:1-1,0.024472412,0.05151614,0,0,0,0.05151614
chr1:1-1,0.14147854,0.97899675,0,1,1,0.97899675
chr1:1-1,0.04069995,0.39030918,0,0,0,0.39030918
chr1:1-1,0.14531691,0.39983982,0,0,0,0.39983982
chr1:1-1,0.14129408,0.85093075,0,1,1,0.85093075
chr1:1-1,0.15697838,0.66632974,0,1,1,0.66632974
chr1:1-1,0.09572729,0.52524054,0,1,1,0.52524054
chr1:1-1,0.0116849225,0.023113186,0,0,0,0.023113186
chr1:1-1,0.05577909,0.39469248,0,0,0,0.39469248
chr1:1-1,0.042207994,0.080364935,0,0,0,0.080364935
chr1:1-1,0.18240938,0.17289653,0,0,0,0.18240938
chr1:1-1,0.050905697,0.44604108,0,0,0,0.44604108
chr1:1-1,0.079085,0.19454633,0,0,0,0.19454633
chr1:1-1,0.06290309,0.3180107,0,0,0,0.3180107
chr1:1-1,0.0043055774,0.124587074,0,0,0,0.124587074
chr1:1-1,0.040909607,0.10674082,0,0,0,0.10674082
chr1:1-1,0.3539907,0.67608845,0,1,1,0.67608845
chr1:1-1,0.55297744,0.36708632,1,0,1,0.55297744
chr1:1-1,0.0142511,0.16724008,0,0,0,0.16724008
chr1:1-1,0.03211611,0.33694032,0,0,0,0.33694032
chr1:1-1,0.08994043,0.6769019,0,1,1,0.6769019
chr1:1-1,0.0029839876,0.050970092,0,0,0,0.050970092
chr1:1-1,0.31455332,0.6132162,0,1,1,0.6132162
chr1:1-1,0.059851862,0.24593855,0,0,0,0.24593855
chr1:1-1,0.25916898,0.36346886,0,0,0,0.36346886
chr1:1-1,0.6466375,0.7355459,1,1,1,0.7355459
chr1:1-1,0.0057544108,0.0052459533,0,0,0,0.0057544108
chr1:1-1,0.0045326552,0.065605015,0,0,0,0.065605015
chr1:1-1,0.8245707,0.867194,1,1,1,0.867194
chr1:1-1,0.02511427,0.008443578,0,0,0,0.02511427
chr1:1-1,0.006802562,0.0033913236,0,0,0,0.006802562
chr1:1-1,0.010189429,0.1272406,0,0,0,0.1272406
chr1:1-1,0.9811798,0.8534484,1,1,1,0.9811798
chr1:1-1,0.023261689,0.051276952,0,0,0,0.051276952
chr1:1-1,0.41741595,0.094871916,0,0,0,0.41741595
chr1:1-1,0.029913476,0.273942,0,0,0,0.273942
chr1:1-1,0.0529999,0.032925185,0,0,0,0.0529999
chr1:1-1,0.001253544,0.008214828,0,0,0,0.008214828
chr1:1-1,0.009455792,0.015221159,0,0,0,0.015221159
chr1:1-1,0.048773963,0.13520107,0,0,0,0.13520107
chr1:1-1,0.3658865,0.8040724,0,1,1,0.8040724
chr1:1-1,0.1126254,0.09473523,0,0,0,0.1126254
chr1:1-1,0.040259648,0.05168635,0,0,0,0.05168635
chr1:1-1,0.018461535,0.18940683,0,0,0,0.18940683
chr1:1-1,0.1934517,0.7986302,0,1,1,0.7986302
chr1:1-1,0.15738125,0.09589895,0,0,0,0.15738125
chr1:1-1,0.14747143,0.5268864,0,1,1,0.5268864
chr1:1-1,0.07840712,0.2011171,0,0,0,0.2011171
chr1:1-1,0.2519591,0.2561125,0,0,0,0.2561125
chr1:1-1,0.81437635,0.98253447,1,1,1,0.98253447
chr1:1-1,0.4414719,0.21177882,0,0,0,0.4414719
chr1:1-1,0.046242043,0.20922983,0,0,0,0.20922983
chr1:1-1,0.19384369,0.13515064,0,0,0,0.19384369
chr1:1-1,0.022113191,0.03662358,0,0,0,0.03662358
chr1:1-1,0.009674062,0.014963628,0,0,0,0.014963628
chr1:1-1,0.063599885,0.04831016,0,0,0,0.063599885
chr1:1-1,0.07866097,0.54891694,0,1,1,0.54891694
chr1:1-1,0.06532346,0.11231893,0,0,0,0.11231893
chr1:1-1,0.013586195,0.0038303034,0,0,0,0.013586195
chr1:1-1,0.21458648,0.37267935,0,0,0,0.37267935
chr1:1-1,0.15487918,0.9551282,0,1,1,0.9551282
chr1:1-1,0.6731367,0.8463515,1,1,1,0.8463515
chr1:1-1,0.570934,0.4305611,1,0,1,0.570934
chr1:1-1,0.0073390566,0.16028383,0,0,0,0.16028383
chr1:1-1,0.0033888523,0.08421925,0,0,0,0.08421925
chr1:1-1,0.004605207,0.29535365,0,0,0,0.29535365
chr1:1-1,0.107856974,0.15223484,0,0,0,0.15223484
chr1:1-1,0.029039178,0.76750493,0,1,1,0.76750493
chr1:1-1,0.04320378,0.22416334,0,0,0,0.22416334
chr1:1-1,0.020977275,0.0311235,0,0,0,0.0311235
chr1:1-1,0.04374645,0.13400806,0,0,0,0.13400806
chr1:1-1,0.13654695,0.100505,0,0,0,0.13654695
chr1:1-1,0.85582703,0.5557474,1,1,1,0.85582703
chr1:1-1,0.1730467,0.18016113,0,0,0,0.18016113
chr1:1-1,0.053916164,0.04628344,0,0,0,0.053916164
chr1:1-1,0.018038778,0.103854686,0,0,0,0.103854686
chr1:1-1,0.09422175,0.10299031,0,0,0,0.10299031
chr1:1-1,0.7856972,0.7181301,1,1,1,0.7856972
chr1:1-1,0.17466377,0.16481566,0,0,0,0.17466377
chr1:1-1,0.98132205,0.9745901,1,1,1,0.98132205
chr1:1-1,0.011638757,0.91727495,0,1,1,0.91727495
chr1:1-1,0.43307254,0.43472418,0,0,0,0.43472418
chr1:1-1,0.4335316,0.0860473,0,0,0,0.4335316
chr1:1-1,0.033112332,0.21513925,0,0,0,0.21513925
chr1:1-1,0.9080796,0.49146238,1,0,1,0.9080796
chr1:1-1,0.118616335,0.20072666,0,0,0,0.20072666
chr1:1-1,0.03169075,0.087549634,0,0,0,0.087549634
chr1:1-1,0.002748865,0.0051484546,0,0,0,0.0051484546
chr1:1-1,0.052651763,0.39103532,0,0,0,0.39103532
chr1:1-1,0.104102604,0.09685299,0,0,0,0.104102604
chr1:1-1,0.045444768,0.18983056,0,0,0,0.18983056
chr1:1-1,0.13454397,0.07608736,0,0,0,0.13454397
chr1:1-1,0.5140028,0.054006256,1,0,1,0.5140028
chr1:1-1,0.84930736,0.8208594,1,1,1,0.84930736
chr1:1-1,0.0040567974,0.012112498,0,0,0,0.012112498
chr1:1-1,0.13527672,0.22261812,0,0,0,0.22261812
chr1:1-1,0.08565059,0.92399096,0,1,1,0.92399096
chr1:1-1,0.050492536,0.07736235,0,0,0,0.07736235
chr1:1-1,0.0030461242,0.0101769855,0,0,0,0.0101769855
chr1:1-1,0.072955854,0.5192334,0,1,1,0.5192334
chr1:1-1,0.06077704,0.43185478,0,0,0,0.43185478
chr1:1-1,0.14458759,0.35773292,0,0,0,0.35773292
chr1:1-1,0.012667932,0.048791323,0,0,0,0.048791323
chr1:1-1,0.60711795,0.98769915,1,1,1,0.98769915
chr1:1-1,0.06937857,0.4571899,0,0,0,0.4571899
chr1:1-1,0.006090391,0.025838124,0,0,0,0.025838124
chr1:1-1,0.25125924,0.10117336,0,0,0,0.25125924
chr1:1-1,0.32405758,0.14205909,0,0,0,0.32405758
chr1:1-1,0.01850655,0.04003085,0,0,0,0.04003085
chr1:1-1,0.17181626,0.513358,0,1,1,0.513358
chr1:1-1,0.6171747,0.18813394,1,0,1,0.6171747
chr1:1-1,0.10150502,0.55862796,0,1,1,0.55862796
chr1:1-1,0.08005536,0.56548965,0,1,1,0.56548965
chr1:1-1,0.48322076,0.67115337,0,1,1,0.67115337
chr1:1-1,0.009895868,0.033236917,0,0,0,0.033236917
chr1:1-1,0.023685351,0.08619652,0,0,0,0.08619652
chr1:1-1,0.51016635,0.122725904,1,0,1,0.51016635
chr1:1-1,0.01758465,0.016822707,0,0,0,0.01758465
chr1:1-1,0.12230177,0.26890686,0,0,0,0.26890686
chr1:1-1,0.3909567,0.5741642,0,1,1,0.5741642
chr1:1-1,0.07646871,0.85900164,0,1,1,0.85900164
chr1:1-1,0.06498804,0.27921855,0,0,0,0.27921855
chr1:1-1,0.011957138,0.24659339,0,0,0,0.24659339
chr1:1-1,0.062675916,0.39257124,0,0,0,0.39257124
chr1:1-1,0.9896919,0.9978556,1,1,1,0.9978556
chr1:1-1,0.020439016,0.064243965,0,0,0,0.064243965
chr1:1-1,0.015869524,0.14322864,0,0,0,0.14322864
chr1:1-1,0.9111874,0.85789204,1,1,1,0.9111874
chr1:1-1,0.008749978,0.03177296,0,0,0,0.03177296
chr1:1-1,0.08193241,0.12831494,0,0,0,0.12831494
chr1:1-1,0.01956739,0.018039769,0,0,0,0.01956739
chr1:1-1,0.007976479,0.09584525,0,0,0,0.09584525
chr1:1-1,0.068408184,0.012729436,0,0,0,0.068408184
chr1:1-1,0.5140904,0.7147324,1,1,1,0.7147324
chr1:1-1,0.3876518,0.7428099,0,1,1,0.7428099
chr1:1-1,0.8485256,0.9129455,1,1,1,0.9129455
chr1:1-1,0.06015497,0.49278134,0,0,0,0.49278134
chr1:1-1,0.34096497,0.16199705,0,0,0,0.34096497
chr1:1-1,0.46897864,0.7029763,0,1,1,0.7029763
chr1:1-1,0.009289036,0.107663184,0,0,0,0.107663184
chr1:1-1,0.12808578,0.2596149,0,0,0,0.2596149
chr1:1-1,0.017057842,0.058801513,0,0,0,0.058801513
chr1:1-1,0.02730865,0.14166881,0,0,0,0.14166881
chr1:1-1,0.0092336405,0.3214655,0,0,0,0.3214655
chr1:1-1,0.008581947,0.02537781,0,0,0,0.02537781
chr1:1-1,0.08625289,0.17147413,0,0,0,0.17147413
chr1:1-1,0.19547203,0.036209412,0,0,0,0.19547203
chr1:1-1,0.6442982,0.27160192,1,0,1,0.6442982
chr1:1-1,0.11411193,0.052201997,0,0,0,0.11411193
chr1:1-1,0.0026928587,0.020516833,0,0,0,0.020516833
chr1:1-1,0.08714993,0.5115319,0,1,1,0.5115319
chr1:1-1,0.3955979,0.13190761,0,0,0,0.3955979
chr1:1-1,0.016773729,0.016536007,0,0,0,0.016773729
chr1:1-1,0.8518086,0.83643323,1,1,1,0.8518086
chr1:1-1,0.8503444,0.77915466,1,1,1,0.8503444
chr1:1-1,0.015671216,0.07575537,0,0,0,0.07575537
chr1:1-1,0.3453716,0.3111674,0,0,0,0.3453716
chr1:1-1,0.018243475,0.12506248,0,0,0,0.12506248
chr1:1-1,0.118738,0.39671877,0,0,0,0.39671877
chr1:1-1,0.010044827,0.014597908,0,0,0,0.014597908
chr1:1-1,0.038568456,0.036244527,0,0,0,0.038568456
chr1:1-1,0.06524152,0.4798595,0,0,0,0.4798595
chr1:1-1,0.0027706625,0.0022803436,0,0,0,0.0027706625
chr1:1-1,0.3467565,0.82323503,0,1,1,0.82323503
chr1:1-1,0.025354892,0.089131884,0,0,0,0.089131884
chr1:1-1,0.022450162,0.19159971,0,0,0,0.19159971
chr1:1-1,0.06511251,0.29980808,0,0,0,0.29980808
chr1:1-1,0.09968264,0.046208534,0,0,0,0.09968264
chr1:1-1,0.45833626,0.31031585,0,0,0,0.45833626
chr1:1-1,0.01032424,0.00033975075,0,0,0,0.01032424
chr1:1-1,0.035043113,0.37053528,0,0,0,0.37053528
chr1:1-1,0.043468937,0.26702306,0,0,0,0.26702306
chr1:1-1,0.1253768,0.49584708,0,0,0,0.49584708
chr1:1-1,0.0076691867,0.112747744,0,0,0,0.112747744
chr1:1-1,0.31198934,0.5652484,0,1,1,0.5652484
chr1:1-1,0.6260439,0.847562,1,1,1,0.847562
chr1:1-1,0.033778027,0.83137584,0,1,1,0.83137584
chr1:1-1,0.14699392,0.07030603,0,0,0,0.14699392
chr1:1-1,0.46064577,0.36746457,0,0,0,0.46064577
chr1:1-1,0.0170206,0.23681605,0,0,0,0.23681605
chr1:1-1,0.013154991,0.014805,0,0,0,0.014805
chr1:1-1,0.0114844795,0.022339517,0,0,0,0.022339517
chr1:1-1,0.028208585,0.32101858,0,0,0,0.32101858
chr1:1-1,0.2640799,0.39442816,0,0,0,0.39442816
chr1:1-1,0.06521565,0.10820014,0,0,0,0.10820014
chr1:1-1,0.03629753,0.042202406,0,0,0,0.042202406
chr1:1-1,0.38492942,0.83265245,0,1,1,0.83265245
chr1:1-1,0.07531538,0.1344398,0,0,0,0.1344398
chr1:1-1,0.016165601,0.83673984,0,1,1,0.83673984
chr1:1-1,0.025194144,0.113782935,0,0,0,0.113782935
chr1:1-1,0.036851116,0.23818693,0,0,0,0.23818693
chr1:1-1,0.22590528,0.3425321,0,0,0,0.3425321
chr1:1-1,0.025634715,0.011560498,0,0,0,0.025634715
chr1:1-1,0.017616672,0.15722603,0,0,0,0.15722603
chr1:1-1,0.08763442,0.42520243,0,0,0,0.42520243
chr1:1-1,0.053709477,0.047830682,0,0,0,0.053709477
chr1:1-1,0.05528599,0.18580346,0,0,0,0.18580346
chr1:1-1,0.19409636,0.29561087,0,0,0,0.29561087
chr1:1-1,0.0450051,0.7566192,0,1,1,0.7566192
chr1:1-1,0.07515981,0.09047882,0,0,0,0.09047882
chr1:1-1,0.019884143,0.054982565,0,0,0,0.054982565
chr1:1-1,0.0221374,0.015435166,0,0,0,0.0221374
chr1:1-1,0.5104205,0.47214705,1,0,1,0.5104205
chr1:1-1,0.06367236,0.16132526,0,0,0,0.16132526
chr1:1-1,0.008091372,0.06146992,0,0,0,0.06146992
chr1:1-1,0.67782855,0.441958,1,0,1,0.67782855
chr1:1-1,0.025961252,0.020044532,0,0,0,0.025961252
chr1:1-1,0.23226759,0.91322446,0,1,1,0.91322446
chr1:1-1,0.56838804,0.3459814,1,0,1,0.56838804
chr1:1-1,0.6056297,0.72604644,1,1,1,0.72604644
chr1:1-1,0.015291571,0.14520578,0,0,0,0.14520578
chr1:1-1,0.058289934,0.073925175,0,0,0,0.073925175
chr1:1-1,0.61944544,0.6058184,1,1,1,0.61944544
chr1:1-1,0.106203236,0.4937472,0,0,0,0.4937472
chr1:1-1,0.052583262,0.9501919,0,1,1,0.9501919
chr1:1-1,0.12252817,0.29192924,0,0,0,0.29192924
chr1:1-1,0.17299542,0.49103394,0,0,0,0.49103394
chr1:1-1,0.013233752,0.08506859,0,0,0,0.08506859
chr1:1-1,0.86105454,0.66743284,1,1,1,0.86105454
chr1:1-1,0.011551946,0.2952361,0,0,0,0.2952361
chr1:1-1,0.96748066,0.48671427,1,0,1,0.96748066
chr1:1-1,0.024891598,0.06803374,0,0,0,0.06803374
chr1:1-1,0.16595188,0.4332232,0,0,0,0.4332232
chr1:1-1,0.009570498,0.13910718,0,0,0,0.13910718
chr1:1-1,0.47553733,0.43004572,0,0,0,0.47553733
chr1:1-1,0.0161344,0.11593634,0,0,0,0.11593634
chr1:1-1,0.98950666,0.9983753,1,1,1,0.9983753
chr1:1-1,0.0073488415,0.01772664,0,0,0,0.01772664
chr1:1-1,0.01859643,0.063847736,0,0,0,0.063847736
chr1:1-1,0.48472646,0.18689449,0,0,0,0.48472646
chr1:1-1,0.70339787,0.383743,1,0,1,0.70339787
chr1:1-1,0.02371914,0.10549229,0,0,0,0.10549229
chr1:1-1,0.12173236,0.10311727,0,0,0,0.12173236
chr1:1-1,0.47384512,0.39313745,0,0,0,0.47384512
chr1:1-1,0.006628385,0.0033249883,0,0,0,0.006628385
chr1:1-1,0.026549201,0.4931234,0,0,0,0.4931234
chr1:1-1,0.24399169,0.2847737,0,0,0,0.2847737
chr1:1-1,0.36364678,0.83492255,0,1,1,0.83492255
chr1:1-1,0.005153163,0.1184359,0,0,0,0.1184359
chr1:1-1,0.005096836,0.1468068,0,0,0,0.1468068
chr1:1-1,0.44808134,0.9188811,0,1,1,0.9188811
chr1:1-1,0.1758081,0.8333704,0,1,1,0.8333704
chr1:1-1,0.01778528,0.6423918,0,1,1,0.6423918
chr1:1-1,0.08172686,0.55348223,0,1,1,0.55348223
chr1:1-1,0.17516144,0.751802,0,1,1,0.751802
chr1:1-1,0.10706373,0.020902872,0,0,0,0.10706373
chr1:1-1,0.37223342,0.48586085,0,0,0,0.48586085
chr1:1-1,0.49664265,0.9303879,0,1,1,0.9303879
chr1:1-1,0.9260758,0.76116073,1,1,1,0.9260758
chr1:1-1,0.004396033,0.020034691,0,0,0,0.020034691
chr1:1-1,0.05604972,0.2572337,0,0,0,0.2572337
chr1:1-1,0.2914289,0.5562031,0,1,1,0.5562031
chr1:1-1,0.004367082,0.18170834,0,0,0,0.18170834
chr1:1-1,0.004644958,0.08064747,0,0,0,0.08064747
chr1:1-1,0.039091833,0.22656453,0,0,0,0.22656453
chr1:1-1,0.06965451,0.06948339,0,0,0,0.06965451
chr1:1-1,0.014985278,0.12414731,0,0,0,0.12414731
chr1:1-1,0.25393453,0.5320259,0,1,1,0.5320259
chr1:1-1,0.073638916,0.32121217,0,0,0,0.32121217
chr1:1-1,0.0049381093,0.009735783,0,0,0,0.009735783
chr1:1-1,0.033435985,0.13170272,0,0,0,0.13170272
chr1:1-1,0.009545468,0.019644802,0,0,0,0.019644802
chr1:1-1,0.37768048,0.96442235,0,1,1,0.96442235
chr1:1-1,0.9282998,0.7120399,1,1,1,0.9282998
chr1:1-1,0.5070357,0.70471215,1,1,1,0.70471215
chr1:1-1,0.027613726,0.2274527,0,0,0,0.2274527
chr1:1-1,0.022756463,0.33079857,0,0,0,0.33079857
chr1:1-1,0.0044975043,0.094230555,0,0,0,0.094230555
chr1:1-1,0.260775,0.8757721,0,1,1,0.8757721
chr1:1-1,0.06221456,0.076036125,0,0,0,0.076036125
chr1:1-1,0.12510169,0.1686317,0,0,0,0.1686317
chr1:1-1,0.013994583,0.033971757,0,0,0,0.033971757
chr1:1-1,0.06310694,0.7803548,0,1,1,0.7803548
chr1:1-1,0.78192234,0.9070398,1,1,1,0.9070398
chr1:1-1,0.024082568,0.13012871,0,0,0,0.13012871
chr1:1-1,0.24259323,0.66747624,0,1,1,0.66747624
chr1:1-1,0.7296725,0.92330337,1,1,1,0.92330337
chr1:1-1,0.19041003,0.5578067,0,1,1,0.5578067
chr1:1-1,0.030319279,0.58580726,0,1,1,0.58580726
chr1:1-1,0.008104053,0.1479464,0,0,0,0.1479464
chr1:1-1,0.04083607,0.054020867,0,0,0,0.054020867
chr1:1-1,0.12377167,0.1286194,0,0,0,0.1286194
chr1:1-1,0.3104361,0.4513051,0,0,0,0.4513051
chr1:1-1,0.007283907,0.16937827,0,0,0,0.16937827
chr1:1-1,0.34767362,0.09513151,0,0,0,0.34767362
chr1:1-1,0.049496368,0.18676576,0,0,0,0.18676576
chr1:1-1,0.14910834,0.2734607,0,0,0,0.2734607
chr1:1-1,0.37521377,0.098784946,0,0,0,0.37521377
chr1:1-1,0.24170429,0.23897883,0,0,0,0.24170429
chr1:1-1,0.060892493,0.05535543,0,0,0,0.060892493
chr1:1-1,0.8995163,0.65255404,1,1,1,0.8995163
chr1:1-1,0.3053342,0.760019,0,1,1,0.760019
chr1:1-1,0.064197265,0.4014585,0,0,0,0.4014585
chr1:1-1,0.41343382,0.8481386,0,1,1,0.8481386
chr1:1-1,0.4580125,0.5224192,0,1,1,0.5224192
chr1:1-1,0.4468397,0.57338667,0,1,1,0.57338667
chr1:1-1,0.019906783,0.20434338,0,0,0,0.20434338
chr1:1-1,0.0059337546,0.038428687,0,0,0,0.038428687
chr1:1-1,0.032574497,0.05497922,0,0,0,0.05497922
chr1:1-1,0.41349983,0.36423224,0,0,0,0.41349983
chr1:1-1,0.009159041,0.19643475,0,0,0,0.19643475
chr1:1-1,0.01109354,0.04775498,0,0,0,0.04775498
chr1:1-1,0.07783598,0.33130684,0,0,0,0.33130684
chr1:1-1,0.020650083,0.38083395,0,0,0,0.38083395
chr1:1-1,0.5974541,0.7322806,1,1,1,0.7322806
chr1:1-1,0.09926947,0.02141109,0,0,0,0.09926947
chr1:1-1,0.34713846,0.60731,0,1,1,0.60731
chr1:1-1,0.6460678,0.21849024,1,0,1,0.6460678
chr1:1-1,0.038480524,0.45077154,0,0,0,0.45077154
chr1:1-1,0.486765,0.8902374,0,1,1,0.8902374
chr1:1-1,0.068085685,0.05998921,0,0,0,0.068085685
chr1:1-1,0.46498632,0.4768275,0,0,0,0.4768275
chr1:1-1,0.058610864,0.109496996,0,0,0,0.109496996
chr1:1-1,0.5028494,0.5146132,1,1,1,0.5146132
chr1:1-1,0.011698781,0.031251766,0,0,0,0.031251766
chr1:1-1,0.013894863,0.08918627,0,0,0,0.08918627
chr1:1-1,0.06827828,0.29356852,0,0,0,0.29356852
chr1:1-1,0.21989986,0.4960765,0,0,0,0.4960765
chr1:1-1,0.19622727,0.3487071,0,0,0,0.3487071
chr1:1-1,0.07598611,0.04986092,0,0,0,0.07598611
chr1:1-1,0.08034382,0.5238183,0,1,1,0.5238183
chr1:1-1,0.090330176,0.07875675,0,0,0,0.090330176
chr1:1-1,0.11526631,0.37168097,0,0,0,0.37168097
chr1:1-1,0.18118276,0.45498562,0,0,0,0.45498562
chr1:1-1,0.23131482,0.80236685,0,1,1,0.80236685
chr1:1-1,0.006584726,0.0268923,0,0,0,0.0268923
chr1:1-1,0.44310486,0.7133853,0,1,1,0.7133853
chr1:1-1,0.013661911,0.003202077,0,0,0,0.013661911
chr1:1-1,0.49286646,0.17322305,0,0,0,0.49286646
chr1:1-1,0.04934771,0.74245244,0,1,1,0.74245244
chr1:1-1,0.06097944,0.574972,0,1,1,0.574972
chr1:1-1,0.63104916,0.96748817,1,1,1,0.96748817
chr1:1-1,0.060372554,0.25304466,0,0,0,0.25304466
chr1:1-1,0.09597525,0.7002035,0,1,1,0.7002035
chr1:1-1,0.0423552,0.2184056,0,0,0,0.2184056
chr1:1-1,0.056716923,0.08612751,0,0,0,0.08612751
chr1:1-1,0.07180214,0.20658116,0,0,0,0.20658116
chr1:1-1,0.1072799,0.3868302,0,0,0,0.3868302
chr1:1-1,0.24014372,0.021966374,0,0,0,0.24014372
chr1:1-1,0.014176425,0.11308154,0,0,0,0.11308154
chr1:1-1,0.08290142,0.019775469,0,0,0,0.08290142
chr1:1-1,0.041139822,0.046805628,0,0,0,0.046805628
chr1:1-1,0.09428171,0.2998123,0,0,0,0.2998123
chr1:1-1,0.83854324,0.94266385,1,1,1,0.94266385
chr1:1-1,0.03930229,0.2955705,0,0,0,0.2955705
chr1:1-1,0.32042664,0.83264756,0,1,1,0.83264756
chr1:1-1,0.23526566,0.40040478,0,0,0,0.40040478
chr1:1-1,0.05108846,0.043727577,0,0,0,0.05108846
chr1:1-1,0.75827575,0.9885844,1,1,1,0.9885844
chr1:1-1,0.10707119,0.15331037,0,0,0,0.15331037
chr1:1-1,0.071034625,0.18712777,0,0,0,0.18712777
chr1:1-1,0.13519149,0.8356952,0,1,1,0.8356952
chr1:1-1,0.0872698,0.2061844,0,0,0,0.2061844
chr1:1-1,0.031428367,0.17151015,0,0,0,0.17151015
chr1:1-1,0.12099086,0.0113405185,0,0,0,0.12099086
chr1:1-1,0.0038159129,0.042273354,0,0,0,0.042273354
chr1:1-1,0.005139187,0.47479787,0,0,0,0.47479787
chr1:1-1,0.76383466,0.9501915,1,1,1,0.9501915
chr1:1-1,0.11151528,0.17404981,0,0,0,0.17404981
chr1:1-1,0.097249195,0.29363796,0,0,0,0.29363796
chr1:1-1,0.054131296,0.03098188,0,0,0,0.054131296
chr1:1-1,0.19715096,0.37361208,0,0,0,0.37361208
chr1:1-1,0.008294713,0.089133315,0,0,0,0.089133315
chr1:1-1,0.99211264,0.8912956,1,1,1,0.99211264
chr1:1-1,0.42348036,0.42045683,0,0,0,0.42348036
chr1:1-1,0.19940756,0.27909827,0,0,0,0.27909827
chr1:1-1,0.006131626,0.03189642,0,0,0,0.03189642
chr1:1-1,0.31572327,0.2830678,0,0,0,0.31572327
chr1:1-1,0.025351046,0.03638744,0,0,0,0.03638744
chr1:1-1,0.011380985,0.035119347,0,0,0,0.035119347
chr1:1-1,0.031250343,0.051717166,0,0,0,0.051717166
chr1:1-1,0.00481655,0.058161847,0,0,0,0.058161847
chr1:1-1,0.08544485,0.021867244,0,0,0,0.08544485
chr1:1-1,0.6835373,0.8519596,1,1,1,0.8519596
chr1:1-1,0.06536123,0.12368442,0,0,0,0.12368442
chr1:1-1,0.37152797,0.17688324,0,0,0,0.37152797
chr1:1-1,0.034849793,0.09608906,0,0,0,0.09608906
chr1:1-1,0.31320074,0.98334366,0,1,1,0.98334366
chr1:1-1,0.035728153,0.5632877,0,1,1,0.5632877
chr1:1-1,0.012280481,0.051312227,0,0,0,0.051312227
chr1:1-1,0.073080644,0.45706883,0,0,0,0.45706883
chr1:1-1,0.045188323,0.3159839,0,0,0,0.3159839
chr1:1-1,0.7630541,0.8348546,1,1,1,0.8348546
chr1:1-1,0.011912978,0.6377205,0,1,1,0.6377205
chr1:1-1,0.087762244,0.649246,0,1,1,0.649246
chr1:1-1,0.12182268,0.348492,0,0,0,0.348492
chr1:1-1,0.7092815,0.93036145,1,1,1,0.93036145
chr1:1-1,0.96291107,0.78514886,1,1,1,0.96291107
chr1:1-1,0.12582147,0.028702898,0,0,0,0.12582147
chr1:1-1,0.13675503,0.7852606,0,1,1,0.7852606
chr1:1-1,0.014798346,0.083189666,0,0,0,0.083189666
chr1:1-1,0.56087494,0.5925742,1,1,1,0.5925742
chr1:1-1,0.013954746,0.031154975,0,0,0,0.031154975
chr1:1-1,0.39582482,0.6122666,0,1,1,0.6122666
chr1:1-1,0.60121304,0.6317842,1,1,1,0.6317842
chr1:1-1,0.014034077,0.04234957,0,0,0,0.04234957
chr1:1-1,0.0047158552,0.010072232,0,0,0,0.010072232
chr1:1-1,0.055104677,0.029908122,0,0,0,0.055104677
chr1:1-1,0.34494328,0.51842004,0,1,1,0.51842004
chr1:1-1,0.2449224,0.5617088,0,1,1,0.5617088
chr1:1-1,0.010874775,0.081045315,0,0,0,0.081045315
chr1:1-1,0.74667007,0.6440951,1,1,1,0.74667007
chr1:1-1,0.005994156,0.059481755,0,0,0,0.059481755
chr1:1-1,0.4304355,0.9147938,0,1,1,0.9147938
chr1:1-1,0.0040537235,0.023286935,0,0,0,0.023286935
chr1:1-1,0.52051044,0.37701336,1,0,1,0.52051044
chr1:1-1,0.6049376,0.9855085,1,1,1,0.9855085
chr1:1-1,0.076462634,0.82676154,0,1,1,0.82676154
chr1:1-1,0.0026962147,0.07287657,0,0,0,0.07287657
chr1:1-1,0.027078006,0.01587891,0,0,0,0.027078006
chr1:1-1,0.24775627,0.8070971,0,1,1,0.8070971
chr1:1-1,0.059546474,0.093515,0,0,0,0.093515
chr1:1-1,0.058231745,0.42474377,0,0,0,0.42474377
chr1:1-1,0.0010926957,0.00481265,0,0,0,0.00481265
chr1:1-1,0.004250714,0.011023713,0,0,0,0.011023713
chr1:1-1,0.07433764,0.14630608,0,0,0,0.14630608
chr1:1-1,0.12711257,0.6792246,0,1,1,0.6792246
chr1:1-1,0.009190402,0.08033723,0,0,0,0.08033723
chr1:1-1,0.057925384,0.17206271,0,0,0,0.17206271
chr1:1-1,0.05799016,0.10287218,0,0,0,0.10287218
chr1:1-1,0.07906349,0.10079479,0,0,0,0.10079479
chr1:1-1,0.77531976,0.80372816,1,1,1,0.80372816
chr1:1-1,0.983511,0.9181699,1,1,1,0.983511
chr1:1-1,0.025433885,0.10203577,0,0,0,0.10203577
chr1:1-1,0.39448208,0.6625445,0,1,1,0.6625445
chr1:1-1,0.013354313,0.17874433,0,0,0,0.17874433
chr1:1-1,0.029787727,0.0724826,0,0,0,0.0724826
chr1:1-1,0.0028279987,0.033490296,0,0,0,0.033490296
chr1:1-1,0.28791746,0.5045497,0,1,1,0.5045497
chr1:1-1,0.11174655,0.18689834,0,0,0,0.18689834
chr1:1-1,0.03244933,0.038452085,0,0,0,0.038452085
chr1:1-1,0.015401916,0.039593775,0,0,0,0.039593775
chr1:1-1,0.52208585,0.3599526,1,0,1,0.52208585
chr1:1-1,0.063137,0.038245253,0,0,0,0.063137
chr1:1-1,0.027189946,0.01130622,0,0,0,0.027189946
chr1:1-1,0.5235338,0.91107756,1,1,1,0.91107756
chr1:1-1,0.28429276,0.74749535,0,1,1,0.74749535
chr1:1-1,0.9578135,0.7309252,1,1,1,0.9578135
chr1:1-1,0.9458729,0.7722585,1,1,1,0.9458729
chr1:1-1,0.21212077,0.027895609,0,0,0,0.21212077
chr1:1-1,0.0029518045,0.023376465,0,0,0,0.023376465
chr1:1-1,0.027885836,0.070651636,0,0,0,0.070651636
chr1:1-1,0.007898495,0.18026471,0,0,0,0.18026471
chr1:1-1,0.024426747,0.65075195,0,1,1,0.65075195
chr1:1-1,0.38474205,0.07715242,0,0,0,0.38474205
chr1:1-1,0.17760088,0.5358184,0,1,1,0.5358184
chr1:1-1,0.011132448,0.019345945,0,0,0,0.019345945
chr1:1-1,0.12904519,0.2344108,0,0,0,0.2344108
chr1:1-1,0.25361133,0.31830013,0,0,0,0.31830013
chr1:1-1,0.09673602,0.0026199915,0,0,0,0.09673602
chr1:1-1,0.009806826,0.09221925,0,0,0,0.09221925
chr1:1-1,0.0029207752,0.0014188247,0,0,0,0.0029207752
chr1:1-1,0.39830834,0.8992262,0,1,1,0.8992262
chr1:1-1,0.0678492,0.46059087,0,0,0,0.46059087
chr1:1-1,0.2874018,0.8837988,0,1,1,0.8837988
chr1:1-1,0.35003856,0.31112272,0,0,0,0.35003856
chr1:1-1,0.0012115545,0.014371957,0,0,0,0.014371957
chr1:1-1,0.008279597,0.21912268,0,0,0,0.21912268
chr1:1-1,0.01703531,0.050705306,0,0,0,0.050705306
chr1:1-1,0.236058,0.6982235,0,1,1,0.6982235
chr1:1-1,0.13665259,0.17715761,0,0,0,0.17715761
chr1:1-1,0.08006316,0.09645982,0,0,0,0.09645982
chr1:1-1,0.048038036,0.57570034,0,1,1,0.57570034
chr1:1-1,0.8340076,0.8837136,1,1,1,0.8837136
chr1:1-1,0.03930634,0.008517143,0,0,0,0.03930634
chr1:1-1,0.015948994,0.09032947,0,0,0,0.09032947
chr1:1-1,0.12389576,0.1518701,0,0,0,0.1518701
chr1:1-1,0.074832864,0.28703642,0,0,0,0.28703642
chr1:1-1,0.0054255356,0.05812793,0,0,0,0.05812793
chr1:1-1,0.059712768,0.33150125,0,0,0,0.33150125
chr1:1-1,0.45758075,0.6067627,0,1,1,0.6067627
chr1:1-1,0.11531752,0.059758406,0,0,0,0.11531752
chr1:1-1,0.35153183,0.256238,0,0,0,0.35153183
chr1:1-1,0.2391733,0.45554996,0,0,0,0.45554996
chr1:1-1,0.058393843,0.0141463075,0,0,0,0.058393843
chr1:1-1,0.108827576,0.07084901,0,0,0,0.108827576
chr1:1-1,0.08666867,0.16637626,0,0,0,0.16637626
chr1:1-1,0.0020927258,0.006822252,0,0,0,0.006822252
chr1:1-1,0.2525287,0.045651358,0,0,0,0.2525287
chr1:1-1,0.03515798,0.1079412,0,0,0,0.1079412
chr1:1-1,0.018452615,0.0028159262,0,0,0,0.018452615
chr1:1-1,0.49092004,0.59994245,0,1,1,0.59994245
chr1:1-1,0.012088109,0.12893194,0,0,0,0.12893194
chr1:1-1,0.9344852,0.98056626,1,1,1,0.98056626
chr1:1-1,0.025634512,0.05452381,0,0,0,0.05452381
chr1:1-1,0.14985831,0.29914275,0,0,0,0.29914275
chr1:1-1,0.9986602,0.979238,1,1,1,0.9986602
chr1:1-1,0.010648184,0.028220778,0,0,0,0.028220778
chr1:1-1,0.010351838,0.028878849,0,0,0,0.028878849
chr1:1-1,0.02309003,0.041221708,0,0,0,0.041221708
chr1:1-1,0.0015638355,0.063153386,0,0,0,0.063153386
chr1:1-1,0.076440915,0.07600472,0,0,0,0.076440915
chr1:1-1,0.020275699,0.004767648,0,0,0,0.020275699
chr1:1-1,0.07217044,0.015676873,0,0,0,0.07217044
chr1:1-1,0.020929193,0.16959265,0,0,0,0.16959265
chr1:1-1,0.5102852,0.67425317,1,1,1,0.67425317
chr1:1-1,0.26189253,0.04931311,0,0,0,0.26189253
chr1:1-1,0.003390784,0.013441268,0,0,0,0.013441268
chr1:1-1,0.018195087,0.06331193,0,0,0,0.06331193
chr1:1-1,0.035112232,0.2914521,0,0,0,0.2914521
chr1:1-1,0.018314334,0.3573358,0,0,0,0.3573358
chr1:1-1,0.9143688,0.45614666,1,0,1,0.9143688
chr1:1-1,0.7888013,0.90680146,1,1,1,0.90680146
chr1:1-1,0.11386315,0.22150221,0,0,0,0.22150221
chr1:1-1,0.0036015848,0.19283955,0,0,0,0.19283955
chr1:1-1,0.0030700471,0.062883966,0,0,0,0.062883966
chr1:1-1,0.37982565,0.87949413,0,1,1,0.87949413
chr1:1-1,0.61811006,0.2150922,1,0,1,0.61811006
chr1:1-1,0.02219101,0.12304856,0,0,0,0.12304856
chr1:1-1,0.0008438729,0.11238228,0,0,0,0.11238228
chr1:1-1,0.076035306,0.5108315,0,1,1,0.5108315
chr1:1-1,0.058426846,0.3866544,0,0,0,0.3866544
chr1:1-1,0.009381212,0.0810301,0,0,0,0.0810301
chr1:1-1,0.020067103,0.25571698,0,0,0,0.25571698
chr1:1-1,0.022065522,0.017515235,0,0,0,0.022065522
chr1:1-1,0.015853401,0.22570755,0,0,0,0.22570755
chr1:1-1,0.024747258,0.036068313,0,0,0,0.036068313
chr1:1-1,0.2772136,0.5997872,0,1,1,0.5997872
chr1:1-1,0.7056155,0.76696074,1,1,1,0.76696074
chr1:1-1,0.20509605,0.31091568,0,0,0,0.31091568
chr1:1-1,0.04342156,0.37197295,0,0,0,0.37197295
chr1:1-1,0.08676176,0.13381071,0,0,0,0.13381071
chr1:1-1,0.18279094,0.3874515,0,0,0,0.3874515
chr1:1-1,0.042632,0.0066306675,0,0,0,0.042632
chr1:1-1,0.028470345,0.36516422,0,0,0,0.36516422
chr1:1-1,0.37424588,0.17912765,0,0,0,0.37424588
chr1:1-1,0.017474335,0.020269442,0,0,0,0.020269442
chr1:1-1,0.6861768,0.093893036,1,0,1,0.6861768
chr1:1-1,0.0793378,0.06634684,0,0,0,0.0793378
chr1:1-1,0.0020733015,0.007020705,0,0,0,0.007020705
chr1:1-1,0.23531012,0.6794285,0,1,1,0.6794285
chr1:1-1,0.02796656,0.30946624,0,0,0,0.30946624
chr1:1-1,0.08547828,0.42670617,0,0,0,0.42670617
chr1:1-1,0.016402647,0.36132404,0,0,0,0.36132404
chr1:1-1,0.07920333,0.24118432,0,0,0,0.24118432
chr1:1-1,0.715015,0.86230177,1,1,1,0.86230177
chr1:1-1,0.004129538,0.020089732,0,0,0,0.020089732
chr1:1-1,0.2865947,0.51450425,0,1,1,0.51450425
chr1:1-1,0.0040120725,0.05815148,0,0,0,0.05815148
chr1:1-1,0.23109232,0.66559434,0,1,1,0.66559434
chr1:1-1,0.4443288,0.46355188,0,0,0,0.46355188
chr1:1-1,0.3443377,0.9420093,0,1,1,0.9420093
chr1:1-1,0.008181709,0.010305372,0,0,0,0.010305372
chr1:1-1,0.12018917,0.19953726,0,0,0,0.19953726
chr1:1-1,0.07812407,0.014133983,0,0,0,0.07812407
chr1:1-1,0.06988099,0.17078412,0,0,0,0.17078412
chr1:1-1,0.07012306,0.085718505,0,0,0,0.085718505
chr1:1-1,0.07220196,0.043750443,0,0,0,0.07220196
chr1:1-1,0.112426974,0.5514427,0,1,1,0.5514427
chr1:1-1,0.16350661,0.46090534,0,0,0,0.46090534
chr1:1-1,0.11060997,0.70143557,0,1,1,0.70143557
chr1:1-1,0.0062107476,0.002040835,0,0,0,0.0062107476
chr1:1-1,0.0065176375,0.35020906,0,0,0,0.35020906
chr1:1-1,0.77323455,0.6401549,1,1,1,0.77323455
chr1:1-1,0.13949417,0.05194521,0,0,0,0.13949417
chr1:1-1,0.3168524,0.4281424,0,0,0,0.4281424
chr1:1-1,0.9918025,0.9839062,1,1,1,0.9918025
chr1:1-1,0.046477318,0.35206163,0,0,0,0.35206163
chr1:1-1,0.087760285,0.058191124,0,0,0,0.087760285
chr1:1-1,0.022391498,0.03335826,0,0,0,0.03335826
chr1:1-1,0.54045457,0.8557988,1,1,1,0.8557988
chr1:1-1,0.07554831,0.60498613,0,1,1,0.60498613
chr1:1-1,0.088672504,0.1494646,0,0,0,0.1494646
chr1:1-1,0.013587716,0.1059272,0,0,0,0.1059272
chr1:1-1,0.03147871,0.03724537,0,0,0,0.03724537
chr1:1-1,0.55812013,0.3270013,1,0,1,0.55812013
chr1:1-1,0.37995028,0.91059345,0,1,1,0.91059345
chr1:1-1,0.27753454,0.19000421,0,0,0,0.27753454
chr1:1-1,0.38360703,0.60179853,0,1,1,0.60179853
chr1:1-1,0.08058381,0.08943235,0,0,0,0.08943235
chr1:1-1,0.0031299195,0.009122322,0,0,0,0.009122322
chr1:1-1,0.03529002,0.10702611,0,0,0,0.10702611
chr1:1-1,0.9091241,0.89862317,1,1,1,0.9091241
chr1:1-1,0.046152096,0.20980136,0,0,0,0.20980136
chr1:1-1,0.67899406,0.66244274,1,1,1,0.67899406
chr1:1-1,0.011001155,0.105980046,0,0,0,0.105980046
chr1:1-1,0.17707883,0.22720543,0,0,0,0.22720543
chr1:1-1,0.013871982,0.032545242,0,0,0,0.032545242
chr1:1-1,0.20069999,0.21116255,0,0,0,0.21116255
chr1:1-1,0.41059119,0.074929245,0,0,0,0.41059119
chr1:1-1,0.056614075,0.29798362,0,0,0,0.29798362
chr1:1-1,0.0028934884,0.02050525,0,0,0,0.02050525
chr1:1-1,0.017047683,0.050615694,0,0,0,0.050615694
chr1:1-1,0.009294865,0.18556361,0,0,0,0.18556361
chr1:1-1,0.01093266,0.005828049,0,0,0,0.01093266
chr1:1-1,0.065450914,0.32701108,0,0,0,0.32701108
chr1:1-1,0.4191437,0.98324263,0,1,1,0.98324263
chr1:1-1,0.17086156,0.034774087,0,0,0,0.17086156
chr1:1-1,0.19019517,0.30631042,0,0,0,0.30631042
chr1:1-1,0.49782026,0.7178618,0,1,1,0.7178618
chr1:1-1,0.004285973,0.032761306,0,0,0,0.032761306
chr1:1-1,0.8980803,0.39183795,1,0,1,0.8980803
chr1:1-1,0.5076696,0.27392223,1,0,1,0.5076696
chr1:1-1,0.008974183,0.718933,0,1,1,0.718933
chr1:1-1,0.20769244,0.5459231,0,1,1,0.5459231
chr1:1-1,0.012424265,0.0003420346,0,0,0,0.012424265
chr1:1-1,0.01225126,0.015655182,0,0,0,0.015655182
chr1:1-1,0.035717245,0.10258529,0,0,0,0.10258529
chr1:1-1,0.026407037,0.04762321,0,0,0,0.04762321
chr1:1-1,0.2370552,0.55528146,0,1,1,0.55528146
chr1:1-1,0.8390158,0.5125573,1,1,1,0.8390158
chr1:1-1,0.0084881205,0.7052222,0,1,1,0.7052222
chr1:1-1,0.065622345,0.94928765,0,1,1,0.94928765
chr1:1-1,0.9540591,0.9088539,1,1,1,0.9540591
chr1:1-1,0.0076556196,0.13449763,0,0,0,0.13449763
chr1:1-1,0.030581249,0.2668518,0,0,0,0.2668518
chr1:1-1,0.04524985,0.29116774,0,0,0,0.29116774
chr1:1-1,0.07148831,0.78508806,0,1,1,0.78508806
chr1:1-1,0.0740792,0.93576705,0,1,1,0.93576705
chr1:1-1,0.02089264,0.76328456,0,1,1,0.76328456
chr1:1-1,0.32223064,0.6870183,0,1,1,0.6870183
chr1:1-1,0.38400584,0.07280675,0,0,0,0.38400584
chr1:1-1,0.012782935,0.027713923,0,0,0,0.027713923
chr1:1-1,0.12984802,0.5513797,0,1,1,0.5513797
chr1:1-1,0.15647815,0.20662607,0,0,0,0.20662607
chr1:1-1,0.036412023,0.06333341,0,0,0,0.06333341
chr1:1-1,0.023035187,0.061376713,0,0,0,0.061376713
chr1:1-1,0.007491536,0.015583303,0,0,0,0.015583303
chr1:1-1,0.07797832,0.1221065,0,0,0,0.1221065
chr1:1-1,0.0034438642,0.083168104,0,0,0,0.083168104
chr1:1-1,0.547677,0.81385607,1,1,1,0.81385607
chr1:1-1,0.1044899,0.18481006,0,0,0,0.18481006
chr1:1-1,0.30203074,0.4494869,0,0,0,0.4494869
chr1:1-1,0.052208096,0.18238254,0,0,0,0.18238254
chr1:1-1,0.20346433,0.09038765,0,0,0,0.20346433
chr1:1-1,0.109852195,0.12776121,0,0,0,0.12776121
chr1:1-1,0.005891362,0.09800186,0,0,0,0.09800186
chr1:1-1,0.11403505,0.5553819,0,1,1,0.5553819
chr1:1-1,0.18461667,0.089634806,0,0,0,0.18461667
chr1:1-1,0.74216664,0.61099553,1,1,1,0.74216664
chr1:1-1,0.004485916,0.017858027,0,0,0,0.017858027
chr1:1-1,0.071139716,0.21251789,0,0,0,0.21251789
chr1:1-1,0.9154956,0.9767303,1,1,1,0.9767303
chr1:1-1,0.14660226,0.68183357,0,1,1,0.68183357
chr1:1-1,0.76279247,0.99788195,1,1,1,0.99788195
chr1:1-1,0.51698923,0.81992954,1,1,1,0.81992954
chr1:1-1,0.2814787,0.7405845,0,1,1,0.7405845
chr1:1-1,0.34683815,0.57805383,0,1,1,0.57805383
chr1:1-1,0.44240046,0.3683902,0,0,0,0.44240046
chr1:1-1,0.0817058,0.29865333,0,0,0,0.29865333
chr1:1-1,0.6923842,0.89078605,1,1,1,0.89078605
chr1:1-1,0.0719764,0.3253643,0,0,0,0.3253643
chr1:1-1,0.0031513537,0.06223523,0,0,0,0.06223523
chr1:1-1,0.10725987,0.026308604,0,0,0,0.10725987
chr1:1-1,0.43812242,0.20141225,0,0,0,0.43812242
chr1:1-1,0.4945764,0.7207066,0,1,1,0.7207066
chr1:1-1,0.29363704,0.177167,0,0,0,0.29363704
chr1:1-1,0.016937438,0.25194624,0,0,0,0.25194624
chr1:1-1,0.1935193,0.93548906,0,1,1,0.93548906
chr1:1-1,0.32479152,0.86851496,0,1,1,0.86851496
chr1:1-1,0.059188526,0.042281993,0,0,0,0.059188526
chr1:1-1,0.08607228,0.87113154,0,1,1,0.87113154
chr1:1-1,0.014542438,0.0023307067,0,0,0,0.014542438
chr1:1-1,0.0152577385,0.20098679,0,0,0,0.20098679
chr1:1-1,0.018560054,0.19426073,0,0,0,0.19426073
chr1:1-1,0.04801736,0.01346673,0,0,0,0.04801736
chr1:1-1,0.0590257,0.3436088,0,0,0,0.3436088
chr1:1-1,0.028385306,0.26987752,0,0,0,0.26987752
chr1:1-1,0.1569509,0.66356385,0,1,1,0.66356385
chr1:1-1,0.10854914,0.27836847,0,0,0,0.27836847
chr1:1-1,0.029402277,0.2828805,0,0,0,0.2828805
chr1:1-1,0.38093826,0.9221893,0,1,1,0.9221893
chr1:1-1,0.9805337,0.8964454,1,1,1,0.9805337
chr1:1-1,0.008443044,0.501823,0,1,1,0.501823
chr1:1-1,0.014766728,0.049005322,0,0,0,0.049005322
chr1:1-1,0.08027727,0.052673817,0,0,0,0.08027727
chr1:1-1,0.006562574,0.28332698,0,0,0,0.28332698
chr1:1-1,0.3252163,0.67666644,0,1,1,0.67666644
chr1:1-1,0.15912928,0.8343428,0,1,1,0.8343428
chr1:1-1,0.04340465,0.050775345,0,0,0,0.050775345
chr1:1-1,0.09721981,0.9328192,0,1,1,0.9328192
chr1:1-1,0.016501,0.056635264,0,0,0,0.056635264
chr1:1-1,0.26680937,0.586635,0,1,1,0.586635
chr1:1-1,0.004295944,0.083753124,0,0,0,0.083753124
chr1:1-1,0.004622407,0.04204514,0,0,0,0.04204514
chr1:1-1,0.0035554997,0.011526406,0,0,0,0.011526406
chr1:1-1,0.051540367,0.3019225,0,0,0,0.3019225
chr1:1-1,0.017816477,0.08880835,0,0,0,0.08880835
chr1:1-1,0.0016894088,0.0277356,0,0,0,0.0277356
chr1:1-1,0.0042032297,0.024113087,0,0,0,0.024113087
chr1:1-1,0.1657394,0.20606513,0,0,0,0.20606513
chr1:1-1,0.0020971,0.12354939,0,0,0,0.12354939
chr1:1-1,0.21490581,0.3145607,0,0,0,0.3145607
chr1:1-1,0.0041399677,0.09881067,0,0,0,0.09881067
chr1:1-1,0.010729614,0.1371987,0,0,0,0.1371987
chr1:1-1,0.045197718,0.19459045,0,0,0,0.19459045
chr1:1-1,0.6130321,0.4493865,1,0,1,0.6130321
chr1:1-1,0.785997,0.42155513,1,0,1,0.785997
chr1:1-1,0.04124032,0.06640071,0,0,0,0.06640071
chr1:1-1,0.05948868,0.89809173,0,1,1,0.89809173
chr1:1-1,0.05375688,0.52531534,0,1,1,0.52531534
chr1:1-1,0.028235095,0.379767,0,0,0,0.379767
chr1:1-1,0.006872921,0.008126076,0,0,0,0.008126076
chr1:1-1,0.13522232,0.73679256,0,1,1,0.73679256
chr1:1-1,0.16408756,0.41357708,0,0,0,0.41357708
chr1:1-1,0.08556502,0.42860132,0,0,0,0.42860132
chr1:1-1,0.008981442,0.12933834,0,0,0,0.12933834
chr1:1-1,0.018666444,0.030658644,0,0,0,0.030658644
chr1:1-1,0.6083558,0.2915702,1,0,1,0.6083558
chr1:1-1,0.04364719,0.017030936,0,0,0,0.04364719
chr1:1-1,0.010117604,0.49924228,0,0,0,0.49924228
chr1:1-1,0.07236166,0.20774408,0,0,0,0.20774408
chr1:1-1,0.34460428,0.6617373,0,1,1,0.6617373
chr1:1-1,0.07271076,0.4605461,0,0,0,0.4605461
chr1:1-1,0.53137416,0.4221039,1,0,1,0.53137416
chr1:1-1,0.11700357,0.4283082,0,0,0,0.4283082
chr1:1-1,0.41712993,0.8767701,0,1,1,0.8767701
chr1:1-1,0.014678676,0.08698073,0,0,0,0.08698073
chr1:1-1,0.057274997,0.039963886,0,0,0,0.057274997
chr1:1-1,0.004994769,0.08844442,0,0,0,0.08844442
chr1:1-1,0.5037164,0.3589764,1,0,1,0.5037164
chr1:1-1,0.4680263,0.11068599,0,0,0,0.4680263
chr1:1-1,0.33127987,0.717543,0,1,1,0.717543
chr1:1-1,0.27552265,0.22722407,0,0,0,0.27552265
chr1:1-1,0.12374691,0.0808204,0,0,0,0.12374691
chr1:1-1,0.002491578,0.0103672175,0,0,0,0.0103672175
chr1:1-1,0.1472524,0.7489329,0,1,1,0.7489329
chr1:1-1,0.4616917,0.27235383,0,0,0,0.4616917
chr1:1-1,0.47620538,0.34006974,0,0,0,0.47620538
chr1:1-1,0.0026360005,0.1903353,0,0,0,0.1903353
chr1:1-1,0.079651095,0.27758488,0,0,0,0.27758488
chr1:1-1,0.011135073,0.12926504,0,0,0,0.12926504
chr1:1-1,0.0034142844,0.00600751,0,0,0,0.00600751
chr1:1-1,0.9948218,0.98659676,1,1,1,0.9948218
chr1:1-1,0.03987961,0.30192533,0,0,0,0.30192533
chr1:1-1,0.08402694,0.4922156,0,0,0,0.4922156
chr1:1-1,0.01921859,0.07644339,0,0,0,0.07644339
chr1:1-1,0.003222365,0.0072637233,0,0,0,0.0072637233
chr1:1-1,0.050662678,0.20081154,0,0,0,0.20081154
chr1:1-1,0.14362276,0.20951691,0,0,0,0.20951691
chr1:1-1,0.29767907,0.11298088,0,0,0,0.29767907
chr1:1-1,0.007602451,0.021428816,0,0,0,0.021428816
chr1:1-1,0.047355942,0.13896656,0,0,0,0.13896656
chr1:1-1,0.02120902,0.03310216,0,0,0,0.03310216
chr1:1-1,0.09648174,0.14141425,0,0,0,0.14141425
chr1:1-1,0.074245386,0.75018924,0,1,1,0.75018924
chr1:1-1,0.3223435,0.9481968,0,1,1,0.9481968
chr1:1-1,0.20500949,0.22741792,0,0,0,0.22741792
chr1:1-1,0.019572217,0.21795122,0,0,0,0.21795122
chr1:1-1,0.16853242,0.57702905,0,1,1,0.57702905
chr1:1-1,0.1578667,0.728861,0,1,1,0.728861
chr1:1-1,0.08104414,0.5290997,0,1,1,0.5290997
chr1:1-1,0.010034367,0.0500808,0,0,0,0.0500808
chr1:1-1,0.30461553,0.92477405,0,1,1,0.92477405
chr1:1-1,0.035838522,0.040093504,0,0,0,0.040093504
chr1:1-1,0.010361857,0.1321799,0,0,0,0.1321799
chr1:1-1,0.15604223,0.4860467,0,0,0,0.4860467
chr1:1-1,0.13509825,0.15904489,0,0,0,0.15904489
chr1:1-1,0.17939663,0.97302914,0,1,1,0.97302914
chr1:1-1,0.08336588,0.2370361,0,0,0,0.2370361
chr1:1-1,0.091603845,0.14317663,0,0,0,0.14317663
chr1:1-1,0.3821705,0.53720945,0,1,1,0.53720945
chr1:1-1,0.2105485,0.87241894,0,1,1,0.87241894
chr1:1-1,0.32526892,0.22303826,0,0,0,0.32526892
chr1:1-1,0.057656407,0.43785244,0,0,0,0.43785244
chr1:1-1,0.222996,0.9324659,0,1,1,0.9324659
chr1:1-1,0.053121068,0.030211102,0,0,0,0.053121068
chr1:1-1,0.004657318,0.028078029,0,0,0,0.028078029
chr1:1-1,0.11986886,0.17819478,0,0,0,0.17819478
chr1:1-1,0.20561789,0.25378114,0,0,0,0.25378114
chr1:1-1,0.15780607,0.63881093,0,1,1,0.63881093
chr1:1-1,0.004310124,0.019635154,0,0,0,0.019635154
chr1:1-1,0.010374431,0.018784368,0,0,0,0.018784368
chr1:1-1,0.036471583,0.1327579,0,0,0,0.1327579
chr1:1-1,0.5821081,0.94683236,1,1,1,0.94683236
chr1:1-1,0.23478742,0.5167483,0,1,1,0.5167483
chr1:1-1,0.10044675,0.046526793,0,0,0,0.10044675
chr1:1-1,0.0864429,0.030396573,0,0,0,0.0864429
chr1:1-1,0.0114965625,0.17795114,0,0,0,0.17795114
chr1:1-1,0.063623,0.8560989,0,1,1,0.8560989
chr1:1-1,0.044623874,0.71775466,0,1,1,0.71775466
chr1:1-1,0.33876145,0.55716413,0,1,1,0.55716413
chr1:1-1,0.07657103,0.038468175,0,0,0,0.07657103
chr1:1-1,0.02465948,0.32733327,0,0,0,0.32733327
chr1:1-1,0.05935896,0.042440865,0,0,0,0.05935896
chr1:1-1,0.005682029,0.013464855,0,0,0,0.013464855
chr1:1-1,0.22381774,0.46983075,0,0,0,0.46983075
chr1:1-1,0.80594045,0.99184823,1,1,1,0.99184823
chr1:1-1,0.028938545,0.09574933,0,0,0,0.09574933
chr1:1-1,0.015197325,0.012228718,0,0,0,0.015197325
chr1:1-1,0.0146776205,0.19998373,0,0,0,0.19998373
chr1:1-1,0.085276656,0.9020404,0,1,1,0.9020404
chr1:1-1,0.31340587,0.6158028,0,1,1,0.6158028
chr1:1-1,0.021209229,0.00699989,0,0,0,0.021209229
chr1:1-1,0.012526139,0.04347235,0,0,0,0.04347235
chr1:1-1,0.014209863,0.11100115,0,0,0,0.11100115
chr1:1-1,0.025201024,0.025567679,0,0,0,0.025567679
chr1:1-1,0.047809605,0.12575977,0,0,0,0.12575977
chr1:1-1,0.0072599044,0.009460924,0,0,0,0.009460924
chr1:1-1,0.34208968,0.79165477,0,1,1,0.79165477
chr1:1-1,0.6353419,0.82496434,1,1,1,0.82496434
chr1:1-1,0.006058458,0.04285481,0,0,0,0.04285481
chr1:1-1,0.26362908,0.8225224,0,1,1,0.8225224
chr1:1-1,0.70432574,0.5868754,1,1,1,0.70432574
chr1:1-1,0.7116403,0.31611502,1,0,1,0.7116403
chr1:1-1,0.018643102,0.3992054,0,0,0,0.3992054
chr1:1-1,0.26192522,0.6365112,0,1,1,0.6365112
chr1:1-1,0.032039274,0.11577637,0,0,0,0.11577637
chr1:1-1,0.0046716277,0.019459113,0,0,0,0.019459113
chr1:1-1,0.0982056,0.19321002,0,0,0,0.19321002
chr1:1-1,0.2847678,0.5325863,0,1,1,0.5325863
chr1:1-1,0.061409153,0.09276601,0,0,0,0.09276601
chr1:1-1,0.0056952015,0.33076105,0,0,0,0.33076105
chr1:1-1,0.07996284,0.039117567,0,0,0,0.07996284
chr1:1-1,0.19299279,0.06233407,0,0,0,0.19299279
chr1:1-1,0.06950019,0.03432435,0,0,0,0.06950019
chr1:1-1,0.6711983,0.81114674,1,1,1,0.81114674
chr1:1-1,0.07169296,0.1687815,0,0,0,0.1687815
chr1:1-1,0.14579028,0.75413656,0,1,1,0.75413656
chr1:1-1,0.9619718,0.91424775,1,1,1,0.9619718
chr1:1-1,0.11717945,0.28456488,0,0,0,0.28456488
chr1:1-1,0.35532495,0.74764603,0,1,1,0.74764603
chr1:1-1,0.025342986,0.031048179,0,0,0,0.031048179
chr1:1-1,0.09275347,0.7135517,0,1,1,0.7135517
chr1:1-1,0.069887176,0.40654725,0,0,0,0.40654725
chr1:1-1,0.32111993,0.076167434,0,0,0,0.32111993
chr1:1-1,0.2057872,0.6644944,0,1,1,0.6644944
chr1:1-1,0.21179692,0.53562826,0,1,1,0.53562826
chr1:1-1,0.056346573,0.13212344,0,0,0,0.13212344
chr1:1-1,0.1059295,0.08848906,0,0,0,0.1059295
chr1:1-1,0.6775461,0.120157935,1,0,1,0.6775461
chr1:1-1,0.0040821857,0.033551455,0,0,0,0.033551455
chr1:1-1,0.7401475,0.9330297,1,1,1,0.9330297
chr1:1-1,0.17671052,0.044995233,0,0,0,0.17671052
chr1:1-1,0.111175105,0.20170173,0,0,0,0.20170173
chr1:1-1,0.6506241,0.878608,1,1,1,0.878608
chr1:1-1,0.09697922,0.06300164,0,0,0,0.09697922
chr1:1-1,0.022595571,0.16335799,0,0,0,0.16335799
chr1:1-1,0.02798659,0.024570659,0,0,0,0.02798659
chr1:1-1,0.6001632,0.9167406,1,1,1,0.9167406
chr1:1-1,0.6497403,0.93568575,1,1,1,0.93568575
chr1:1-1,0.3039231,0.50991184,0,1,1,0.50991184
chr1:1-1,0.16565104,0.11223109,0,0,0,0.16565104
chr1:1-1,0.779943,0.8775525,1,1,1,0.8775525
chr1:1-1,0.01468456,0.08164954,0,0,0,0.08164954
chr1:1-1,0.09956142,0.85819805,0,1,1,0.85819805
chr1:1-1,0.06872397,0.60342026,0,1,1,0.60342026
chr1:1-1,0.014688733,0.25644925,0,0,0,0.25644925
chr1:1-1,0.08771385,0.48092118,0,0,0,0.48092118
chr1:1-1,0.92666805,0.24033736,1,0,1,0.92666805
chr1:1-1,0.090214185,0.69170517,0,1,1,0.69170517
chr1:1-1,0.14441676,0.06252867,0,0,0,0.14441676
chr1:1-1,0.06595683,0.577378,0,1,1,0.577378
chr1:1-1,0.12087745,0.43706807,0,0,0,0.43706807
chr1:1-1,0.27270395,0.0792868,0,0,0,0.27270395
chr1:1-1,0.9925007,0.998871,1,1,1,0.998871
chr1:1-1,0.0031533453,0.012012534,0,0,0,0.012012534
chr1:1-1,0.73636085,0.9868174,1,1,1,0.9868174
chr1:1-1,0.005394516,0.07202698,0,0,0,0.07202698
chr1:1-1,0.030689478,0.01284091,0,0,0,0.030689478
chr1:1-1,0.4437168,0.22210422,0,0,0,0.4437168
chr1:1-1,0.63866365,0.8014439,1,1,1,0.8014439
chr1:1-1,0.51527196,0.4503502,1,0,1,0.51527196
chr1:1-1,0.026593825,0.26271358,0,0,0,0.26271358
chr1:1-1,0.10746814,0.28394827,0,0,0,0.28394827
chr1:1-1,0.021228975,0.10024862,0,0,0,0.10024862
chr1:1-1,0.22111036,0.41740805,0,0,0,0.41740805
chr1:1-1,0.3598005,0.25630435,0,0,0,0.3598005
chr1:1-1,0.008501538,0.0059393207,0,0,0,0.008501538
chr1:1-1,0.028705962,0.050734244,0,0,0,0.050734244
chr1:1-1,0.996548,0.78942484,1,1,1,0.996548
chr1:1-1,0.012762389,0.0071598394,0,0,0,0.012762389
chr1:1-1,0.60506594,0.7599659,1,1,1,0.7599659
chr1:1-1,0.06528227,0.12513666,0,0,0,0.12513666
chr1:1-1,0.7922967,0.99723345,1,1,1,0.99723345
chr1:1-1,0.014331574,0.06051631,0,0,0,0.06051631
chr1:1-1,0.008473096,0.11964039,0,0,0,0.11964039
chr1:1-1,0.030467637,0.15250683,0,0,0,0.15250683
chr1:1-1,0.65546304,0.3827878,1,0,1,0.65546304
chr1:1-1,0.5988251,0.61862916,1,1,1,0.61862916
chr1:1-1,0.21762183,0.23035152,0,0,0,0.23035152
chr1:1-1,0.27936512,0.76266366,0,1,1,0.76266366
chr1:1-1,0.023849688,0.16232479,0,0,0,0.16232479
chr1:1-1,0.07741868,0.167583,0,0,0,0.167583
chr1:1-1,0.034367874,0.101173624,0,0,0,0.101173624
chr1:1-1,0.07454559,0.09432251,0,0,0,0.09432251
chr1:1-1,0.023039507,0.04032253,0,0,0,0.04032253
chr1:1-1,0.028654356,0.37419313,0,0,0,0.37419313
chr1:1-1,0.03946569,0.08104336,0,0,0,0.08104336
chr1:1-1,0.55243343,0.9726073,1,1,1,0.9726073
chr1:1-1,0.53787285,0.84797835,1,1,1,0.84797835
chr1:1-1,0.14436845,0.18329135,0,0,0,0.18329135
chr1:1-1,0.68336093,0.5439069,1,1,1,0.68336093
chr1:1-1,0.026030585,0.006537208,0,0,0,0.026030585
chr1:1-1,0.078599565,0.26725605,0,0,0,0.26725605
chr1:1-1,0.014349212,0.0046478934,0,0,0,0.014349212
chr1:1-1,0.17564504,0.056611728,0,0,0,0.17564504
chr1:1-1,0.060843434,0.0365578,0,0,0,0.060843434
chr1:1-1,0.11684225,0.42380193,0,0,0,0.42380193
chr1:1-1,0.42250496,0.118080065,0,0,0,0.42250496
chr1:1-1,0.7880069,0.553786,1,1,1,0.7880069
chr1:1-1,0.9895029,0.96904963,1,1,1,0.9895029
chr1:1-1,0.048029598,0.1282347,0,0,0,0.1282347
chr1:1-1,0.49338013,0.22917427,0,0,0,0.49338013
chr1:1-1,0.338118,0.6839165,0,1,1,0.6839165
chr1:1-1,0.09074566,0.9806755,0,1,1,0.9806755
chr1:1-1,0.019003863,0.0046520247,0,0,0,0.019003863
chr1:1-1,0.06648225,0.01807109,0,0,0,0.06648225
chr1:1-1,0.0010551704,0.00040711605,0,0,0,0.0010551704
chr1:1-1,0.04860183,0.085287854,0,0,0,0.085287854
chr1:1-1,0.03572008,0.044061873,0,0,0,0.044061873
chr1:1-1,0.0135758845,0.035275947,0,0,0,0.035275947
chr1:1-1,0.07189766,0.2616868,0,0,0,0.2616868
chr1:1-1,0.008459946,0.23735444,0,0,0,0.23735444
chr1:1-1,0.56539315,0.5795548,1,1,1,0.5795548
chr1:1-1,0.11757577,0.14855672,0,0,0,0.14855672
chr1:1-1,0.354133,0.5783467,0,1,1,0.5783467
chr1:1-1,0.07493425,0.17802301,0,0,0,0.17802301
chr1:1-1,0.02755803,0.035169587,0,0,0,0.035169587
chr1:1-1,0.08969833,0.035606798,0,0,0,0.08969833
chr1:1-1,0.7864811,0.91197634,1,1,1,0.91197634
chr1:1-1,0.5315844,0.6946905,1,1,1,0.6946905
chr1:1-1,0.12693654,0.120875366,0,0,0,0.12693654
chr1:1-1,0.12587273,0.5565531,0,1,1,0.5565531
chr1:1-1,0.25386965,0.6534236,0,1,1,0.6534236
chr1:1-1,0.09582486,0.118317574,0,0,0,0.118317574
chr1:1-1,0.9101627,0.9373358,1,1,1,0.9373358
chr1:1-1,0.36540765,0.75004566,0,1,1,0.75004566
chr1:1-1,0.0073456177,0.014212114,0,0,0,0.014212114
chr1:1-1,0.91751915,0.38687515,1,0,1,0.91751915
chr1:1-1,0.06672352,0.19162214,0,0,0,0.19162214
chr1:1-1,0.0074547776,0.011414846,0,0,0,0.011414846
chr1:1-1,0.078690544,0.054355584,0,0,0,0.078690544
chr1:1-1,0.044994965,0.18385766,0,0,0,0.18385766
chr1:1-1,0.019760488,0.15703788,0,0,0,0.15703788
chr1:1-1,0.019754453,0.24222158,0,0,0,0.24222158
chr1:1-1,0.06783335,0.430806,0,0,0,0.430806
chr1:1-1,0.03641913,0.47355765,0,0,0,0.47355765
chr1:1-1,0.01490983,0.123378254,0,0,0,0.123378254
chr1:1-1,0.18387273,0.6934404,0,1,1,0.6934404
chr1:1-1,0.07879535,0.7626601,0,1,1,0.7626601
chr1:1-1,0.02721226,0.14328375,0,0,0,0.14328375
chr1:1-1,0.30105427,0.3227788,0,0,0,0.3227788
chr1:1-1,0.012659328,0.018754028,0,0,0,0.018754028
chr1:1-1,0.043161727,0.041453853,0,0,0,0.043161727
chr1:1-1,0.021575838,0.90228814,0,1,1,0.90228814
chr1:1-1,0.9403018,0.9603152,1,1,1,0.9603152
chr1:1-1,0.0026296473,0.0013070126,0,0,0,0.0026296473
chr1:1-1,0.16863242,0.35734788,0,0,0,0.35734788
chr1:1-1,0.015340142,0.12638028,0,0,0,0.12638028
chr1:1-1,0.20791301,0.63895744,0,1,1,0.63895744
chr1:1-1,0.023443148,0.0117002465,0,0,0,0.023443148
chr1:1-1,0.25150156,0.70268035,0,1,1,0.70268035
chr1:1-1,0.05424665,0.7854578,0,1,1,0.7854578
chr1:1-1,0.26719722,0.8510627,0,1,1,0.8510627
chr1:1-1,0.04456391,0.050989404,0,0,0,0.050989404
chr1:1-1,0.28760508,0.713822,0,1,1,0.713822
chr1:1-1,0.101489656,0.5773768,0,1,1,0.5773768
chr1:1-1,0.07567988,0.011952491,0,0,0,0.07567988
chr1:1-1,0.86442024,0.8791565,1,1,1,0.8791565
chr1:1-1,0.12553358,0.07575832,0,0,0,0.12553358
chr1:1-1,0.024015354,0.10169638,0,0,0,0.10169638
chr1:1-1,0.12592997,0.1179451,0,0,0,0.12592997
chr1:1-1,0.7970605,0.4112754,1,0,1,0.7970605
chr1:1-1,0.047710385,0.8949493,0,1,1,0.8949493
chr1:1-1,0.110672615,0.20994438,0,0,0,0.20994438
chr1:1-1,0.009495427,0.005283163,0,0,0,0.009495427
chr1:1-1,0.019714072,0.0069022165,0,0,0,0.019714072
chr1:1-1,0.08903822,0.34792516,0,0,0,0.34792516
chr1:1-1,0.5300284,0.5457678,1,1,1,0.5457678
chr1:1-1,0.0043578655,0.7481745,0,1,1,0.7481745
chr1:1-1,0.11340404,0.07179565,0,0,0,0.11340404
chr1:1-1,0.0105686635,0.048099663,0,0,0,0.048099663
chr1:1-1,0.15803437,0.058488168,0,0,0,0.15803437
chr1:1-1,0.015127403,0.031322494,0,0,0,0.031322494
chr1:1-1,0.02917449,0.08221168,0,0,0,0.08221168
chr1:1-1,0.0105492305,0.010607767,0,0,0,0.010607767
chr1:1-1,0.007203128,0.02911606,0,0,0,0.02911606
chr1:1-1,0.18736155,0.46040183,0,0,0,0.46040183
chr1:1-1,0.15992816,0.44051522,0,0,0,0.44051522
chr1:1-1,0.364297,0.9543917,0,1,1,0.9543917
chr1:1-1,0.034620933,0.062477075,0,0,0,0.062477075
chr1:1-1,0.0072624614,0.018154824,0,0,0,0.018154824
chr1:1-1,0.3768428,0.7525045,0,1,1,0.7525045
chr1:1-1,0.016750759,0.0018323943,0,0,0,0.016750759
chr1:1-1,0.073666066,0.23312387,0,0,0,0.23312387
chr1:1-1,0.005945616,0.0009704531,0,0,0,0.005945616
chr1:1-1,0.51125205,0.15308547,1,0,1,0.51125205
chr1:1-1,0.0034837816,0.3019919,0,0,0,0.3019919
chr1:1-1,0.45525062,0.2820167,0,0,0,0.45525062
chr1:1-1,0.19430646,0.4096225,0,0,0,0.4096225
chr1:1-1,0.03873768,0.17588343,0,0,0,0.17588343
chr1:1-1,0.18423805,0.5822376,0,1,1,0.5822376
chr1:1-1,0.31542107,0.20112954,0,0,0,0.31542107
chr1:1-1,0.5313931,0.98039514,1,1,1,0.98039514
chr1:1-1,0.5029024,0.56883925,1,1,1,0.56883925
chr1:1-1,0.65140957,0.19439662,1,0,1,0.65140957
chr1:1-1,0.3994337,0.475122,0,0,0,0.475122
chr1:1-1,0.92234784,0.79518795,1,1,1,0.92234784
chr1:1-1,0.15529317,0.36200878,0,0,0,0.36200878
chr1:1-1,0.16596788,0.86709684,0,1,1,0.86709684
chr1:1-1,0.96233743,0.96556205,1,1,1,0.96556205
chr1:1-1,0.032659646,0.082231455,0,0,0,0.082231455
chr1:1-1,0.024380026,0.28110793,0,0,0,0.28110793
chr1:1-1,0.83468515,0.5146008,1,1,1,0.83468515
chr1:1-1,0.37527508,0.12425191,0,0,0,0.37527508
chr1:1-1,0.5125159,0.7668084,1,1,1,0.7668084
chr1:1-1,0.03734779,0.43567362,0,0,0,0.43567362
chr1:1-1,0.009502004,0.016990868,0,0,0,0.016990868
chr1:1-1,0.02132743,0.18170953,0,0,0,0.18170953
chr1:1-1,0.0149377445,0.037308007,0,0,0,0.037308007
chr1:1-1,0.0075864014,0.20508572,0,0,0,0.20508572
chr1:1-1,0.031036181,0.19020826,0,0,0,0.19020826
chr1:1-1,0.008377763,0.15797518,0,0,0,0.15797518
chr1:1-1,0.09302001,0.02777488,0,0,0,0.09302001
chr1:1-1,0.32852593,0.9159174,0,1,1,0.9159174
chr1:1-1,0.007254604,0.005307259,0,0,0,0.007254604
chr1:1-1,0.12506592,0.61500525,0,1,1,0.61500525
chr1:1-1,0.023198323,0.005756239,0,0,0,0.023198323
chr1:1-1,0.028426392,0.28610507,0,0,0,0.28610507
chr1:1-1,0.00078671786,0.008091284,0,0,0,0.008091284
chr1:1-1,0.8181059,0.9221996,1,1,1,0.9221996
chr1:1-1,0.031141924,0.07702655,0,0,0,0.07702655
chr1:1-1,0.0020681925,0.0031348404,0,0,0,0.0031348404
chr1:1-1,0.59511393,0.5865531,1,1,1,0.59511393
chr1:1-1,0.00090112217,0.013650356,0,0,0,0.013650356
chr1:1-1,0.042314097,0.008469075,0,0,0,0.042314097
chr1:1-1,0.06622312,0.3044325,0,0,0,0.3044325
chr1:1-1,0.10128193,0.102099635,0,0,0,0.102099635
chr1:1-1,0.042039327,0.10481359,0,0,0,0.10481359
chr1:1-1,0.22754832,0.3387357,0,0,0,0.3387357
chr1:1-1,0.06884747,0.033067048,0,0,0,0.06884747
chr1:1-1,0.11404275,0.14175873,0,0,0,0.14175873
chr1:1-1,0.46962085,0.858326,0,1,1,0.858326
chr1:1-1,0.008187716,0.026727391,0,0,0,0.026727391
chr1:1-1,0.45585406,0.12609896,0,0,0,0.45585406
chr1:1-1,0.046700846,0.084197186,0,0,0,0.084197186
chr1:1-1,0.22997826,0.79769784,0,1,1,0.79769784
chr1:1-1,0.33797422,0.046139505,0,0,0,0.33797422
chr1:1-1,0.121203095,0.71050245,0,1,1,0.71050245
chr1:1-1,0.8741344,0.8428563,1,1,1,0.8741344
chr1:1-1,0.017026408,0.023625046,0,0,0,0.023625046
chr1:1-1,0.04712628,0.3573133,0,0,0,0.3573133
chr1:1-1,0.013852297,0.1561902,0,0,0,0.1561902
chr1:1-1,0.008071687,0.35216695,0,0,0,0.35216695
chr1:1-1,0.83202636,0.9658531,1,1,1,0.9658531
chr1:1-1,0.0014658176,0.028773997,0,0,0,0.028773997
chr1:1-1,0.33967534,0.23032625,0,0,0,0.33967534
chr1:1-1,0.20636958,0.6813729,0,1,1,0.6813729
chr1:1-1,0.01693416,0.22008817,0,0,0,0.22008817
chr1:1-1,0.23082894,0.04173537,0,0,0,0.23082894
chr1:1-1,0.43000668,0.70399046,0,1,1,0.70399046
chr1:1-1,0.19708087,0.06809927,0,0,0,0.19708087
chr1:1-1,0.115873635,0.6382598,0,1,1,0.6382598
chr1:1-1,0.0037737049,0.0021614362,0,0,0,0.0037737049
chr1:1-1,0.7931507,0.980149,1,1,1,0.980149
chr1:1-1,0.3836779,0.40572003,0,0,0,0.40572003
chr1:1-1,0.008200683,0.016108776,0,0,0,0.016108776
chr1:1-1,0.04414347,0.010902111,0,0,0,0.04414347
chr1:1-1,0.2629188,0.6535801,0,1,1,0.6535801
chr1:1-1,0.03992088,0.8790967,0,1,1,0.8790967
chr1:1-1,0.012328022,0.035987467,0,0,0,0.035987467
chr1:1-1,0.17630634,0.7822131,0,1,1,0.7822131
chr1:1-1,0.06188902,0.0062654717,0,0,0,0.06188902
chr1:1-1,0.037745588,0.16399634,0,0,0,0.16399634
chr1:1-1,0.0014531534,0.007999531,0,0,0,0.007999531
chr1:1-1,0.0106433835,0.0056515336,0,0,0,0.0106433835
chr1:1-1,0.09652103,0.37330967,0,0,0,0.37330967
chr1:1-1,0.173671,0.1667999,0,0,0,0.173671
chr1:1-1,0.0364884,0.03492665,0,0,0,0.0364884
chr1:1-1,0.026391167,0.22611384,0,0,0,0.22611384
chr1:1-1,0.11798163,0.34332484,0,0,0,0.34332484
chr1:1-1,0.20215002,0.881147,0,1,1,0.881147
chr1:1-1,0.077895105,0.089763485,0,0,0,0.089763485
chr1:1-1,0.004173535,0.011159472,0,0,0,0.011159472
chr1:1-1,0.017337482,0.30117804,0,0,0,0.30117804
chr1:1-1,0.12777261,0.4778262,0,0,0,0.4778262
chr1:1-1,0.08610766,0.102063775,0,0,0,0.102063775
chr1:1-1,0.039788764,0.08460567,0,0,0,0.08460567
chr1:1-1,0.025260946,0.026641482,0,0,0,0.026641482
chr1:1-1,0.097291015,0.13709243,0,0,0,0.13709243
chr1:1-1,0.03808483,0.21164818,0,0,0,0.21164818
chr1:1-1,0.5429796,0.9327732,1,1,1,0.9327732
chr1:1-1,0.008421773,0.12095135,0,0,0,0.12095135
chr1:1-1,0.42021823,0.9785365,0,1,1,0.9785365
chr1:1-1,0.065237045,0.0076919124,0,0,0,0.065237045
chr1:1-1,0.35587287,0.4339766,0,0,0,0.4339766
chr1:1-1,0.3425591,0.6588234,0,1,1,0.6588234
chr1:1-1,0.15403073,0.7423517,0,1,1,0.7423517
chr1:1-1,0.83456945,0.60130537,1,1,1,0.83456945
chr1:1-1,0.15206678,0.088622965,0,0,0,0.15206678
chr1:1-1,0.1040458,0.06312154,0,0,0,0.1040458
chr1:1-1,0.014639094,0.108910725,0,0,0,0.108910725
chr1:1-1,0.006990271,0.18957996,0,0,0,0.18957996
chr1:1-1,0.007965155,0.03340817,0,0,0,0.03340817
chr1:1-1,0.037166934,0.19429208,0,0,0,0.19429208
chr1:1-1,0.3496064,0.7583557,0,1,1,0.7583557
chr1:1-1,0.22193144,0.25164464,0,0,0,0.25164464
chr1:1-1,0.4656385,0.36583766,0,0,0,0.4656385
chr1:1-1,0.6049348,0.86051285,1,1,1,0.86051285
chr1:1-1,0.010619881,0.13024306,0,0,0,0.13024306
chr1:1-1,0.003997471,0.068933755,0,0,0,0.068933755
chr1:1-1,0.19314916,0.058677226,0,0,0,0.19314916
chr1:1-1,0.059841294,0.38486928,0,0,0,0.38486928
chr1:1-1,0.040571604,0.4720771,0,0,0,0.4720771
chr1:1-1,0.085428275,0.94612175,0,1,1,0.94612175
chr1:1-1,0.045893166,0.84036857,0,1,1,0.84036857
chr1:1-1,0.009148553,0.011014864,0,0,0,0.011014864
chr1:1-1,0.04207118,0.90733767,0,1,1,0.90733767
chr1:1-1,0.008317206,0.4378808,0,0,0,0.4378808
chr1:1-1,0.6625121,0.78838706,1,1,1,0.78838706
chr1:1-1,0.0033635325,0.03708205,0,0,0,0.03708205
chr1:1-1,0.09404546,0.36412877,0,0,0,0.36412877
chr1:1-1,0.0151408715,0.20245355,0,0,0,0.20245355
chr1:1-1,0.05984386,0.15042938,0,0,0,0.15042938
chr1:1-1,0.016057556,0.08585939,0,0,0,0.08585939
chr1:1-1,0.043628596,0.080274805,0,0,0,0.080274805
chr1:1-1,0.5469687,0.9446275,1,1,1,0.9446275
chr1:1-1,0.050288077,0.31197205,0,0,0,0.31197205
chr1:1-1,0.27910215,0.36198854,0,0,0,0.36198854
chr1:1-1,0.51606995,0.722809,1,1,1,0.722809
chr1:1-1,0.023867747,0.07526414,0,0,0,0.07526414
chr1:1-1,0.25429073,0.8030104,0,1,1,0.8030104
chr1:1-1,0.41128296,0.9284197,0,1,1,0.9284197
chr1:1-1,0.013551251,0.035227265,0,0,0,0.035227265
chr1:1-1,0.09386594,0.080928355,0,0,0,0.09386594
chr1:1-1,0.0119350515,0.5757602,0,1,1,0.5757602
chr1:1-1,0.039302003,0.2180808,0,0,0,0.2180808
chr1:1-1,0.012469379,0.20464927,0,0,0,0.20464927
chr1:1-1,0.002985655,0.004134451,0,0,0,0.004134451
chr1:1-1,0.008947793,0.011099443,0,0,0,0.011099443
chr1:1-1,0.005788915,0.0037973768,0,0,0,0.005788915
chr1:1-1,0.017070133,0.044291314,0,0,0,0.044291314
chr1:1-1,0.042481102,0.1378545,0,0,0,0.1378545
chr1:1-1,0.006836353,0.02219849,0,0,0,0.02219849
chr1:1-1,0.34650117,0.7131058,0,1,1,0.7131058
chr1:1-1,0.12678209,0.29673854,0,0,0,0.29673854
chr1:1-1,0.16510643,0.49130756,0,0,0,0.49130756
chr1:1-1,0.022340102,0.14057583,0,0,0,0.14057583
chr1:1-1,0.29605862,0.8958101,0,1,1,0.8958101
chr1:1-1,0.45071003,0.4123939,0,0,0,0.45071003
chr1:1-1,0.008699431,0.06706861,0,0,0,0.06706861
chr1:1-1,0.73146194,0.66293406,1,1,1,0.73146194
chr1:1-1,0.5577974,0.43827948,1,0,1,0.5577974
chr1:1-1,0.094418,0.8347711,0,1,1,0.8347711
chr1:1-1,0.12828493,0.048925254,0,0,0,0.12828493
chr1:1-1,0.21373442,0.4641521,0,0,0,0.4641521
chr1:1-1,0.008429131,0.07464922,0,0,0,0.07464922
chr1:1-1,0.006977576,0.0019846815,0,0,0,0.006977576
chr1:1-1,0.041172143,0.06702099,0,0,0,0.06702099
chr1:1-1,0.10055913,0.5569831,0,1,1,0.5569831
chr1:1-1,0.83813304,0.47487566,1,0,1,0.83813304
chr1:1-1,0.024356538,0.26789534,0,0,0,0.26789534
chr1:1-1,0.03268367,0.22619349,0,0,0,0.22619349
chr1:1-1,0.03581102,0.04963303,0,0,0,0.04963303
chr1:1-1,0.11315293,0.5240994,0,1,1,0.5240994
chr1:1-1,0.15236294,0.53213686,0,1,1,0.53213686
chr1:1-1,0.009411327,0.21642266,0,0,0,0.21642266
chr1:1-1,0.010565842,0.0076653343,0,0,0,0.010565842
chr1:1-1,0.23941739,0.030050665,0,0,0,0.23941739
chr1:1-1,0.52667254,0.21979916,1,0,1,0.52667254
chr1:1-1,0.0072430326,0.64252937,0,1,1,0.64252937
chr1:1-1,0.91516405,0.9128258,1,1,1,0.91516405
chr1:1-1,0.02946692,0.0806032,0,0,0,0.0806032
chr1:1-1,0.027587783,0.09804303,0,0,0,0.09804303
chr1:1-1,0.24134246,0.7271538,0,1,1,0.7271538
chr1:1-1,0.02817622,0.22595601,0,0,0,0.22595601
chr1:1-1,0.00885022,0.12826377,0,0,0,0.12826377
chr1:1-1,0.0173084,0.008764643,0,0,0,0.0173084
chr1:1-1,0.19625188,0.27161562,0,0,0,0.27161562
chr1:1-1,0.33347857,0.116802864,0,0,0,0.33347857
chr1:1-1,0.78662175,0.19069792,1,0,1,0.78662175
chr1:1-1,0.72374034,0.94091034,1,1,1,0.94091034
chr1:1-1,0.018896764,0.114860706,0,0,0,0.114860706
chr1:1-1,0.1161294,0.13062526,0,0,0,0.13062526
chr1:1-1,0.0039374097,0.02814177,0,0,0,0.02814177
chr1:1-1,0.0032217337,0.03898183,0,0,0,0.03898183
chr1:1-1,0.007992828,0.0796515,0,0,0,0.0796515
chr1:1-1,0.006444416,0.014419059,0,0,0,0.014419059
chr1:1-1,0.113194734,0.009271736,0,0,0,0.113194734
chr1:1-1,0.2624216,0.7711135,0,1,1,0.7711135
chr1:1-1,0.032213308,0.026650582,0,0,0,0.032213308
chr1:1-1,0.11008244,0.82911587,0,1,1,0.82911587
chr1:1-1,0.45325598,0.9742581,0,1,1,0.9742581
chr1:1-1,0.04237022,0.09810189,0,0,0,0.09810189
chr1:1-1,0.06563792,0.098572314,0,0,0,0.098572314
chr1:1-1,0.123943046,0.5437204,0,1,1,0.5437204
chr1:1-1,0.22431722,0.15485787,0,0,0,0.22431722
chr1:1-1,0.20101172,0.82487327,0,1,1,0.82487327
chr1:1-1,0.05452256,0.18056707,0,0,0,0.18056707
chr1:1-1,0.007419247,0.12333295,0,0,0,0.12333295
chr1:1-1,0.1864551,0.6834796,0,1,1,0.6834796
chr1:1-1,0.08270855,0.17728089,0,0,0,0.17728089
chr1:1-1,0.04258306,0.5749422,0,1,1,0.5749422
chr1:1-1,0.028375199,0.12214743,0,0,0,0.12214743
chr1:1-1,0.45641598,0.8863309,0,1,1,0.8863309
chr1:1-1,0.39618653,0.18187194,0,0,0,0.39618653
chr1:1-1,0.007233774,0.009188753,0,0,0,0.009188753
chr1:1-1,0.06874754,0.871089,0,1,1,0.871089
chr1:1-1,0.11450747,0.5904002,0,1,1,0.5904002
chr1:1-1,0.051828194,0.07974252,0,0,0,0.07974252
chr1:1-1,0.010597778,0.022544485,0,0,0,0.022544485
chr1:1-1,0.0798153,0.78515905,0,1,1,0.78515905
chr1:1-1,0.872077,0.93182975,1,1,1,0.93182975
chr1:1-1,0.031882383,0.04465176,0,0,0,0.04465176
chr1:1-1,0.16269016,0.60665965,0,1,1,0.60665965
chr1:1-1,0.007603984,0.040184915,0,0,0,0.040184915
chr1:1-1,0.011230774,0.025255358,0,0,0,0.025255358
chr1:1-1,0.07824973,0.38739306,0,0,0,0.38739306
chr1:1-1,0.025296874,0.017273024,0,0,0,0.025296874
chr1:1-1,0.0918843,0.4927776,0,0,0,0.4927776
chr1:1-1,0.0013471742,0.149908,0,0,0,0.149908
chr1:1-1,0.008681934,0.07531445,0,0,0,0.07531445
chr1:1-1,0.02292694,0.09455927,0,0,0,0.09455927
chr1:1-1,0.008544953,0.046314802,0,0,0,0.046314802
chr1:1-1,0.8927703,0.8895505,1,1,1,0.8927703
chr1:1-1,0.52664727,0.64443207,1,1,1,0.64443207
chr1:1-1,0.10936581,0.05547551,0,0,0,0.10936581
chr1:1-1,0.10033635,0.023625553,0,0,0,0.10033635
chr1:1-1,0.0324575,0.765755,0,1,1,0.765755
chr1:1-1,0.16128132,0.21939224,0,0,0,0.21939224
chr1:1-1,0.14695388,0.053418927,0,0,0,0.14695388
chr1:1-1,0.38707152,0.8643828,0,1,1,0.8643828
chr1:1-1,0.004152123,0.13727754,0,0,0,0.13727754
chr1:1-1,0.021633688,0.016765166,0,0,0,0.021633688
chr1:1-1,0.25279412,0.22025535,0,0,0,0.25279412
chr1:1-1,0.89299554,0.7501264,1,1,1,0.89299554
chr1:1-1,0.06576607,0.5254674,0,1,1,0.5254674
chr1:1-1,0.75006986,0.9670406,1,1,1,0.9670406
chr1:1-1,0.07617375,0.41917813,0,0,0,0.41917813
chr1:1-1,0.04204119,0.9113022,0,1,1,0.9113022
chr1:1-1,0.03183395,0.11486362,0,0,0,0.11486362
chr1:1-1,0.10927019,0.6349755,0,1,1,0.6349755
chr1:1-1,0.015569586,0.095898725,0,0,0,0.095898725
chr1:1-1,0.016074056,0.0013000519,0,0,0,0.016074056
chr1:1-1,0.062798105,0.13311115,0,0,0,0.13311115
chr1:1-1,0.54210174,0.3229336,1,0,1,0.54210174
chr1:1-1,0.20115525,0.04665715,0,0,0,0.20115525
chr1:1-1,0.88815725,0.6951537,1,1,1,0.88815725
chr1:1-1,0.02094642,0.066238195,0,0,0,0.066238195
chr1:1-1,0.054762594,0.2415969,0,0,0,0.2415969
chr1:1-1,0.17815359,0.099204645,0,0,0,0.17815359
chr1:1-1,0.0931722,0.41958594,0,0,0,0.41958594
chr1:1-1,0.090071306,0.16288795,0,0,0,0.16288795
chr1:1-1,0.015876891,0.03252382,0,0,0,0.03252382
chr1:1-1,0.44095472,0.99028194,0,1,1,0.99028194
chr1:1-1,0.014363199,0.012154576,0,0,0,0.014363199
chr1:1-1,0.023333367,0.1461309,0,0,0,0.1461309
chr1:1-1,0.10415051,0.18356031,0,0,0,0.18356031
chr1:1-1,0.16218989,0.56140554,0,1,1,0.56140554
chr1:1-1,0.004809632,0.05887672,0,0,0,0.05887672
chr1:1-1,0.08239968,0.29682747,0,0,0,0.29682747
chr1:1-1,0.0034228924,0.018394401,0,0,0,0.018394401
chr1:1-1,0.46853334,0.47817224,0,0,0,0.47817224
chr1:1-1,0.009949985,0.4159555,0,0,0,0.4159555
chr1:1-1,0.039410613,0.75453097,0,1,1,0.75453097
chr1:1-1,0.19879079,0.27637044,0,0,0,0.27637044
chr1:1-1,0.07782203,0.61040664,0,1,1,0.61040664
chr1:1-1,0.040103525,0.3700904,0,0,0,0.3700904
chr1:1-1,0.20645429,0.50365335,0,1,1,0.50365335
chr1:1-1,0.07327669,0.19658247,0,0,0,0.19658247
chr1:1-1,0.018796599,0.15982914,0,0,0,0.15982914
chr1:1-1,0.6505565,0.72001356,1,1,1,0.72001356
chr1:1-1,0.020849733,0.007860119,0,0,0,0.020849733
chr1:1-1,0.017950274,0.004801588,0,0,0,0.017950274
chr1:1-1,0.053290654,0.4891367,0,0,0,0.4891367
chr1:1-1,0.15019113,0.24787572,0,0,0,0.24787572
chr1:1-1,0.90197456,0.9268589,1,1,1,0.9268589
chr1:1-1,0.26019862,0.082413,0,0,0,0.26019862
chr1:1-1,0.0023497618,0.16791593,0,0,0,0.16791593
chr1:1-1,0.8571004,0.7170284,1,1,1,0.8571004
chr1:1-1,0.08488697,0.20005868,0,0,0,0.20005868
chr1:1-1,0.023106322,0.17373413,0,0,0,0.17373413
chr1:1-1,0.22223918,0.9394717,0,1,1,0.9394717
chr1:1-1,0.21121027,0.5292519,0,1,1,0.5292519
chr1:1-1,0.008091797,0.048303947,0,0,0,0.048303947
chr1:1-1,0.36441395,0.56479686,0,1,1,0.56479686
chr1:1-1,0.13688177,0.19545028,0,0,0,0.19545028
chr1:1-1,0.44894484,0.24195893,0,0,0,0.44894484
chr1:1-1,0.6029871,0.8216061,1,1,1,0.8216061
chr1:1-1,0.0038211045,0.036987253,0,0,0,0.036987253
chr1:1-1,0.2680078,0.09528,0,0,0,0.2680078
chr1:1-1,0.04766275,0.009462641,0,0,0,0.04766275
chr1:1-1,0.23391439,0.64160556,0,1,1,0.64160556
chr1:1-1,0.08160581,0.19903423,0,0,0,0.19903423
chr1:1-1,0.021846635,0.08851253,0,0,0,0.08851253
chr1:1-1,0.05212985,0.2960148,0,0,0,0.2960148
chr1:1-1,0.043855205,0.33500004,0,0,0,0.33500004
chr1:1-1,0.0069312723,0.104431935,0,0,0,0.104431935
chr1:1-1,0.0755686,0.11705462,0,0,0,0.11705462
chr1:1-1,0.20339131,0.7342084,0,1,1,0.7342084
chr1:1-1,0.09817406,0.7996988,0,1,1,0.7996988
chr1:1-1,0.26280728,0.41059193,0,0,0,0.41059193
chr1:1-1,0.1944641,0.36932093,0,0,0,0.36932093
chr1:1-1,0.5011855,0.44255707,1,0,1,0.5011855
chr1:1-1,0.036840674,0.053384412,0,0,0,0.053384412
chr1:1-1,0.14898443,0.15080371,0,0,0,0.15080371
chr1:1-1,0.15515158,0.14006007,0,0,0,0.15515158
chr1:1-1,0.01888744,0.050561167,0,0,0,0.050561167
chr1:1-1,0.0029014233,0.03333078,0,0,0,0.03333078
chr1:1-1,0.2603975,0.38969097,0,0,0,0.38969097
chr1:1-1,0.0036787887,0.006760347,0,0,0,0.006760347
chr1:1-1,0.17657876,0.16797163,0,0,0,0.17657876
chr1:1-1,0.020247357,0.0068252413,0,0,0,0.020247357
chr1:1-1,0.12467552,0.09756332,0,0,0,0.12467552
chr1:1-1,0.0375929,0.03138375,0,0,0,0.0375929
chr1:1-1,0.025144817,0.10545128,0,0,0,0.10545128
chr1:1-1,0.24960722,0.9774441,0,1,1,0.9774441
chr1:1-1,0.23825411,0.5041729,0,1,1,0.5041729
chr1:1-1,0.22518058,0.88244426,0,1,1,0.88244426
chr1:1-1,0.31481898,0.035517648,0,0,0,0.31481898
chr1:1-1,0.0022873192,0.0019200615,0,0,0,0.0022873192
chr1:1-1,0.027177192,0.05165129,0,0,0,0.05165129
chr1:1-1,0.0018832451,0.08260674,0,0,0,0.08260674
chr1:1-1,0.0043992233,0.14722168,0,0,0,0.14722168
chr1:1-1,0.08644126,0.5117249,0,1,1,0.5117249
chr1:1-1,0.016750097,0.7265914,0,1,1,0.7265914
chr1:1-1,0.015753234,0.21307215,0,0,0,0.21307215
chr1:1-1,0.103442974,0.04715263,0,0,0,0.103442974
chr1:1-1,0.8205739,0.498644,1,0,1,0.8205739
chr1:1-1,0.6530125,0.2807366,1,0,1,0.6530125
chr1:1-1,0.012859389,0.08315198,0,0,0,0.08315198
chr1:1-1,0.0035324336,0.0034857902,0,0,0,0.0035324336
chr1:1-1,0.10222978,0.13513553,0,0,0,0.13513553
chr1:1-1,0.030347344,0.13404596,0,0,0,0.13404596
chr1:1-1,0.29404962,0.80869055,0,1,1,0.80869055
chr1:1-1,0.014090389,0.063141905,0,0,0,0.063141905
chr1:1-1,0.004120261,0.24324146,0,0,0,0.24324146
chr1:1-1,0.11442934,0.71587163,0,1,1,0.71587163
chr1:1-1,0.23999907,0.13964774,0,0,0,0.23999907
chr1:1-1,0.0026774742,0.037323803,0,0,0,0.037323803
chr1:1-1,0.009436321,0.09456967,0,0,0,0.09456967
chr1:1-1,0.5219681,0.59428513,1,1,1,0.59428513
chr1:1-1,0.0057416544,0.2573672,0,0,0,0.2573672
chr1:1-1,0.05259354,0.05148571,0,0,0,0.05259354
chr1:1-1,0.040857468,0.18901582,0,0,0,0.18901582
chr1:1-1,0.11463497,0.49668363,0,0,0,0.49668363
chr1:1-1,0.53499556,0.9920294,1,1,1,0.9920294
chr1:1-1,0.001455837,0.04752475,0,0,0,0.04752475
chr1:1-1,0.09804838,0.058274228,0,0,0,0.09804838
chr1:1-1,0.055717178,0.48677492,0,0,0,0.48677492
chr1:1-1,0.09639438,0.15520854,0,0,0,0.15520854
chr1:1-1,0.20475724,0.6230019,0,1,1,0.6230019
chr1:1-1,0.1791138,0.020811304,0,0,0,0.1791138
chr1:1-1,0.058297746,0.34330618,0,0,0,0.34330618
chr1:1-1,0.3038983,0.11343884,0,0,0,0.3038983
chr1:1-1,0.3258916,0.8709724,0,1,1,0.8709724
chr1:1-1,0.1269727,0.022809858,0,0,0,0.1269727
chr1:1-1,0.03071349,0.026013657,0,0,0,0.03071349
chr1:1-1,0.17411275,0.7336826,0,1,1,0.7336826
chr1:1-1,0.011496742,0.13592762,0,0,0,0.13592762
chr1:1-1,0.0355729,0.11088765,0,0,0,0.11088765
chr1:1-1,0.6681574,0.76838,1,1,1,0.76838
chr1:1-1,0.37090138,0.15477525,0,0,0,0.37090138
chr1:1-1,0.02507622,0.18788397,0,0,0,0.18788397
chr1:1-1,0.17391387,0.7408962,0,1,1,0.7408962
chr1:1-1,0.06394534,0.5786398,0,1,1,0.5786398
chr1:1-1,0.07770668,0.10137383,0,0,0,0.10137383
chr1:1-1,0.085235655,0.14374582,0,0,0,0.14374582
chr1:1-1,0.0506899,0.094813995,0,0,0,0.094813995
chr1:1-1,0.51923066,0.40453592,1,0,1,0.51923066
chr1:1-1,0.005446195,0.11372607,0,0,0,0.11372607
chr1:1-1,0.2649538,0.40173277,0,0,0,0.40173277
chr1:1-1,0.030169504,0.30618963,0,0,0,0.30618963
chr1:1-1,0.3816172,0.32951325,0,0,0,0.3816172
chr1:1-1,0.13563538,0.35327545,0,0,0,0.35327545
chr1:1-1,0.38557616,0.8835187,0,1,1,0.8835187
chr1:1-1,0.04463354,0.4269587,0,0,0,0.4269587
chr1:1-1,0.043500464,0.70580924,0,1,1,0.70580924
chr1:1-1,0.06367648,0.018483637,0,0,0,0.06367648
chr1:1-1,0.1717745,0.5232064,0,1,1,0.5232064
chr1:1-1,0.030465819,0.050633077,0,0,0,0.050633077
chr1:1-1,0.01180429,0.18162629,0,0,0,0.18162629
chr1:1-1,0.12417627,0.05911681,0,0,0,0.12417627
chr1:1-1,0.0040539415,0.036914796,0,0,0,0.036914796
chr1:1-1,0.012248265,0.6666411,0,1,1,0.6666411
chr1:1-1,0.08204135,0.64502025,0,1,1,0.64502025
chr1:1-1,0.0018826356,0.014503286,0,0,0,0.014503286
chr1:1-1,0.0554186,0.49734697,0,0,0,0.49734697
chr1:1-1,0.024399152,0.27742448,0,0,0,0.27742448
chr1:1-1,0.2321871,0.5163257,0,1,1,0.5163257
chr1:1-1,0.05526388,0.16888903,0,0,0,0.16888903
chr1:1-1,0.01049162,0.057004612,0,0,0,0.057004612
chr1:1-1,0.029785892,0.49330035,0,0,0,0.49330035
chr1:1-1,0.010409262,0.1256664,0,0,0,0.1256664
chr1:1-1,0.035437003,0.41824442,0,0,0,0.41824442
chr1:1-1,0.14178883,0.21352498,0,0,0,0.21352498
chr1:1-1,0.8764824,0.93297666,1,1,1,0.93297666
chr1:1-1,0.2722127,0.6083306,0,1,1,0.6083306
chr1:1-1,0.10963612,0.4551352,0,0,0,0.4551352
chr1:1-1,0.006093284,0.005652852,0,0,0,0.006093284
chr1:1-1,0.08507759,0.63422513,0,1,1,0.63422513
chr1:1-1,0.0019943775,0.027306166,0,0,0,0.027306166
chr1:1-1,0.11914569,0.11633846,0,0,0,0.11914569
chr1:1-1,0.005748829,0.095974736,0,0,0,0.095974736
chr1:1-1,0.0074747237,0.10466391,0,0,0,0.10466391
chr1:1-1,0.87342364,0.8050469,1,1,1,0.87342364
chr1:1-1,0.08061088,0.024054578,0,0,0,0.08061088
chr1:1-1,0.04078807,0.09720751,0,0,0,0.09720751
chr1:1-1,0.910511,0.93758523,1,1,1,0.93758523
chr1:1-1,0.5583361,0.5290928,1,1,1,0.5583361
chr1:1-1,0.038546123,0.3066697,0,0,0,0.3066697
chr1:1-1,0.504777,0.6233896,1,1,1,0.6233896
chr1:1-1,0.17320672,0.48229218,0,0,0,0.48229218
chr1:1-1,0.970411,0.5557513,1,1,1,0.970411
chr1:1-1,0.01641343,0.057397917,0,0,0,0.057397917
chr1:1-1,0.28066868,0.83925766,0,1,1,0.83925766
chr1:1-1,0.07974649,0.8558717,0,1,1,0.8558717
chr1:1-1,0.1364526,0.12500343,0,0,0,0.1364526
chr1:1-1,0.12225479,0.14694242,0,0,0,0.14694242
chr1:1-1,0.0018046328,0.0022197086,0,0,0,0.0022197086
chr1:1-1,0.1393391,0.15908761,0,0,0,0.15908761
chr1:1-1,0.4830084,0.72957593,0,1,1,0.72957593
chr1:1-1,0.079124585,0.016992167,0,0,0,0.079124585
chr1:1-1,0.99425644,0.9814957,1,1,1,0.99425644
chr1:1-1,0.34357575,0.74116415,0,1,1,0.74116415
chr1:1-1,0.047928058,0.23207451,0,0,0,0.23207451
chr1:1-1,0.016517267,0.17153065,0,0,0,0.17153065
chr1:1-1,0.14557238,0.047200955,0,0,0,0.14557238
chr1:1-1,0.06924837,0.10214428,0,0,0,0.10214428
chr1:1-1,0.035759397,0.30499005,0,0,0,0.30499005
chr1:1-1,0.25968465,0.30974638,0,0,0,0.30974638
chr1:1-1,0.06627948,0.11643489,0,0,0,0.11643489
chr1:1-1,0.016968137,0.41532558,0,0,0,0.41532558
chr1:1-1,0.0801053,0.8983815,0,1,1,0.8983815
chr1:1-1,0.1540401,0.3083758,0,0,0,0.3083758
chr1:1-1,0.18410315,0.24671665,0,0,0,0.24671665
chr1:1-1,0.03236262,0.20485544,0,0,0,0.20485544
chr1:1-1,0.11529518,0.3259219,0,0,0,0.3259219
chr1:1-1,0.5370922,0.6293577,1,1,1,0.6293577
chr1:1-1,0.033142596,0.09493504,0,0,0,0.09493504
chr1:1-1,0.95457983,0.97993785,1,1,1,0.97993785
chr1:1-1,0.038817678,0.138444,0,0,0,0.138444
chr1:1-1,0.029400622,0.113356404,0,0,0,0.113356404
chr1:1-1,0.0010915847,0.008471514,0,0,0,0.008471514
chr1:1-1,0.026327305,0.011507694,0,0,0,0.026327305
chr1:1-1,0.24349748,0.85801154,0,1,1,0.85801154
chr1:1-1,0.04587031,0.23037024,0,0,0,0.23037024
chr1:1-1,0.008707202,0.25891647,0,0,0,0.25891647
chr1:1-1,0.014928836,0.120891064,0,0,0,0.120891064
chr1:1-1,0.27879345,0.71681833,0,1,1,0.71681833
chr1:1-1,0.26364654,0.16279006,0,0,0,0.26364654
chr1:1-1,0.0065307175,0.019330971,0,0,0,0.019330971
chr1:1-1,0.03926931,0.027687993,0,0,0,0.03926931
chr1:1-1,0.58866143,0.9472724,1,1,1,0.9472724
chr1:1-1,0.06629505,0.07802745,0,0,0,0.07802745
chr1:1-1,0.07209172,0.637906,0,1,1,0.637906
chr1:1-1,0.06301768,0.14549176,0,0,0,0.14549176
chr1:1-1,0.013846267,0.21972445,0,0,0,0.21972445
chr1:1-1,0.040300008,0.17588817,0,0,0,0.17588817
chr1:1-1,0.027118316,0.523613,0,1,1,0.523613
chr1:1-1,0.023258042,0.103126794,0,0,0,0.103126794
chr1:1-1,0.017432567,0.2489359,0,0,0,0.2489359
chr1:1-1,0.5082027,0.18591502,1,0,1,0.5082027
chr1:1-1,0.1817377,0.5718544,0,1,1,0.5718544
chr1:1-1,0.13894887,0.7780861,0,1,1,0.7780861
chr1:1-1,0.19477274,0.49870524,0,0,0,0.49870524
chr1:1-1,0.19343783,0.039209932,0,0,0,0.19343783
chr1:1-1,0.049177576,0.16085374,0,0,0,0.16085374
chr1:1-1,0.014367656,0.004628736,0,0,0,0.014367656
chr1:1-1,0.13617565,0.64867246,0,1,1,0.64867246
chr1:1-1,0.06167524,0.022425143,0,0,0,0.06167524
chr1:1-1,0.0258648,0.14791869,0,0,0,0.14791869
chr1:1-1,0.11920939,0.4639295,0,0,0,0.4639295
chr1:1-1,0.051125422,0.3783293,0,0,0,0.3783293
chr1:1-1,0.036233623,0.4438032,0,0,0,0.4438032
chr1:1-1,0.13190575,0.37900668,0,0,0,0.37900668
chr1:1-1,0.03268764,0.025654338,0,0,0,0.03268764
chr1:1-1,0.20060015,0.7663926,0,1,1,0.7663926
chr1:1-1,0.3318956,0.790175,0,1,1,0.790175
chr1:1-1,0.007104392,0.02978559,0,0,0,0.02978559
chr1:1-1,0.41464493,0.22095181,0,0,0,0.41464493
chr1:1-1,0.0062992764,0.27774742,0,0,0,0.27774742
chr1:1-1,0.12893343,0.36072055,0,0,0,0.36072055
chr1:1-1,0.06769177,0.096267715,0,0,0,0.096267715
chr1:1-1,0.24005212,0.39190263,0,0,0,0.39190263
chr1:1-1,0.70206714,0.96098214,1,1,1,0.96098214
chr1:1-1,0.017424172,0.37011927,0,0,0,0.37011927
chr1:1-1,0.022068659,0.040223856,0,0,0,0.040223856
chr1:1-1,0.28472966,0.87853104,0,1,1,0.87853104
chr1:1-1,0.3358729,0.5778653,0,1,1,0.5778653
chr1:1-1,0.01669992,0.011493637,0,0,0,0.01669992
chr1:1-1,0.027698439,0.23929198,0,0,0,0.23929198
chr1:1-1,0.070692,0.40536872,0,0,0,0.40536872
chr1:1-1,0.26489168,0.5239593,0,1,1,0.5239593
chr1:1-1,0.026273929,0.0062842923,0,0,0,0.026273929
chr1:1-1,0.01705832,0.069590814,0,0,0,0.069590814
chr1:1-1,0.06341544,0.25286558,0,0,0,0.25286558
chr1:1-1,0.01658952,0.3409127,0,0,0,0.3409127
chr1:1-1,0.20339842,0.63114834,0,1,1,0.63114834
chr1:1-1,0.16052124,0.5210443,0,1,1,0.5210443
chr1:1-1,0.026952919,0.09958669,0,0,0,0.09958669
chr1:1-1,0.07811471,0.6057702,0,1,1,0.6057702
chr1:1-1,0.053991348,0.05490603,0,0,0,0.05490603
chr1:1-1,0.045965925,0.052737255,0,0,0,0.052737255
chr1:1-1,0.02574299,0.0560878,0,0,0,0.0560878
chr1:1-1,0.35019156,0.9097399,0,1,1,0.9097399
chr1:1-1,0.03928797,0.032310538,0,0,0,0.03928797
chr1:1-1,0.18478402,0.6242436,0,1,1,0.6242436
chr1:1-1,0.103673674,0.13714936,0,0,0,0.13714936
chr1:1-1,0.045340113,0.056426026,0,0,0,0.056426026
chr1:1-1,0.23913732,0.30013898,0,0,0,0.30013898
chr1:1-1,0.0560679,0.23589152,0,0,0,0.23589152
chr1:1-1,0.32509983,0.90302515,0,1,1,0.90302515
chr1:1-1,0.014938621,0.07759131,0,0,0,0.07759131
chr1:1-1,0.014721481,0.3292921,0,0,0,0.3292921
chr1:1-1,0.0217498,0.063162364,0,0,0,0.063162364
chr1:1-1,0.07333025,0.12898362,0,0,0,0.12898362
chr1:1-1,0.088461146,0.911341,0,1,1,0.911341
chr1:1-1,0.99899143,0.9978108,1,1,1,0.99899143
chr1:1-1,0.122526325,0.4807081,0,0,0,0.4807081
chr1:1-1,0.013229618,0.20073654,0,0,0,0.20073654
chr1:1-1,0.026154216,0.09283433,0,0,0,0.09283433
chr1:1-1,0.05955669,0.7177159,0,1,1,0.7177159
chr1:1-1,0.008963202,0.06771101,0,0,0,0.06771101
chr1:1-1,0.23056903,0.11706965,0,0,0,0.23056903
chr1:1-1,0.15814236,0.2755433,0,0,0,0.2755433
chr1:1-1,0.6606019,0.83824354,1,1,1,0.83824354
chr1:1-1,0.9882712,0.99780387,1,1,1,0.99780387
chr1:1-1,0.0033507864,0.006180454,0,0,0,0.006180454
chr1:1-1,0.12681822,0.06533011,0,0,0,0.12681822
chr1:1-1,0.39390638,0.77657765,0,1,1,0.77657765
chr1:1-1,0.0067907646,0.2813879,0,0,0,0.2813879
chr1:1-1,0.8123737,0.5380262,1,1,1,0.8123737
chr1:1-1,0.19618145,0.7029683,0,1,1,0.7029683
chr1:1-1,0.07838375,0.08116636,0,0,0,0.08116636
chr1:1-1,0.33613512,0.6192753,0,1,1,0.6192753
chr1:1-1,0.01773105,0.0358892,0,0,0,0.0358892
chr1:1-1,0.15345743,0.114287585,0,0,0,0.15345743
chr1:1-1,0.06154193,0.028396895,0,0,0,0.06154193
chr1:1-1,0.013908597,0.1810008,0,0,0,0.1810008
chr1:1-1,0.30997303,0.53571063,0,1,1,0.53571063
chr1:1-1,0.33369622,0.9182007,0,1,1,0.9182007
chr1:1-1,0.3747946,0.54833317,0,1,1,0.54833317
chr1:1-1,0.07014043,0.2284311,0,0,0,0.2284311
chr1:1-1,0.056572814,0.028832506,0,0,0,0.056572814
chr1:1-1,0.859116,0.74215007,1,1,1,0.859116
chr1:1-1,0.18167643,0.9136027,0,1,1,0.9136027
chr1:1-1,0.21671087,0.17935406,0,0,0,0.21671087
chr1:1-1,0.054234635,0.18148507,0,0,0,0.18148507
chr1:1-1,0.14293072,0.10034664,0,0,0,0.14293072
chr1:1-1,0.04574889,0.06032645,0,0,0,0.06032645
chr1:1-1,0.00576509,0.19691269,0,0,0,0.19691269
chr1:1-1,0.052855268,0.43860117,0,0,0,0.43860117
chr1:1-1,0.035306044,0.37232074,0,0,0,0.37232074
chr1:1-1,0.40018693,0.84722334,0,1,1,0.84722334
chr1:1-1,0.07914191,0.13821736,0,0,0,0.13821736
chr1:1-1,0.8531176,0.7943526,1,1,1,0.8531176
chr1:1-1,0.10798168,0.3774283,0,0,0,0.3774283
chr1:1-1,0.17740446,0.43490717,0,0,0,0.43490717
chr1:1-1,0.11895252,0.3712427,0,0,0,0.3712427
chr1:1-1,0.5188005,0.98896605,1,1,1,0.98896605
chr1:1-1,0.057704307,0.16622227,0,0,0,0.16622227
chr1:1-1,0.024837172,0.08399662,0,0,0,0.08399662
chr1:1-1,0.11233026,0.49402547,0,0,0,0.49402547
chr1:1-1,0.19441864,0.63101315,0,1,1,0.63101315
chr1:1-1,0.01789851,0.02424288,0,0,0,0.02424288
chr1:1-1,0.0054810448,0.016914668,0,0,0,0.016914668
chr1:1-1,0.023207055,0.2524171,0,0,0,0.2524171
chr1:1-1,0.98774034,0.9353473,1,1,1,0.98774034
chr1:1-1,0.020595912,0.565932,0,1,1,0.565932
chr1:1-1,0.11196118,0.58013874,0,1,1,0.58013874
chr1:1-1,0.05600775,0.44406325,0,0,0,0.44406325
chr1:1-1,0.05583929,0.44646868,0,0,0,0.44646868
chr1:1-1,0.2300284,0.3522699,0,0,0,0.3522699
chr1:1-1,0.025838407,0.016073868,0,0,0,0.025838407
chr1:1-1,0.090054184,0.5628199,0,1,1,0.5628199
chr1:1-1,0.011791287,0.029533911,0,0,0,0.029533911
chr1:1-1,0.10605464,0.65651256,0,1,1,0.65651256
chr1:1-1,0.017628055,0.015409923,0,0,0,0.017628055
chr1:1-1,0.3339832,0.5803729,0,1,1,0.5803729
chr1:1-1,0.32698166,0.7158422,0,1,1,0.7158422
chr1:1-1,0.09231925,0.25711632,0,0,0,0.25711632
chr1:1-1,0.013076623,0.22212979,0,0,0,0.22212979
chr1:1-1,0.09155995,0.07620037,0,0,0,0.09155995
chr1:1-1,0.16844542,0.42292187,0,0,0,0.42292187
chr1:1-1,0.6272486,0.21188575,1,0,1,0.6272486
chr1:1-1,0.03846314,0.32988122,0,0,0,0.32988122
chr1:1-1,0.78373903,0.99296606,1,1,1,0.99296606
chr1:1-1,0.025605217,0.109938055,0,0,0,0.109938055
chr1:1-1,0.8360514,0.96200824,1,1,1,0.96200824
chr1:1-1,0.6592154,0.78393906,1,1,1,0.78393906
chr1:1-1,0.46661305,0.3055134,0,0,0,0.46661305
chr1:1-1,0.66684455,0.96955866,1,1,1,0.96955866
chr1:1-1,0.2187638,0.19024663,0,0,0,0.2187638
chr1:1-1,0.08081621,0.06449646,0,0,0,0.08081621
chr1:1-1,0.06253051,0.109058514,0,0,0,0.109058514
chr1:1-1,0.013533917,0.04718655,0,0,0,0.04718655
chr1:1-1,0.026954202,0.38396192,0,0,0,0.38396192
chr1:1-1,0.0019114837,0.019955676,0,0,0,0.019955676
chr1:1-1,0.024545718,0.12247807,0,0,0,0.12247807
chr1:1-1,0.042853605,0.041827437,0,0,0,0.042853605
chr1:1-1,0.008314548,0.117546566,0,0,0,0.117546566
chr1:1-1,0.17052759,0.7028492,0,1,1,0.7028492
chr1:1-1,0.068457305,0.4654497,0,0,0,0.4654497
chr1:1-1,0.37892252,0.5991649,0,1,1,0.5991649
chr1:1-1,0.013340322,0.18209001,0,0,0,0.18209001
chr1:1-1,0.21565962,0.3597711,0,0,0,0.3597711
chr1:1-1,0.034488425,0.090535246,0,0,0,0.090535246
chr1:1-1,0.0042059887,0.49812,0,0,0,0.49812
chr1:1-1,0.37179235,0.37034935,0,0,0,0.37179235
chr1:1-1,0.015584203,0.34210753,0,0,0,0.34210753
chr1:1-1,0.061780173,0.18353422,0,0,0,0.18353422
chr1:1-1,0.03193227,0.0785801,0,0,0,0.0785801
chr1:1-1,0.10950737,0.36647972,0,0,0,0.36647972
chr1:1-1,0.045399077,0.29467788,0,0,0,0.29467788
chr1:1-1,0.07737237,0.30746052,0,0,0,0.30746052
chr1:1-1,0.028275033,0.12748927,0,0,0,0.12748927
chr1:1-1,0.020171525,0.28665528,0,0,0,0.28665528
chr1:1-1,0.0012489383,0.0012534538,0,0,0,0.0012534538
chr1:1-1,0.036444236,0.0849355,0,0,0,0.0849355
chr1:1-1,0.014618541,0.15831397,0,0,0,0.15831397
chr1:1-1,0.13616307,0.11222272,0,0,0,0.13616307
chr1:1-1,0.017238617,0.002030298,0,0,0,0.017238617
chr1:1-1,0.6094759,0.69058824,1,1,1,0.69058824
chr1:1-1,0.03242065,0.6390923,0,1,1,0.6390923
chr1:1-1,0.0088672815,0.015186831,0,0,0,0.015186831
chr1:1-1,0.7216774,0.9516681,1,1,1,0.9516681
chr1:1-1,0.09154536,0.21954527,0,0,0,0.21954527
chr1:1-1,0.019604355,0.39660957,0,0,0,0.39660957
chr1:1-1,0.45552775,0.17998135,0,0,0,0.45552775
chr1:1-1,0.041054547,0.037369113,0,0,0,0.041054547
chr1:1-1,0.111625366,0.1535539,0,0,0,0.1535539
chr1:1-1,0.053038612,0.2967688,0,0,0,0.2967688
chr1:1-1,0.48017934,0.87766975,0,1,1,0.87766975
chr1:1-1,0.1348072,0.8863414,0,1,1,0.8863414
chr1:1-1,0.0038513478,0.015825445,0,0,0,0.015825445
chr1:1-1,0.051581055,0.17070055,0,0,0,0.17070055
chr1:1-1,0.029541872,0.033229873,0,0,0,0.033229873
chr1:1-1,0.019588502,0.010894067,0,0,0,0.019588502
chr1:1-1,0.051228084,0.038918708,0,0,0,0.051228084
chr1:1-1,0.03783399,0.03939933,0,0,0,0.03939933
chr1:1-1,0.08129896,0.0137810735,0,0,0,0.08129896
chr1:1-1,0.016217342,0.040968813,0,0,0,0.040968813
chr1:1-1,0.0062348894,0.004081872,0,0,0,0.0062348894
chr1:1-1,0.00796285,0.0021336298,0,0,0,0.00796285
chr1:1-1,0.013311725,0.018009651,0,0,0,0.018009651
chr1:1-1,0.050770104,0.8619123,0,1,1,0.8619123
chr1:1-1,0.100756094,0.41835567,0,0,0,0.41835567
chr1:1-1,0.19724122,0.62795764,0,1,1,0.62795764
chr1:1-1,0.10366037,0.2449992,0,0,0,0.2449992
chr1:1-1,0.3001187,0.123573676,0,0,0,0.3001187
chr1:1-1,0.05485586,0.118800364,0,0,0,0.118800364
chr1:1-1,0.029680787,0.1276413,0,0,0,0.1276413
chr1:1-1,0.33044267,0.66998863,0,1,1,0.66998863
chr1:1-1,0.5795776,0.33065203,1,0,1,0.5795776
chr1:1-1,0.038415883,0.37109154,0,0,0,0.37109154
chr1:1-1,0.019626427,0.122382075,0,0,0,0.122382075
chr1:1-1,0.68663317,0.38868186,1,0,1,0.68663317
chr1:1-1,0.00827899,0.40952834,0,0,0,0.40952834
chr1:1-1,0.06318344,0.50271237,0,1,1,0.50271237
chr1:1-1,0.17275557,0.55390245,0,1,1,0.55390245
chr1:1-1,0.53429407,0.6868311,1,1,1,0.6868311
chr1:1-1,0.025008988,0.111547865,0,0,0,0.111547865
chr1:1-1,0.0020496908,0.010131325,0,0,0,0.010131325
chr1:1-1,0.01095349,0.07037964,0,0,0,0.07037964
chr1:1-1,0.016282097,0.23955339,0,0,0,0.23955339
chr1:1-1,0.19082794,0.8090043,0,1,1,0.8090043
chr1:1-1,0.0013529493,0.06087228,0,0,0,0.06087228
chr1:1-1,0.13004465,0.17691801,0,0,0,0.17691801
chr1:1-1,0.49073705,0.21100964,0,0,0,0.49073705
chr1:1-1,0.0095539065,0.032820377,0,0,0,0.032820377
chr1:1-1,0.011726151,0.023998939,0,0,0,0.023998939
chr1:1-1,0.041671608,0.04503947,0,0,0,0.04503947
chr1:1-1,0.10533965,0.3768379,0,0,0,0.3768379
chr1:1-1,0.02573232,0.26816252,0,0,0,0.26816252
chr1:1-1,0.0017203178,0.01931266,0,0,0,0.01931266
chr1:1-1,0.2130686,0.29505068,0,0,0,0.29505068
chr1:1-1,0.026930448,0.12727475,0,0,0,0.12727475
chr1:1-1,0.6368509,0.5639212,1,1,1,0.6368509
chr1:1-1,0.14314221,0.37695476,0,0,0,0.37695476
chr1:1-1,0.030028893,0.007813134,0,0,0,0.030028893
chr1:1-1,0.25933003,0.19414687,0,0,0,0.25933003
chr1:1-1,0.31345302,0.83255404,0,1,1,0.83255404
chr1:1-1,0.25114775,0.10589649,0,0,0,0.25114775
chr1:1-1,0.06977369,0.35884488,0,0,0,0.35884488
chr1:1-1,0.008012725,0.14157814,0,0,0,0.14157814
chr1:1-1,0.14744526,0.3636764,0,0,0,0.3636764
chr1:1-1,0.045332983,0.25932732,0,0,0,0.25932732
chr1:1-1,0.013065336,0.10572002,0,0,0,0.10572002
chr1:1-1,0.64972174,0.9034125,1,1,1,0.9034125
chr1:1-1,0.0029397768,0.045978863,0,0,0,0.045978863
chr1:1-1,0.0061854026,0.042443346,0,0,0,0.042443346
chr1:1-1,0.15084593,0.24085617,0,0,0,0.24085617
chr1:1-1,0.07594646,0.1301268,0,0,0,0.1301268
chr1:1-1,0.021353552,0.04030027,0,0,0,0.04030027
chr1:1-1,0.06498085,0.26039106,0,0,0,0.26039106
chr1:1-1,0.123660445,0.26601088,0,0,0,0.26601088
chr1:1-1,0.6335545,0.8376708,1,1,1,0.8376708
chr1:1-1,0.006049285,0.040630158,0,0,0,0.040630158
chr1:1-1,0.031358935,0.09797167,0,0,0,0.09797167
chr1:1-1,0.0235085,0.09827513,0,0,0,0.09827513
chr1:1-1,0.0011812662,0.011046153,0,0,0,0.011046153
chr1:1-1,0.051818106,0.10673998,0,0,0,0.10673998
chr1:1-1,0.08011424,0.3867371,0,0,0,0.3867371
chr1:1-1,0.036542647,0.06625024,0,0,0,0.06625024
chr1:1-1,0.011691825,0.026089566,0,0,0,0.026089566
chr1:1-1,0.4586257,0.83472073,0,1,1,0.83472073
chr1:1-1,0.24085008,0.15449232,0,0,0,0.24085008
chr1:1-1,0.05284567,0.10287132,0,0,0,0.10287132
chr1:1-1,0.10936238,0.45615998,0,0,0,0.45615998
chr1:1-1,0.14829093,0.064501874,0,0,0,0.14829093
chr1:1-1,0.16024469,0.100815296,0,0,0,0.16024469
chr1:1-1,0.057587754,0.19487128,0,0,0,0.19487128
chr1:1-1,0.1716084,0.64233977,0,1,1,0.64233977
chr1:1-1,0.058571327,0.15802565,0,0,0,0.15802565
chr1:1-1,0.068971924,0.018029302,0,0,0,0.068971924
chr1:1-1,0.0038500254,0.005462087,0,0,0,0.005462087
chr1:1-1,0.14961302,0.020183934,0,0,0,0.14961302
chr1:1-1,0.79458296,0.3435197,1,0,1,0.79458296
chr1:1-1,0.018003127,0.19045082,0,0,0,0.19045082
chr1:1-1,0.015311314,0.2978739,0,0,0,0.2978739
chr1:1-1,0.1078145,0.102349475,0,0,0,0.1078145
chr1:1-1,0.013807449,0.09159337,0,0,0,0.09159337
chr1:1-1,0.33960545,0.45269293,0,0,0,0.45269293
chr1:1-1,0.13710935,0.089006014,0,0,0,0.13710935
chr1:1-1,0.5371038,0.70885795,1,1,1,0.70885795
chr1:1-1,0.117976345,0.020954398,0,0,0,0.117976345
chr1:1-1,0.16408694,0.25975972,0,0,0,0.25975972
chr1:1-1,0.6680895,0.46052453,1,0,1,0.6680895
chr1:1-1,0.09358378,0.14198239,0,0,0,0.14198239
chr1:1-1,0.9509712,0.9768619,1,1,1,0.9768619
chr1:1-1,0.14457184,0.250856,0,0,0,0.250856
chr1:1-1,0.19369599,0.5894219,0,1,1,0.5894219
chr1:1-1,0.01774406,0.004249798,0,0,0,0.01774406
chr1:1-1,0.0076101683,0.025373964,0,0,0,0.025373964
chr1:1-1,0.06778667,0.16394082,0,0,0,0.16394082
chr1:1-1,0.10975443,0.5695951,0,1,1,0.5695951
chr1:1-1,0.024058595,0.10104141,0,0,0,0.10104141
chr1:1-1,0.6766362,0.77543056,1,1,1,0.77543056
chr1:1-1,0.10209059,0.49121475,0,0,0,0.49121475
chr1:1-1,0.038978882,0.09226974,0,0,0,0.09226974
chr1:1-1,0.051261168,0.29449868,0,0,0,0.29449868
chr1:1-1,0.16135174,0.042821314,0,0,0,0.16135174
chr1:1-1,0.096177876,0.7538479,0,1,1,0.7538479
chr1:1-1,0.021367287,0.007036986,0,0,0,0.021367287
chr1:1-1,0.0053311507,0.056885082,0,0,0,0.056885082
chr1:1-1,0.18010098,0.25540563,0,0,0,0.25540563
chr1:1-1,0.1402808,0.24085489,0,0,0,0.24085489
chr1:1-1,0.9980076,0.999537,1,1,1,0.999537
chr1:1-1,0.0009510661,0.29439327,0,0,0,0.29439327
chr1:1-1,0.7903821,0.5484623,1,1,1,0.7903821
chr1:1-1,0.2770141,0.03880817,0,0,0,0.2770141
chr1:1-1,0.05376904,0.270648,0,0,0,0.270648
chr1:1-1,0.024246225,0.08342214,0,0,0,0.08342214
chr1:1-1,0.005362757,0.39178687,0,0,0,0.39178687
chr1:1-1,0.02677737,0.18239719,0,0,0,0.18239719
chr1:1-1,0.10503514,0.18481551,0,0,0,0.18481551
chr1:1-1,0.080834754,0.6407593,0,1,1,0.6407593
chr1:1-1,0.19963877,0.5170307,0,1,1,0.5170307
chr1:1-1,0.5135898,0.7266637,1,1,1,0.7266637
chr1:1-1,0.3752074,0.30793312,0,0,0,0.3752074
chr1:1-1,0.08397756,0.06512445,0,0,0,0.08397756
chr1:1-1,0.07163701,0.32085183,0,0,0,0.32085183
chr1:1-1,0.3635486,0.21511833,0,0,0,0.3635486
chr1:1-1,0.97155154,0.92209214,1,1,1,0.97155154
chr1:1-1,0.95365435,0.9922501,1,1,1,0.9922501
chr1:1-1,0.13636304,0.058181856,0,0,0,0.13636304
chr1:1-1,0.0071976376,0.027879708,0,0,0,0.027879708
chr1:1-1,0.5945202,0.21442921,1,0,1,0.5945202
chr1:1-1,0.28394407,0.29478195,0,0,0,0.29478195
chr1:1-1,0.03912083,0.69551593,0,1,1,0.69551593
chr1:1-1,0.12280729,0.016165463,0,0,0,0.12280729
chr1:1-1,0.5484089,0.6808858,1,1,1,0.6808858
chr1:1-1,0.50532,0.75729305,1,1,1,0.75729305
chr1:1-1,0.04251215,0.0036246376,0,0,0,0.04251215
chr1:1-1,0.003883215,0.06365493,0,0,0,0.06365493
chr1:1-1,0.0056645554,0.10550448,0,0,0,0.10550448
chr1:1-1,0.22580123,0.8682406,0,1,1,0.8682406
chr1:1-1,0.02598834,0.0035509411,0,0,0,0.02598834
chr1:1-1,0.12821595,0.06996993,0,0,0,0.12821595
chr1:1-1,0.52283174,0.91874635,1,1,1,0.91874635
chr1:1-1,0.14948888,0.55797184,0,1,1,0.55797184
chr1:1-1,0.049445953,0.040872306,0,0,0,0.049445953
chr1:1-1,0.9790511,0.9588564,1,1,1,0.9790511
chr1:1-1,0.15312773,0.52764505,0,1,1,0.52764505
chr1:1-1,0.07672958,0.48865584,0,0,0,0.48865584
chr1:1-1,0.943975,0.98422813,1,1,1,0.98422813
chr1:1-1,0.49434108,0.54730743,0,1,1,0.54730743
chr1:1-1,0.049734898,0.23466168,0,0,0,0.23466168
chr1:1-1,0.18454756,0.26988155,0,0,0,0.26988155
chr1:1-1,0.4834119,0.29235712,0,0,0,0.4834119
chr1:1-1,0.50630677,0.8933705,1,1,1,0.8933705
chr1:1-1,0.06980069,0.21983334,0,0,0,0.21983334
chr1:1-1,0.57128847,0.63139737,1,1,1,0.63139737
chr1:1-1,0.20180869,0.8093194,0,1,1,0.8093194
chr1:1-1,0.17285587,0.6604822,0,1,1,0.6604822
chr1:1-1,0.002364363,0.024165526,0,0,0,0.024165526
chr1:1-1,0.5143168,0.30099693,1,0,1,0.5143168
chr1:1-1,0.23778372,0.8341401,0,1,1,0.8341401
chr1:1-1,0.046387106,0.11464789,0,0,0,0.11464789
chr1:1-1,0.23758103,0.035338353,0,0,0,0.23758103
chr1:1-1,0.01866137,0.14354351,0,0,0,0.14354351
chr1:1-1,0.09065654,0.45136464,0,0,0,0.45136464
chr1:1-1,0.010254669,0.80363566,0,1,1,0.80363566
chr1:1-1,0.06941182,0.012588404,0,0,0,0.06941182
chr1:1-1,0.1614141,0.12594974,0,0,0,0.1614141
chr1:1-1,0.485345,0.4437083,0,0,0,0.485345
chr1:1-1,0.002502881,0.019570876,0,0,0,0.019570876
chr1:1-1,0.010592605,0.04435829,0,0,0,0.04435829
chr1:1-1,0.9363834,0.7483513,1,1,1,0.9363834
chr1:1-1,0.031381596,0.08389539,0,0,0,0.08389539
chr1:1-1,0.082871884,0.07024094,0,0,0,0.082871884
chr1:1-1,0.30733934,0.58691156,0,1,1,0.58691156
chr1:1-1,0.028727306,0.39446902,0,0,0,0.39446902
chr1:1-1,0.006556284,0.010688049,0,0,0,0.010688049
chr1:1-1,0.04292076,0.011910723,0,0,0,0.04292076
chr1:1-1,0.06106031,0.7784185,0,1,1,0.7784185
chr1:1-1,0.055519328,0.038384672,0,0,0,0.055519328
chr1:1-1,0.009159235,0.010286495,0,0,0,0.010286495
chr1:1-1,0.33610785,0.77641433,0,1,1,0.77641433
chr1:1-1,0.075991035,0.22437434,0,0,0,0.22437434
chr1:1-1,0.65678895,0.64394003,1,1,1,0.65678895
chr1:1-1,0.17233151,0.46784148,0,0,0,0.46784148
chr1:1-1,0.011066236,0.028248195,0,0,0,0.028248195
chr1:1-1,0.033143394,0.771809,0,1,1,0.771809
chr1:1-1,0.028071998,0.07627702,0,0,0,0.07627702
chr1:1-1,0.035805464,0.30651617,0,0,0,0.30651617
chr1:1-1,0.2914767,0.41133586,0,0,0,0.41133586
chr1:1-1,0.35042942,0.87659067,0,1,1,0.87659067
chr1:1-1,0.027569555,0.023306025,0,0,0,0.027569555
chr1:1-1,0.3801022,0.39339918,0,0,0,0.39339918
chr1:1-1,0.06771268,0.013470423,0,0,0,0.06771268
chr1:1-1,0.92683804,0.9378313,1,1,1,0.9378313
chr1:1-1,0.19399434,0.29802102,0,0,0,0.29802102
chr1:1-1,0.050139323,0.06517565,0,0,0,0.06517565
chr1:1-1,0.0064907563,0.49848428,0,0,0,0.49848428
chr1:1-1,0.00733088,0.026176177,0,0,0,0.026176177
chr1:1-1,0.06859444,0.2910033,0,0,0,0.2910033
chr1:1-1,0.64617455,0.18420775,1,0,1,0.64617455
chr1:1-1,0.4159809,0.34801003,0,0,0,0.4159809
chr1:1-1,0.039429136,0.32022414,0,0,0,0.32022414
chr1:1-1,0.048970316,0.84745806,0,1,1,0.84745806
chr1:1-1,0.15198854,0.28060827,0,0,0,0.28060827
chr1:1-1,0.48553586,0.661997,0,1,1,0.661997
chr1:1-1,0.20168553,0.21088566,0,0,0,0.21088566
chr1:1-1,0.69309276,0.65694505,1,1,1,0.69309276
chr1:1-1,0.25584674,0.111348175,0,0,0,0.25584674
chr1:1-1,0.6461498,0.23794964,1,0,1,0.6461498
chr1:1-1,0.2897041,0.85861593,0,1,1,0.85861593
chr1:1-1,0.14634241,0.22558545,0,0,0,0.22558545
chr1:1-1,0.11708508,0.27862787,0,0,0,0.27862787
chr1:1-1,0.0035557142,0.070042945,0,0,0,0.070042945
chr1:1-1,0.015482047,0.02475237,0,0,0,0.02475237
chr1:1-1,0.0067046825,0.07353569,0,0,0,0.07353569
chr1:1-1,0.7922925,0.9993144,1,1,1,0.9993144
chr1:1-1,0.28373837,0.24208418,0,0,0,0.28373837
chr1:1-1,0.41514555,0.4742684,0,0,0,0.4742684
chr1:1-1,0.003924143,0.047563314,0,0,0,0.047563314
chr1:1-1,0.19869465,0.7334145,0,1,1,0.7334145
chr1:1-1,0.008753871,0.036746025,0,0,0,0.036746025
chr1:1-1,0.058602627,0.43573183,0,0,0,0.43573183
chr1:1-1,0.028657585,0.032005824,0,0,0,0.032005824
chr1:1-1,0.01854443,0.01240343,0,0,0,0.01854443
chr1:1-1,0.028647918,0.09901373,0,0,0,0.09901373
chr1:1-1,0.4326956,0.021444313,0,0,0,0.4326956
chr1:1-1,0.09674806,0.01571516,0,0,0,0.09674806
chr1:1-1,0.54263127,0.48217916,1,0,1,0.54263127
chr1:1-1,0.0020129508,0.11430881,0,0,0,0.11430881
chr1:1-1,0.020746881,0.06502463,0,0,0,0.06502463
chr1:1-1,0.003994924,0.16644998,0,0,0,0.16644998
chr1:1-1,0.103632025,0.26665232,0,0,0,0.26665232
chr1:1-1,0.054503433,0.5448745,0,1,1,0.5448745
chr1:1-1,0.031621434,0.2062069,0,0,0,0.2062069
chr1:1-1,0.07792397,0.06858885,0,0,0,0.07792397
chr1:1-1,0.1746245,0.46885914,0,0,0,0.46885914
chr1:1-1,0.32882532,0.96748537,0,1,1,0.96748537
chr1:1-1,0.122892015,0.23100728,0,0,0,0.23100728
chr1:1-1,0.023490451,0.11239702,0,0,0,0.11239702
chr1:1-1,0.26447403,0.04369719,0,0,0,0.26447403
chr1:1-1,0.033488613,0.56936055,0,1,1,0.56936055
chr1:1-1,0.023409002,0.16170213,0,0,0,0.16170213
chr1:1-1,0.027828107,0.11195295,0,0,0,0.11195295
chr1:1-1,0.09292594,0.45481604,0,0,0,0.45481604
chr1:1-1,0.026807876,0.102000296,0,0,0,0.102000296
chr1:1-1,0.913228,0.83980364,1,1,1,0.913228
chr1:1-1,0.069648944,0.27615863,0,0,0,0.27615863
chr1:1-1,0.023246292,0.096088275,0,0,0,0.096088275
chr1:1-1,0.4280936,0.6176836,0,1,1,0.6176836
chr1:1-1,0.010502234,0.042978514,0,0,0,0.042978514
chr1:1-1,0.042214494,0.02409747,0,0,0,0.042214494
chr1:1-1,0.18928637,0.8431234,0,1,1,0.8431234
chr1:1-1,0.023843905,0.109429576,0,0,0,0.109429576
chr1:1-1,0.028753271,0.27629623,0,0,0,0.27629623
chr1:1-1,0.11937411,0.10127668,0,0,0,0.11937411
chr1:1-1,0.011892986,0.18756466,0,0,0,0.18756466
chr1:1-1,0.01564555,0.6308475,0,1,1,0.6308475
chr1:1-1,0.15024468,0.74509215,0,1,1,0.74509215
chr1:1-1,0.020515658,0.11459004,0,0,0,0.11459004
chr1:1-1,0.3955189,0.8731136,0,1,1,0.8731136
chr1:1-1,0.0023854873,0.01019535,0,0,0,0.01019535
chr1:1-1,0.007435284,0.0047681914,0,0,0,0.007435284
chr1:1-1,0.032774854,0.09002695,0,0,0,0.09002695
chr1:1-1,0.03415522,0.1187653,0,0,0,0.1187653
chr1:1-1,0.5691833,0.5553828,1,1,1,0.5691833
chr1:1-1,0.57111305,0.8833206,1,1,1,0.8833206
chr1:1-1,0.011196799,0.01002805,0,0,0,0.011196799
chr1:1-1,0.11247026,0.7105737,0,1,1,0.7105737
chr1:1-1,0.08421908,0.4020073,0,0,0,0.4020073
chr1:1-1,0.09179987,0.16113977,0,0,0,0.16113977
chr1:1-1,0.11884115,0.19203816,0,0,0,0.19203816
chr1:1-1,0.094403625,0.10122925,0,0,0,0.10122925
chr1:1-1,0.032819856,0.008952056,0,0,0,0.032819856
chr1:1-1,0.46918976,0.7741482,0,1,1,0.7741482
chr1:1-1,0.17569631,0.5807021,0,1,1,0.5807021
chr1:1-1,0.11419324,0.62152493,0,1,1,0.62152493
chr1:1-1,0.015145252,0.09320392,0,0,0,0.09320392
chr1:1-1,0.009618896,0.15029895,0,0,0,0.15029895
chr1:1-1,0.047442842,0.08362468,0,0,0,0.08362468
chr1:1-1,0.16137128,0.16994072,0,0,0,0.16994072
chr1:1-1,0.015811311,0.14601393,0,0,0,0.14601393
chr1:1-1,0.0004811337,0.0011148507,0,0,0,0.0011148507
chr1:1-1,0.5340876,0.8378261,1,1,1,0.8378261
chr1:1-1,0.041603003,0.052761663,0,0,0,0.052761663
chr1:1-1,0.9296932,0.9767522,1,1,1,0.9767522
chr1:1-1,0.03228307,0.7880108,0,1,1,0.7880108
chr1:1-1,0.004158846,0.027921733,0,0,0,0.027921733
chr1:1-1,0.15118587,0.71849495,0,1,1,0.71849495
chr1:1-1,0.13675815,0.12188943,0,0,0,0.13675815
chr1:1-1,0.025405647,0.1345134,0,0,0,0.1345134
chr1:1-1,0.87348723,0.6655291,1,1,1,0.87348723
chr1:1-1,0.15578827,0.5069574,0,1,1,0.5069574
chr1:1-1,0.013928983,0.036644824,0,0,0,0.036644824
chr1:1-1,0.02024583,0.031138884,0,0,0,0.031138884
chr1:1-1,0.04401198,0.037224133,0,0,0,0.04401198
chr1:1-1,0.01837342,0.01837915,0,0,0,0.01837915
chr1:1-1,0.0033865308,0.06800194,0,0,0,0.06800194
chr1:1-1,0.009475061,0.055711504,0,0,0,0.055711504
chr1:1-1,0.20742843,0.20032665,0,0,0,0.20742843
chr1:1-1,0.004673693,0.016305016,0,0,0,0.016305016
chr1:1-1,0.20227605,0.89647406,0,1,1,0.89647406
chr1:1-1,0.119658306,0.045690533,0,0,0,0.119658306
chr1:1-1,0.033200473,0.21091752,0,0,0,0.21091752
chr1:1-1,0.079124376,0.11337141,0,0,0,0.11337141
chr1:1-1,0.31449273,0.37614444,0,0,0,0.37614444
chr1:1-1,0.06266076,0.20943624,0,0,0,0.20943624
chr1:1-1,0.033959333,0.15712889,0,0,0,0.15712889
chr1:1-1,0.23601575,0.5138889,0,1,1,0.5138889
chr1:1-1,0.09126858,0.27938786,0,0,0,0.27938786
chr1:1-1,0.003715356,0.006407573,0,0,0,0.006407573
chr1:1-1,0.105726585,0.20794801,0,0,0,0.20794801
chr1:1-1,0.07153948,0.09525985,0,0,0,0.09525985
chr1:1-1,0.7744747,0.85868114,1,1,1,0.85868114
chr1:1-1,0.25975883,0.49900362,0,0,0,0.49900362
chr1:1-1,0.04101247,0.1139941,0,0,0,0.1139941
chr1:1-1,0.26083964,0.23275217,0,0,0,0.26083964
chr1:1-1,0.0136160385,0.26541778,0,0,0,0.26541778
chr1:1-1,0.8464973,0.65266573,1,1,1,0.8464973
chr1:1-1,0.597194,0.23306148,1,0,1,0.597194
chr1:1-1,0.14889176,0.8118672,0,1,1,0.8118672
chr1:1-1,0.038909417,0.34415352,0,0,0,0.34415352
chr1:1-1,0.7965495,0.77045107,1,1,1,0.7965495
chr1:1-1,0.0041690385,0.024153996,0,0,0,0.024153996
chr1:1-1,0.027832743,0.47598654,0,0,0,0.47598654
chr1:1-1,0.07580035,0.045721326,0,0,0,0.07580035
chr1:1-1,0.027294341,0.286646,0,0,0,0.286646
chr1:1-1,0.6061473,0.923636,1,1,1,0.923636
chr1:1-1,0.53593254,0.18518174,1,0,1,0.53593254
chr1:1-1,0.043911412,0.042594433,0,0,0,0.043911412
chr1:1-1,0.65219784,0.9224266,1,1,1,0.9224266
chr1:1-1,0.032005474,0.022763222,0,0,0,0.032005474
chr1:1-1,0.35765904,0.3967447,0,0,0,0.3967447
chr1:1-1,0.85560936,0.9916256,1,1,1,0.9916256
chr1:1-1,0.01591341,0.6299547,0,1,1,0.6299547
chr1:1-1,0.010795979,0.05111845,0,0,0,0.05111845
chr1:1-1,0.1801843,0.28774548,0,0,0,0.28774548
chr1:1-1,0.107268795,0.77086115,0,1,1,0.77086115
chr1:1-1,0.30859557,0.4912004,0,0,0,0.4912004
chr1:1-1,0.0523867,0.01135432,0,0,0,0.0523867
chr1:1-1,0.046712853,0.05390735,0,0,0,0.05390735
chr1:1-1,0.7677392,0.9869386,1,1,1,0.9869386
chr1:1-1,0.015076048,0.012490035,0,0,0,0.015076048
chr1:1-1,0.009756804,0.009994326,0,0,0,0.009994326
chr1:1-1,0.1988161,0.25791728,0,0,0,0.25791728
chr1:1-1,0.5609141,0.69478095,1,1,1,0.69478095
chr1:1-1,0.1035155,0.17502923,0,0,0,0.17502923
chr1:1-1,0.109783605,0.34446493,0,0,0,0.34446493
chr1:1-1,0.33934608,0.7031255,0,1,1,0.7031255
chr1:1-1,0.030469032,0.17538762,0,0,0,0.17538762
chr1:1-1,0.005969076,0.10193172,0,0,0,0.10193172
chr1:1-1,0.049238976,0.30975536,0,0,0,0.30975536
chr1:1-1,0.4313807,0.13862813,0,0,0,0.4313807
chr1:1-1,0.0341614,0.10412536,0,0,0,0.10412536
chr1:1-1,0.14969927,0.17657936,0,0,0,0.17657936
chr1:1-1,0.015548136,0.43788406,0,0,0,0.43788406
chr1:1-1,0.17578927,0.2956271,0,0,0,0.2956271
chr1:1-1,0.023473471,0.03281459,0,0,0,0.03281459
chr1:1-1,0.04018836,0.06613045,0,0,0,0.06613045
chr1:1-1,0.11999523,0.12151714,0,0,0,0.12151714
chr1:1-1,0.050855637,0.08050545,0,0,0,0.08050545
chr1:1-1,0.0029483414,0.15692447,0,0,0,0.15692447
chr1:1-1,0.03128034,0.11876918,0,0,0,0.11876918
chr1:1-1,0.512377,0.8477372,1,1,1,0.8477372
chr1:1-1,0.091129445,0.30007827,0,0,0,0.30007827
chr1:1-1,0.0041877665,0.033731323,0,0,0,0.033731323
chr1:1-1,0.06186393,0.21021555,0,0,0,0.21021555
chr1:1-1,0.6002936,0.7602848,1,1,1,0.7602848
chr1:1-1,0.74088603,0.7259361,1,1,1,0.74088603
chr1:1-1,0.37622198,0.9424196,0,1,1,0.9424196
chr1:1-1,0.004762386,0.025349235,0,0,0,0.025349235
chr1:1-1,0.12072202,0.53643763,0,1,1,0.53643763
chr1:1-1,0.01997637,0.005843957,0,0,0,0.01997637
chr1:1-1,0.017709835,0.088530056,0,0,0,0.088530056
chr1:1-1,0.13056998,0.68368644,0,1,1,0.68368644
chr1:1-1,0.07445909,0.6991147,0,1,1,0.6991147
chr1:1-1,0.19556972,0.18369739,0,0,0,0.19556972
chr1:1-1,0.016788142,0.029008312,0,0,0,0.029008312
chr1:1-1,0.6324438,0.3388604,1,0,1,0.6324438
chr1:1-1,0.027090212,0.13771799,0,0,0,0.13771799
chr1:1-1,0.043594982,0.09279673,0,0,0,0.09279673
chr1:1-1,0.1665647,0.7900291,0,1,1,0.7900291
chr1:1-1,0.008090817,0.20649633,0,0,0,0.20649633
chr1:1-1,0.007161781,0.08010398,0,0,0,0.08010398
chr1:1-1,0.03119046,0.09384264,0,0,0,0.09384264
chr1:1-1,0.017411998,0.017085703,0,0,0,0.017411998
chr1:1-1,0.001346031,0.018026082,0,0,0,0.018026082
chr1:1-1,0.2019875,0.1268267,0,0,0,0.2019875
chr1:1-1,0.0019373861,0.0026811962,0,0,0,0.0026811962
chr1:1-1,0.011256559,0.04561666,0,0,0,0.04561666
chr1:1-1,0.17788687,0.1946579,0,0,0,0.1946579
chr1:1-1,0.0068291016,0.8154708,0,1,1,0.8154708
chr1:1-1,0.018853521,0.33842397,0,0,0,0.33842397
chr1:1-1,0.06498528,0.10827765,0,0,0,0.10827765
chr1:1-1,0.0273494,0.40468037,0,0,0,0.40468037
chr1:1-1,0.009354034,0.042393595,0,0,0,0.042393595
chr1:1-1,0.092579864,0.1134133,0,0,0,0.1134133
chr1:1-1,0.009653107,0.056634206,0,0,0,0.056634206
chr1:1-1,0.607287,0.0032910486,1,0,1,0.607287
chr1:1-1,0.012085262,0.09620847,0,0,0,0.09620847
chr1:1-1,0.95758826,0.6036275,1,1,1,0.95758826
chr1:1-1,0.028980153,0.033194825,0,0,0,0.033194825
chr1:1-1,0.6892098,0.3499957,1,0,1,0.6892098
chr1:1-1,0.36413726,0.72380656,0,1,1,0.72380656
chr1:1-1,0.0050498443,0.18822297,0,0,0,0.18822297
chr1:1-1,0.10235302,0.38942128,0,0,0,0.38942128
chr1:1-1,0.014923297,0.3986075,0,0,0,0.3986075
chr1:1-1,0.019211289,0.330484,0,0,0,0.330484
chr1:1-1,0.10472007,0.40732718,0,0,0,0.40732718
chr1:1-1,0.03886829,0.09357868,0,0,0,0.09357868
chr1:1-1,0.69295454,0.8189588,1,1,1,0.8189588
chr1:1-1,0.013564783,0.061511315,0,0,0,0.061511315
chr1:1-1,0.8695257,0.9033022,1,1,1,0.9033022
chr1:1-1,0.018473726,0.44034928,0,0,0,0.44034928
chr1:1-1,0.8793242,0.6327141,1,1,1,0.8793242
chr1:1-1,0.020261671,0.005431109,0,0,0,0.020261671
chr1:1-1,0.027091257,0.021113638,0,0,0,0.027091257
chr1:1-1,0.30658257,0.52599704,0,1,1,0.52599704
chr1:1-1,0.40308034,0.97855395,0,1,1,0.97855395
chr1:1-1,0.24563108,0.43415934,0,0,0,0.43415934
96_55_2762890_-_TTGGCACGATCCTTGCA_16079761_levD_81,0.1549727,0.42891166,0,0,0,0.42891166
94_41_878961_+_CTGGCACACTTCTTGCA_16077873_acoA_81,0.018568698,0.056338258,0,0,0,0.056338258
94_75_4145581_-_TTGGCACAGAACTTGCA_16081086_rocD_81,0.12576431,0.054362744,0,0,0,0.12576431
93_55_2504719_-_CTGGCATGGAACTTGCA_255767528_ptb_81,0.10559238,0.046274662,0,0,0,0.10559238
92_243_938000_+_TTGGCACTGAATTTGCT_16077933_ygaB_81,0.05914075,0.032150175,0,0,0,0.05914075
92_65_3880578_-_ATGGCATGATTCTTGCA_16080830_rocA_81,0.04604655,0.055979975,0,0,0,0.055979975
91_114_3882128_-_CTGGTACGGATCTTGCA_255767794_rocG_81,0.05478297,0.117243245,0,0,0,0.117243245
89_78_3903727_-_TTGGCATGGCGATTGCG_255767804_sacA_81,0.1179975,0.46928293,0,0,0,0.46928293
88_71_3018270_-_TTGGCATAAACTTTGCA_16080001_tpx_81,0.016029147,0.028496472,0,0,0,0.028496472
88_177_1375083_+_TTGGCACGATGAATGCA_16078372_ykkA_81,0.26037395,0.2457089,0,0,0,0.26037395
87_190_147122_+_CTGGCATGGTTCTCGCT_255767033_ybzG_81,0.026797155,0.039197225,0,0,0,0.039197225
87_186_880863_+_TTGCCACGGATATTGCT_16077875_acoC_81,0.06553215,0.0909134,0,0,0,0.0909134
87_198_3780231_-_TTGGAACGGCCGTTGCC_16080730_ywmB_81,0.05756396,0.4359108,0,0,0,0.4359108
87_33_4065541_-_GTGGCACGGCATTCGCC_16081008_yxeF_81,0.19854827,0.7625678,0,1,1,0.7625678
86_150_2320174_-_ATGGCACGCAAGTTTCT_16079265_xpt_81,0.9019312,0.7392454,1,1,1,0.9019312
86_95_1347194_+_TTGGAACGACACTTGCC_16078346_xlyA_81,0.054566685,0.09507482,0,0,0,0.09507482
86_150_1647789_+_CCGGCACAGTCGTTGCA_16078637_rsmB_81,0.0708684,0.15070717,0,0,0,0.15070717
85_88_2232594_+_ATGGCAACTATATTGCT_16079171_yonE_81,0.10491069,0.18300024,0,0,0,0.18300024
85_142_2668907_-_TTGGCATATACCTTGCG_16079649_yqcB_81,0.35549456,0.9727067,0,1,1,0.9727067
84_103_2269566_-_GTGGCGGAGCTGTTGCT_16079206_sunT_81,0.1822158,0.3084077,0,0,0,0.3084077
84_249_3739449_-_ATGGCATTACAATTGCG_16080682_ywpJ_81,0.49388546,0.19181092,0,0,0,0.49388546
84_195_3444017_-_GTGGCGCTTCATTTGCT_16080404_copZ_81,0.012042014,0.0025958784,0,0,0,0.012042014
84_142_3382491_+_TTGGCCTACCCCTTGCA_16080350_yusZ_81,0.90136796,0.8344843,1,1,1,0.90136796
84_29_1291315_+_GTGGAACATTAATTGCT_16078286_yjiB_81,0.2485329,0.2753587,0,0,0,0.2753587
84_222_776612_+_CCGGCACGATCGTTGCC_255767184_yetA_81,0.34430864,0.9486817,0,1,1,0.9486817
83_84_57661_+_CTGGAAAAGCACTTGCT_16077119_prs_81,0.22344357,0.6935498,0,1,1,0.6935498
83_247_839900_-_ATGGCACAGTCATCGCG_16077835_yflH_81,0.35565946,0.8104551,0,1,1,0.8104551
83_224_1700792_+_CTGGAACGGCCAGTGCA_255767370_ylzI_81,0.27964383,0.43833482,0,0,0,0.43833482
83_100_1498345_+_CTGTCACATCACTTGCA_16078493_mobB_81,0.68693376,0.7425067,1,1,1,0.7425067
83_194_3199401_-_CAGGCAGGCTTTTTGCA_16080170_yulE_81,0.22961462,0.36486188,0,0,0,0.36486188
83_190_2380462_-_ATGGCACATAGCTTGAA_255767489_aroF_81,0.0063115084,0.06952186,0,0,0,0.06952186
83_190_2441981_-_CTGTCACGGGTTTTGCC_16079398_spoVAD_81,0.05208496,0.12717195,0,0,0,0.12717195
83_161_2617585_-_ATGGCAGAAGCTTTGCG_255767583_yqfB_81,0.017038375,0.0468425,0,0,0,0.0468425
83_204_4169841_+_TTGGCAAAGGTCTCGCT_16081109_yybO_81,0.100736916,0.08668494,0,0,0,0.100736916
82_189_2490692_-_GTGGCAGACCGTGTGCT_255767523_yqjA_81,0.008502716,0.109164394,0,0,0,0.109164394
82_177_2527100_-_TTGGCAAGCTGAATGCA_255767539_xseB_81,0.30587593,0.39437434,0,0,0,0.39437434
82_159_2158278_-_TAGGAACGGTCTTTGCT_16079057_yosV_81,0.01719761,0.4421121,0,0,0,0.4421121
82_191_3573080_-_TTGGCACGGATTCTCCA_16080531_yvcI_81,0.8504973,0.8903969,1,1,1,0.8903969
82_175_3302938_-_CTGGCAGGTGTGGTGCA_16080265_yuzG_81,0.77441734,0.20778364,1,0,1,0.77441734
82_83_1345548_+_CTGGCACGCAAGCAGCT_16078342_xkdX_81,0.0612314,0.60945266,0,1,1,0.60945266
82_154_1410500_+_TTGGCGCTGTTCCTGCT_16078408_ykoY_81,0.071718074,0.4056092,0,0,0,0.4056092
82_248_541000_+_TTGGCGTTGCCTTTGCT_16077562_yddF_81,0.56184095,0.41491562,1,0,1,0.56184095
82_31_390849_+_CTGGCACTGTATTTGGA_16077419_comS_81,0.048097044,0.041932687,0,0,0,0.048097044
81_228_291977_+_AAAGCACGGATGTTGCT_16077339_estA_81,0.20348956,0.31528673,0,0,0,0.31528673
81_232_22060_+_TTGGAAGAACAGTTGCT_255767013_6_trnSL-Ser1_81,0.0841117,0.07431875,0,0,0,0.0841117
81_144_839376_-_TTGGCACAGCTTCTGGT_16077834_yflI_81,0.12670587,0.22722803,0,0,0,0.22722803
81_84_763791_+_ATGGCGTGGGTCATGCT_16077766_yesQ_81,0.6206359,0.92296445,1,1,1,0.92296445
81_177_541401_+_ACGGCACAGTTTCTGCA_16077563_yddG_81,0.244538,0.148189,0,0,0,0.244538
81_130_527999_+_AAGGAACGCTTTTTGCA_16077546_ydcK_81,0.36747664,0.23988125,0,0,0,0.36747664
81_231_1637734_+_TTGGCACGGATGTGGAA_16078629_yloB_81,0.5117048,0.9814523,1,1,1,0.9814523
81_70_1695807_+_TTGGCAGGGTAGATGCG_255767366_fliI_81,0.9955628,0.9593481,1,1,1,0.9955628
81_147_1120778_-_TCGGCATCCCTTTTGCA_16078109_yhjB_81,0.07528063,0.30736175,0,0,0,0.30736175
81_124_1267005_+_CTGGTACAATTGCTGCT_16078260_yjcQ_81,0.13232835,0.34415942,0,0,0,0.34415942
81_220_1178902_-_ATTGCACGCTCCCTGCT_16078164_yitI_81,0.007096553,0.008281715,0,0,0,0.008281715
81_240_3266377_-_TTGGAATTACTTTTGCT_16080235_yueD_81,0.022488547,0.38927412,0,0,0,0.38927412
81_200_3418576_-_GAGGCAGAACCTTTGCT_16080385_fhuB_81,0.1612019,0.077178024,0,0,0,0.1612019
81_187_2238896_+_ATGGCACTGAATTGGCG_16079179_yomW_81,0.43873045,0.60122913,0,1,1,0.60122913
81_180_2244967_+_ATGGAAAAGACATTGCT_16079189_yomM_81,0.7990696,0.81799436,1,1,1,0.81799436
81_138_1956312_-_GTGGAACGGATGCTGCG_16078886_yngI_81,0.956301,0.97347,1,1,1,0.97347
81_238_1882928_+_CTGGCTTACGAGTTGCA_16078815_ynaD_81,0.1453648,0.99609655,0,1,1,0.99609655
81_110_4076929_-_CTGGCAAGTCGCTTGAA_255767850_iolG_81,0.015836367,0.0033194667,0,0,0,0.015836367
81_188_4077007_-_TTGGAACGATGGCTGCA_255767850_iolG_81,0.06677268,0.7131267,0,1,1,0.7131267
80_250_3838302_+_ATGACAGGCTTATTGCT_16080792_albD_81,0.64287144,0.07318012,1,0,1,0.64287144
80_172_3985402_-_AAGGCGCGCTTCTTGCC_16080932_msmX_81,0.7409422,0.98278123,1,1,1,0.98278123
80_118_3934240_+_GCGGCGCCGTTTTTGCT_16080885_ywbF_81,0.50513965,0.60176986,1,1,1,0.60176986
80_32_3923287_+_ATTGCCCGCATGTTGCA_255767811_slrA_81,0.02969282,0.03660647,0,0,0,0.03660647
80_40_2784130_+_ATGGAACCGCCCTGGCT_16079777_yrhD_81,0.2799797,0.6135236,0,1,1,0.6135236
80_88_2447321_-_TTGGCGCAACGATCGCT_16079406_pupG_81,0.39155862,0.5567672,0,1,1,0.5567672
80_82_2275218_-_ATGGCATAGAAATTGAA_16079215_yokK_81,0.056549117,0.16415378,0,0,0,0.16415378
80_166_3608588_-_TTGGCGGAGCCGTTGCG_16080565_yvlB_81,0.17518699,0.9412519,0,1,1,0.9412519
80_174_3390838_-_TTGGCAGCACCAATGCT_255767753_yvzF_81,0.107337154,0.42331055,0,0,0,0.42331055
80_146_3422208_+_CCGGCCTGACCCTTGCT_16080389_yvgJ_81,0.0040420224,0.027262986,0,0,0,0.027262986
80_159_3243498_+_CTGGCAGCATGCCTGCT_16080209_yufQ_81,0.04061111,0.027998151,0,0,0,0.04061111
80_234_1206395_+_GTGGCTGACGAGTTGCT_50812218_med_81,0.21269456,0.7508024,0,1,1,0.7508024
80_97_1075261_-_TTGGTATACTGTTTGCA_255767234_trpP_81,0.39830616,0.40524787,0,0,0,0.40524787
80_162_1527179_-_TTGGCAATAGCCGTGCT_255767336_ykzV_81,0.85403675,0.26254934,1,0,1,0.85403675
80_75_1516548_-_GCGGCAAATTTCTTGCT_16078510_ykpC_81,0.18245824,0.8506235,0,1,1,0.8506235
80_107_483738_+_CAGGCATGGATTGTGCT_16077498_ydaN_81,0.59611994,0.87599486,1,1,1,0.87599486
